# https://github.com/mikedh/trimesh
v 0.97497746 0.09132232 -0.42963774
v 0.97362423 0.12546733 -0.42376345
v 0.96958115 0.16059465 -0.42043032
v 0.96289813 0.19636297 -0.41965985
v 0.95365706 0.23240294 -0.42144684
v 0.94197068 0.26832106 -0.42575966
v 0.92798042 0.30370546 -0.43254129
v 0.91185390 0.33813169 -0.44171057
v 0.89378225 0.37117002 -0.45316343
v 0.87397655 0.40239278 -0.46677500
v 0.85266472 0.43138269 -0.48240096
v 0.83008758 0.45774103 -0.49987985
v 0.80649540 0.48109598 -0.51903484
v 0.78214411 0.50111077 -0.53967588
v 0.75729181 0.51749117 -0.56160163
v 0.73219522 0.52999261 -0.58460163
v 0.70710677 0.53842588 -0.60845803
v 0.68227161 0.54266201 -0.63294760
v 0.65792508 0.54263562 -0.65784365
v 0.63429078 0.53834683 -0.68291757
v 0.61157872 0.52986134 -0.70794068
v 0.58998390 0.51730958 -0.73268589
v 0.56968552 0.50088314 -0.75692931
v 0.55084624 0.48083070 -0.78045174
v 0.53361200 0.45745210 -0.80304028
v 0.51811174 0.43109106 -0.82449004
v 0.50445784 0.40212725 -0.84460542
v 0.49274637 0.37096756 -0.86320173
v 0.48305734 0.33803682 -0.88010686
v 0.47545544 0.30376889 -0.89516247
v 0.46999040 0.26859743 -0.90822552
v 0.46669741 0.23294758 -0.91916969
v 0.46559744 0.19722835 -0.92788659
v 0.46669741 0.16182605 -0.93428704
v 0.46999040 0.12709857 -0.93830203
v 0.47545544 0.09337191 -0.93988373
v 0.48305734 0.06093705 -0.93900624
v 0.49274637 0.03004885 -0.93566624
v 0.50445784 0.00092597 -0.92988338
v 0.51811171 -0.02624779 -0.92170044
v 0.53361199 -0.05132148 -0.91118346
v 0.55084623 -0.07417349 -0.89842153
v 0.56968545 -0.09470813 -0.88352620
v 0.58998388 -0.11285175 -0.86663084
v 0.61157867 -0.12854805 -0.84788996
v 0.63429081 -0.14175470 -0.82747758
v 0.65792507 -0.15243908 -0.80558636
v 0.68227165 -0.16057555 -0.78242532
v 0.70710678 -0.16614255 -0.75821865
v 0.73219518 -0.16912129 -0.73320292
v 0.75729183 -0.16949476 -0.70762498
v 0.78214408 -0.16724761 -0.68173987
v 0.80649544 -0.16236726 -0.65580714
v 0.83008757 -0.15484541 -0.63008913
v 0.85266465 -0.14468051 -0.60484704
v 0.87397658 -0.13188050 -0.58033827
v 0.89378221 -0.11646660 -0.55681384
v 0.91185394 -0.09847629 -0.53451442
v 0.92798042 -0.07796778 -0.51366845
v 0.94197071 -0.05502272 -0.49448848
v 0.95365708 -0.02975066 -0.47716929
v 0.96289813 -0.00229092 -0.46188504
v 0.96958117 0.02718459 -0.44878748
v 0.97362423 0.05846933 -0.43800432
v 0.95741868 0.08752915 -0.41179229
v 0.95606250 0.12168561 -0.40591859
v 0.95201068 0.15682549 -0.40259172
v 0.94531339 0.19260733 -0.40183296
v 0.93605308 0.22866155 -0.40363660
v 0.92434321 0.26459447 -0.40797030
v 0.91032597 0.29999393 -0.41477630
v 0.89417003 0.33443516 -0.42397247
v 0.87606741 0.36748815 -0.43545388
v 0.85623033 0.39872496 -0.44909454
v 0.83488769 0.42772807 -0.46474918
v 0.81228137 0.45409839 -0.48225536
v 0.78866248 0.47746388 -0.50143542
v 0.76428777 0.49748756 -0.52209851
v 0.73941596 0.51387502 -0.54404271
v 0.71430424 0.52638156 -0.56705709
v 0.68920532 0.53481791 -0.59092354
v 0.66436445 0.53905503 -0.61541874
v 0.64001691 0.53902750 -0.64031607
v 0.61638603 0.53473561 -0.66538715
v 0.59368138 0.52624502 -0.69040376
v 0.57209748 0.51368645 -0.71513927
v 0.55181278 0.49725157 -0.73937049
v 0.53298928 0.47718928 -0.76287888
v 0.51577202 0.45379969 -0.78545240
v 0.50028922 0.42742671 -0.80688684
v 0.48665240 0.39845025 -0.82698745
v 0.47495684 0.36727751 -0.84557027
v 0.46528190 0.33433352 -0.86246381
v 0.45769166 0.30005237 -0.87751031
v 0.45223528 0.26486797 -0.89056726
v 0.44894768 0.22920562 -0.90150857
v 0.44784950 0.19347451 -0.91022617
v 0.44894768 0.15806108 -0.91663081
v 0.45223528 0.12332334 -0.92065350
v 0.45769166 0.08958733 -0.92224604
v 0.46528190 0.05714411 -0.92138224
v 0.47495684 0.02624852 -0.91805822
v 0.48665242 -0.00288082 -0.91229298
v 0.50028920 -0.03006010 -0.90412868
v 0.51577200 -0.05513846 -0.89363056
v 0.53298926 -0.07799442 -0.88088684
v 0.55181271 -0.09853237 -0.86600833
v 0.57209745 -0.11667871 -0.84912754
v 0.59368134 -0.13237731 -0.83039830
v 0.61638606 -0.14558592 -0.80999393
v 0.64001689 -0.15627204 -0.78810657
v 0.66436450 -0.16441001 -0.76494480
v 0.68920533 -0.16997842 -0.74073261
v 0.71430420 -0.17295849 -0.71570646
v 0.73941598 -0.17333310 -0.69011329
v 0.76428775 -0.17108701 -0.66420844
v 0.78866251 -0.16620750 -0.63825196
v 0.81228134 -0.15868622 -0.61250678
v 0.83488763 -0.14852144 -0.58723486
v 0.85623035 -0.13572111 -0.56269454
v 0.87606739 -0.12030619 -0.53913779
v 0.89417005 -0.10231405 -0.51680636
v 0.91032597 -0.08180277 -0.49592970
v 0.92434323 -0.05885389 -0.47672134
v 0.93605310 -0.03357683 -0.45937706
v 0.94531337 -0.00611081 -0.44407183
v 0.95201068 0.02337228 -0.43095808
v 0.95606250 0.05466594 -0.42016406
v 0.94003294 0.08370003 -0.39377767
v 0.93867238 0.11787525 -0.38790446
v 0.93460752 0.15303554 -0.38458657
v 0.92788909 0.18883917 -0.38384481
v 0.91860019 0.22491626 -0.38567280
v 0.90685541 0.26087275 -0.39003719
v 0.89279804 0.29629608 -0.39687914
v 0.87659816 0.33076109 -0.40611517
v 0.85844935 0.36383731 -0.41763887
v 0.83856533 0.39509633 -0.43132280
v 0.81717653 0.42412014 -0.44702023
v 0.79452628 0.45050934 -0.46456731
v 0.77086706 0.47389143 -0.48378507
v 0.74645672 0.49392917 -0.50448160
v 0.72155495 0.51032780 -0.52645405
v 0.69641964 0.52284249 -0.54949083
v 0.67130391 0.53128378 -0.57337340
v 0.64645320 0.53552260 -0.59787830
v 0.62210267 0.53549354 -0.62277902
v 0.59847529 0.53119690 -0.64784753
v 0.57578006 0.52269858 -0.67285616
v 0.55421068 0.51012947 -0.69757905
v 0.53394468 0.49368145 -0.72179394
v 0.51514295 0.47360383 -0.74528334
v 0.49794941 0.45019701 -0.76783627
v 0.48249107 0.42380521 -0.78924971
v 0.46887829 0.39480881 -0.80932998
v 0.45720520 0.36361534 -0.82789423
v 0.44755018 0.33065018 -0.84477192
v 0.43997639 0.29634783 -0.85980610
v 0.43453232 0.26114251 -0.87285491
v 0.43125233 0.22545982 -0.88379277
v 0.43015672 0.18970922 -0.89251188
v 0.43125233 0.15427737 -0.89892307
v 0.43453232 0.11952246 -0.90295718
v 0.43997639 0.08577063 -0.90456566
v 0.44755018 0.05331308 -0.90372174
v 0.45720520 0.02240460 -0.90042082
v 0.46887829 -0.00673612 -0.89468099
v 0.48249103 -0.03392535 -0.88654338
v 0.49794940 -0.05901235 -0.87607207
v 0.51514294 -0.08187570 -0.86335417
v 0.53394462 -0.10241996 -0.84849927
v 0.55421066 -0.12057163 -0.83163873
v 0.57578001 -0.13627473 -0.81292530
v 0.59847532 -0.14948716 -0.79253136
v 0.62210265 -0.16017654 -0.77064827
v 0.64645324 -0.16831732 -0.74748405
v 0.67130392 -0.17388813 -0.72326231
v 0.69641959 -0.17687023 -0.69821941
v 0.72155497 -0.17724651 -0.67260247
v 0.74645670 -0.17500169 -0.64666727
v 0.77086708 -0.17012297 -0.62067454
v 0.79452627 -0.16260183 -0.59488812
v 0.81717647 -0.15243645 -0.56957118
v 0.83856535 -0.13963457 -0.54498334
v 0.85844931 -0.12421699 -0.52137806
v 0.87659818 -0.10622086 -0.49899853
v 0.89279804 -0.08570406 -0.47807577
v 0.90685541 -0.06274799 -0.45882490
v 0.91860021 -0.03746188 -0.44144297
v 0.92788909 -0.00998488 -0.42610617
v 0.93460755 0.01951122 -0.41296802
v 0.93867238 0.05081987 -0.40215752
v 0.92289085 0.07982023 -0.37552464
v 0.92152390 0.11402537 -0.36965160
v 0.91744019 0.14921791 -0.36634614
v 0.91069098 0.18505578 -0.36562855
v 0.90136055 0.22116860 -0.36749141
v 0.88956487 0.25716178 -0.37190003
v 0.87544905 0.29262215 -0.37879387
v 0.85918517 0.32712390 -0.38808752
v 0.84096888 0.36023594 -0.39967259
v 0.82101616 0.39152912 -0.41341950
v 0.79955966 0.42058485 -0.42917937
v 0.77684476 0.44700306 -0.44678637
v 0.75312587 0.47041073 -0.46605969
v 0.72866252 0.49047013 -0.48680581
v 0.70371576 0.50688608 -0.50882058
v 0.67854447 0.51941340 -0.53189144
v 0.65340245 0.52786250 -0.55579924
v 0.62853538 0.53210413 -0.58032027
v 0.60417830 0.53207297 -0.60522813
v 0.58055368 0.52776936 -0.63029530
v 0.55786970 0.51925947 -0.65529488
v 0.53631896 0.50667441 -0.68000211
v 0.51607765 0.49020651 -0.70419598
v 0.49730512 0.47010553 -0.72766050
v 0.48014370 0.44667227 -0.75018621
v 0.46471872 0.42025158 -0.77157169
v 0.45113883 0.39122439 -0.79162488
v 0.43949663 0.35999877 -0.81016438
v 0.42986905 0.32700069 -0.82702101
v 0.42231800 0.29266516 -0.84203900
v 0.41689094 0.25742690 -0.85507743
v 0.41362142 0.22171200 -0.86601143
v 0.41252939 0.18593031 -0.87473348
v 0.41362142 0.15046885 -0.88115463
v 0.41689094 0.11568609 -0.88520537
v 0.42231800 0.08190841 -0.88683673
v 0.42986905 0.04942711 -0.88602110
v 0.43949663 0.01849711 -0.88275280
v 0.45113883 -0.01066291 -0.87704866
v 0.46471867 -0.03786928 -0.86894833
v 0.48014368 -0.06297127 -0.85851431
v 0.49730511 -0.08584767 -0.84583201
v 0.51607759 -0.10640315 -0.83100935
v 0.53631894 -0.12456443 -0.81417609
v 0.55786966 -0.14027573 -0.79548346
v 0.58055371 -0.15349509 -0.77510250
v 0.60417828 -0.16419028 -0.75322347
v 0.62853543 -0.17233592 -0.73005358
v 0.65340247 -0.17791068 -0.70581595
v 0.67854443 -0.18089589 -0.68074683
v 0.70371577 -0.18127452 -0.65509362
v 0.72866250 -0.17903110 -0.62911271
v 0.75312590 -0.17415276 -0.60306586
v 0.77684474 -0.16663087 -0.57721831
v 0.79955958 -0.15646333 -0.55183482
v 0.82101618 -0.14365771 -0.52717695
v 0.84096884 -0.12823451 -0.50350023
v 0.85918521 -0.11023063 -0.48105005
v 0.87544905 -0.08970371 -0.46005974
v 0.88956489 -0.06673489 -0.44074637
v 0.90136057 -0.04143326 -0.42330914
v 0.91069098 -0.01393779 -0.40792594
v 0.91744021 0.01557973 -0.39475179
v 0.92152390 0.04691281 -0.38391681
v 0.90608300 0.07587093 -0.35694467
v 0.90470699 0.11012240 -0.35107105
v 0.90059643 0.14536459 -0.34778248
v 0.89380352 0.18125483 -0.34709845
v 0.88441402 0.21742205 -0.34901013
v 0.87254595 0.25347087 -0.35348092
v 0.85834691 0.28898725 -0.36044794
v 0.84199170 0.32354443 -0.36982318
v 0.82367904 0.35671035 -0.38149532
v 0.80362805 0.38805489 -0.39533178
v 0.78207436 0.41715858 -0.41118081
v 0.75926638 0.44362036 -0.42887371
v 0.73546120 0.46706647 -0.44822709
v 0.71092073 0.48715840 -0.46904513
v 0.68590791 0.50360045 -0.49112189
v 0.66068310 0.51614694 -0.51424340
v 0.63550100 0.52460799 -0.53818963
v 0.61060770 0.52885417 -0.56273650
v 0.58623809 0.52882022 -0.58765777
v 0.56261399 0.52450653 -0.61272654
v 0.53994248 0.51597967 -0.63771699
v 0.51841466 0.50337114 -0.66240578
v 0.49820483 0.48687376 -0.68657373
v 0.47947034 0.46673793 -0.71000677
v 0.46235115 0.44326525 -0.73249768
v 0.44697036 0.41680124 -0.75384718
v 0.43343433 0.38772767 -0.77386539
v 0.42183348 0.35645347 -0.79237296
v 0.41224271 0.32340541 -0.80920257
v 0.40472219 0.28901926 -0.82420010
v 0.39931802 0.25373054 -0.83722586
v 0.39606262 0.21796602 -0.84815597
v 0.39497540 0.18213615 -0.85688335
v 0.39606262 0.14662850 -0.86331923
v 0.39931802 0.11180199 -0.86739370
v 0.40472219 0.07798336 -0.86905717
v 0.41224271 0.04546415 -0.86828081
v 0.42183348 0.01449948 -0.86505752
v 0.43343435 -0.01469195 -0.85940230
v 0.44697034 -0.04192641 -0.85135278
v 0.46235113 -0.06705335 -0.84096927
v 0.47947031 -0.08995163 -0.82833481
v 0.49820478 -0.11052614 -0.81355506
v 0.51841463 -0.12870382 -0.79675748
v 0.53994243 -0.14442907 -0.77809125
v 0.56261402 -0.15766026 -0.75772554
v 0.58623808 -0.16836526 -0.73584913
v 0.61060775 -0.17651892 -0.71266814
v 0.63550102 -0.18210001 -0.68840503
v 0.66068305 -0.18508994 -0.66329595
v 0.68590792 -0.18547165 -0.63758867
v 0.71092071 -0.18322960 -0.61154052
v 0.73546123 -0.17835077 -0.58541472
v 0.75926637 -0.17082633 -0.55947839
v 0.78207430 -0.16065395 -0.53399872
v 0.80362807 -0.14784081 -0.50923990
v 0.82367902 -0.13240710 -0.48546047
v 0.84199174 -0.11438940 -0.46290885
v 0.85834691 -0.09384501 -0.44182145
v 0.87254597 -0.07085481 -0.42241845
v 0.88441404 -0.04552762 -0.40490178
v 0.89380352 -0.01800232 -0.38945186
v 0.90059643 0.01154941 -0.37622578
v 0.90470699 0.04292095 -0.36535516
v 0.88972105 0.07182895 -0.33792863
v 0.88833246 0.10615014 -0.33205305
v 0.88418459 0.14146660 -0.32878683
v 0.87733097 0.17743482 -0.32814829
v 0.86785941 0.21368270 -0.33012672
v 0.85589066 0.24981375 -0.33468298
v 0.84157571 0.28541264 -0.34175095
v 0.82509322 0.32005132 -0.35123899
v 0.80664603 0.35329632 -0.36303186
v 0.78645750 0.38471618 -0.37699292
v 0.76476752 0.41389004 -0.39296637
v 0.74182858 0.44041563 -0.41077959
v 0.71790145 0.46391802 -0.43024567
v 0.69325129 0.48405771 -0.45116571
v 0.66814374 0.50053814 -0.47333116
v 0.64284116 0.51311290 -0.49652616
v 0.61759959 0.52159179 -0.52052940
v 0.59266567 0.52584511 -0.54511629
v 0.56827415 0.52580749 -0.57006073
v 0.54464603 0.52147969 -0.59513662
v 0.52198690 0.51292851 -0.62011958
v 0.50048585 0.50028610 -0.64478820
v 0.48031475 0.48374606 -0.66892563
v 0.46162808 0.46355963 -0.69232053
v 0.44456285 0.44002941 -0.71476850
v 0.42923899 0.41350205 -0.73607327
v 0.41575980 0.38436045 -0.75604783
v 0.40421274 0.35301467 -0.77451561
v 0.39467002 0.31989270 -0.79131181
v 0.38718948 0.28543143 -0.80628444
v 0.38181525 0.25006747 -0.81929557
v 0.37857848 0.21422858 -0.83022245
v 0.37749750 0.17832618 -0.83895887
v 0.37857848 0.14274860 -0.84541599
v 0.38181525 0.10785547 -0.84952367
v 0.38718948 0.07397405 -0.85123109
v 0.39467002 0.04139634 -0.85050804
v 0.40421274 0.01037773 -0.84734534
v 0.41575982 -0.01886288 -0.84175558
v 0.42923897 -0.04614177 -0.83377360
v 0.44456284 -0.07130839 -0.82345672
v 0.46162806 -0.09424175 -0.81088489
v 0.48031468 -0.11484698 -0.79616057
v 0.50048583 -0.13305124 -0.77940823
v 0.52198685 -0.14879923 -0.76077419
v 0.54464606 -0.16204951 -0.74042520
v 0.56827413 -0.17277038 -0.71854806
v 0.59266571 -0.18093676 -0.69534737
v 0.61759961 -0.18652764 -0.67104482
v 0.64284112 -0.18952449 -0.64587639
v 0.66814375 -0.18991021 -0.62009047
v 0.69325127 -0.18766920 -0.59394570
v 0.71790148 -0.18278822 -0.56770730
v 0.74182856 -0.17525820 -0.54164513
v 0.76476745 -0.16507647 -0.51602957
v 0.78645752 -0.15224980 -0.49112854
v 0.80664600 -0.13679799 -0.46720464
v 0.82509324 -0.11875714 -0.44451059
v 0.84157571 -0.09818421 -0.42328698
v 0.85589068 -0.07515967 -0.40375819
v 0.86785943 -0.04979214 -0.38613001
v 0.87733097 -0.02222029 -0.37058630
v 0.88418459 0.00738417 -0.35728693
v 0.88833246 0.03881448 -0.34636569
v 0.87393625 0.06766695 -0.31834797
v 0.87253061 0.10209003 -0.31246816
v 0.86833217 0.13751449 -0.30923069
v 0.86139611 0.17359561 -0.30865243
v 0.85181312 0.20995988 -0.31072005
v 0.83970755 0.24620919 -0.31539103
v 0.82523498 0.28192648 -0.32259499
v 0.80857915 0.31668183 -0.33223543
v 0.78994846 0.35003987 -0.34419188
v 0.76957197 0.38156729 -0.35832223
v 0.74769530 0.41084132 -0.37446525
v 0.72457632 0.43745795 -0.39244318
v 0.70048085 0.46104065 -0.41206430
v 0.67567843 0.48124855 -0.43312550
v 0.65043830 0.49778386 -0.45541483
v 0.62502560 0.51039936 -0.47871376
v 0.59969814 0.51890409 -0.50279931
v 0.57470342 0.52316810 -0.52744608
v 0.55027606 0.52312595 -0.55242813
v 0.52663600 0.51877865 -0.57752036
v 0.50398699 0.51019353 -0.60250019
v 0.48251545 0.49750351 -0.62714877
v 0.46239003 0.48090322 -0.65125230
v 0.44376157 0.46064513 -0.67460292
v 0.42676312 0.43703316 -0.69700000
v 0.41151047 0.41041549 -0.71825116
v 0.39810288 0.38117660 -0.73817320
v 0.38662392 0.34972819 -0.75659318
v 0.37714224 0.31649983 -0.77334959
v 0.36971260 0.28193007 -0.78829324
v 0.36437662 0.24645703 -0.80128846
v 0.36116353 0.21050991 -0.81221413
v 0.36009060 0.17450144 -0.82096487
v 0.36116353 0.13882113 -0.82745205
v 0.36437662 0.10382962 -0.83160486
v 0.36971260 0.06985502 -0.83337119
v 0.37714224 0.03718999 -0.83271873
v 0.38662392 0.00609039 -0.82963565
v 0.39810290 -0.02322457 -0.82413130
v 0.41151045 -0.05057098 -0.81623689
v 0.42676310 -0.07579827 -0.80600571
v 0.44376155 -0.09878562 -0.79351361
v 0.46238997 -0.11943834 -0.77885890
v 0.48251542 -0.13768382 -0.76216202
v 0.50398695 -0.15346713 -0.74356566
v 0.52663604 -0.16674716 -0.72323333
v 0.55027604 -0.17749247 -0.70134918
v 0.57470347 -0.18567831 -0.67811599
v 0.59969815 -0.19128379 -0.65375438
v 0.62502555 -0.19429050 -0.62850025
v 0.65043832 -0.19468131 -0.60260282
v 0.67567841 -0.19244051 -0.57632256
v 0.70048089 -0.18755467 -0.54992746
v 0.72457630 -0.18001432 -0.52369099
v 0.74769524 -0.16981641 -0.49788793
v 0.76957199 -0.15696719 -0.47279125
v 0.78994841 -0.14148601 -0.44866898
v 0.80857918 -0.12340841 -0.42577948
v 0.82523498 -0.10279087 -0.40436919
v 0.83970755 -0.07971349 -0.38466804
v 0.85181312 -0.05428457 -0.36688694
v 0.86139609 -0.02664269 -0.35121442
v 0.86833220 0.00304039 -0.33781402
v 0.87253061 0.03455768 -0.32682260
v 0.85887514 0.06335449 -0.29805943
v 0.85744693 0.09792209 -0.29217198
v 0.85318148 0.13349909 -0.28897060
v 0.84613623 0.16973908 -0.28847019
v 0.83640543 0.20626661 -0.29065422
v 0.82411842 0.24268136 -0.29547553
v 0.80943655 0.27856389 -0.30285834
v 0.79255031 0.31348179 -0.31269980
v 0.77367530 0.34699713 -0.32487258
v 0.75304810 0.37867401 -0.33922748
v 0.73092174 0.40808715 -0.35559620
v 0.70756127 0.43483022 -0.37379414
v 0.68323906 0.45852454 -0.39362334
v 0.65823041 0.47882727 -0.41487522
v 0.63280936 0.49543904 -0.43733325
v 0.60724470 0.50811147 -0.46077543
v 0.58179669 0.51665264 -0.48497649
v 0.55671398 0.52093214 -0.50970992
v 0.53223114 0.52088450 -0.53474985
v 0.50856682 0.51651100 -0.55987246
v 0.48592240 0.50787965 -0.58485742
v 0.46448100 0.49512442 -0.60948904
v 0.44440717 0.47844126 -0.63355745
v 0.42584705 0.45808424 -0.65685923
v 0.40892859 0.43435915 -0.67919858
v 0.39376237 0.40761618 -0.70038802
v 0.38044236 0.37824192 -0.72024929
v 0.36904718 0.34665026 -0.73861406
v 0.35964091 0.31327303 -0.75532502
v 0.35227436 0.27855096 -0.77023655
v 0.34698584 0.24292425 -0.78321592
v 0.34380221 0.20682412 -0.79414398
v 0.34273927 0.17066514 -0.80291650
v 0.34380221 0.13483848 -0.80944501
v 0.34698584 0.09970621 -0.81365785
v 0.35227436 0.06559768 -0.81550117
v 0.35964091 0.03280655 -0.81494001
v 0.36904718 0.00158944 -0.81195900
v 0.38044236 -0.02783390 -0.80656337
v 0.39376233 -0.05527925 -0.79877952
v 0.40892856 -0.08059596 -0.78865569
v 0.42584703 -0.10366314 -0.77626234
v 0.44440712 -0.12438636 -0.76169247
v 0.46448098 -0.14269327 -0.74506140
v 0.48592234 -0.15852925 -0.72650706
v 0.50856685 -0.17185364 -0.70618884
v 0.53223112 -0.18263521 -0.68428760
v 0.55671403 -0.19084964 -0.66100375
v 0.58179670 -0.19647617 -0.63655668
v 0.60724465 -0.19949655 -0.61118221
v 0.63280938 -0.19989365 -0.58513076
v 0.65823039 -0.19765162 -0.55866527
v 0.68323909 -0.19275667 -0.53205740
v 0.70756126 -0.18519902 -0.50558543
v 0.73092168 -0.17497508 -0.47952996
v 0.75304811 -0.16209059 -0.45417053
v 0.77367528 -0.14656417 -0.42978229
v 0.79255035 -0.12843089 -0.40663120
v 0.80943655 -0.10774661 -0.38497117
v 0.82411844 -0.08459101 -0.36503940
v 0.83640545 -0.05907210 -0.34705368
v 0.84613621 -0.03132842 -0.33120843
v 0.85318148 -0.00153187 -0.31767231
v 0.85744693 0.03011008 -0.30658587
v 0.84469041 0.05885984 -0.27691375
v 0.84323299 0.09362630 -0.27101389
v 0.83888097 0.12941240 -0.26785657
v 0.83169459 0.16586948 -0.26745430
v 0.82177274 0.20261944 -0.26978637
v 0.80925087 0.23925909 -0.27479998
v 0.79429791 0.27536583 -0.28241228
v 0.77711287 0.31050393 -0.29251241
v 0.75792058 0.34423208 -0.30496432
v 0.73696714 0.37611097 -0.31960981
v 0.71451515 0.40571209 -0.33627147
v 0.69083878 0.43262590 -0.35475608
v 0.66621880 0.45647098 -0.37485767
v 0.64093793 0.47690193 -0.39636059
v 0.61527637 0.49361735 -0.41904247
v 0.58950768 0.50636707 -0.44267682
v 0.56389528 0.51495812 -0.46703533
v 0.53868945 0.51925943 -0.49188999
v 0.51412475 0.51920529 -0.51701499
v 0.49041838 0.51479744 -0.54218790
v 0.46776878 0.50610476 -0.56719119
v 0.44635501 0.49326248 -0.59181307
v 0.42633652 0.47646835 -0.61584848
v 0.40785359 0.45597848 -0.63909959
v 0.39102784 0.43210110 -0.66137653
v 0.37596323 0.40518900 -0.68249804
v 0.36274726 0.37563157 -0.70229188
v 0.35145224 0.34384564 -0.72059555
v 0.34213657 0.31026593 -0.73725693
v 0.33484596 0.27533611 -0.75213497
v 0.32961474 0.23949924 -0.76510042
v 0.32646675 0.20318920 -0.77603668
v 0.32541588 0.16682305 -0.78484089
v 0.32646675 0.13079424 -0.79142470
v 0.32961474 0.09546687 -0.79571545
v 0.33484596 0.06117201 -0.79765695
v 0.34213657 0.02820473 -0.79721089
v 0.35145224 -0.00317718 -0.79435752
v 0.36274728 -0.03275317 -0.78909672
v 0.37596321 -0.06033842 -0.78144897
v 0.39102783 -0.08578201 -0.77145599
v 0.40785358 -0.10896296 -0.75918161
v 0.42633646 -0.12978688 -0.74471207
v 0.44635499 -0.14818177 -0.72815627
v 0.46776873 -0.16409331 -0.70964624
v 0.49041841 -0.17748118 -0.68933623
v 0.51412474 -0.18831462 -0.66740300
v 0.53868950 -0.19656950 -0.64404408
v 0.56389529 -0.20222549 -0.61947739
v 0.58950763 -0.20526436 -0.59393880
v 0.61527639 -0.20566896 -0.56768034
v 0.64093790 -0.20342332 -0.54096821
v 0.66621883 -0.19851334 -0.51407885
v 0.69083877 -0.19092878 -0.48729673
v 0.71451509 -0.18066543 -0.46090993
v 0.73696715 -0.16772836 -0.43520642
v 0.75792054 -0.15213559 -0.41047057
v 0.77711291 -0.13392143 -0.38697790
v 0.79429791 -0.11314120 -0.36499200
v 0.80925089 -0.08987411 -0.34475938
v 0.82177274 -0.06422796 -0.32650653
v 0.83169457 -0.03634129 -0.31043554
v 0.83888099 -0.00638634 -0.29672146
v 0.84323299 0.02542871 -0.28550973
v 0.83152681 0.05415286 -0.25476917
v 0.83003266 0.08918456 -0.24885048
v 0.82557160 0.12524868 -0.24574553
v 0.81820745 0.16199356 -0.24546384
v 0.80804471 0.19903777 -0.24797963
v 0.79522667 0.23597426 -0.25323294
v 0.77993148 0.27237643 -0.26113232
v 0.76236880 0.30780426 -0.27155694
v 0.74277494 0.34181210 -0.28435994
v 0.72140790 0.37395630 -0.29937188
v 0.69854211 0.40380410 -0.31640416
v 0.67446314 0.43094209 -0.33525271
v 0.64946228 0.45498507 -0.35570161
v 0.62383154 0.47558447 -0.37752642
v 0.59785885 0.49243620 -0.40049741
v 0.57182377 0.50528794 -0.42438241
v 0.54599382 0.51394518 -0.44894925
v 0.52062140 0.51827600 -0.47396797
v 0.49594123 0.51821450 -0.49921258
v 0.47216878 0.51376281 -0.52446235
v 0.44949910 0.50499091 -0.54950302
v 0.42810630 0.49203565 -0.57412747
v 0.40814370 0.47509700 -0.59813647
v 0.38974444 0.45443366 -0.62133891
v 0.37302241 0.43035695 -0.64355218
v 0.35807360 0.40322305 -0.66460245
v 0.34497743 0.37342486 -0.68432499
v 0.33379868 0.34138296 -0.70256420
v 0.32458860 0.30753592 -0.71917444
v 0.31738697 0.27233115 -0.73401997
v 0.31222301 0.23621539 -0.74697594
v 0.30911689 0.19962605 -0.75792875
v 0.30808023 0.16298349 -0.76677719
v 0.30911689 0.12668418 -0.77343302
v 0.31222301 0.09109493 -0.77782224
v 0.31738697 0.05654914 -0.77988585
v 0.32458860 0.02334390 -0.77958132
v 0.33379868 -0.00826144 -0.77688341
v 0.34497746 -0.03804503 -0.77178559
v 0.35807356 -0.06582122 -0.76430093
v 0.37302240 -0.09143848 -0.75446323
v 0.38974443 -0.11477562 -0.74232809
v 0.40814363 -0.13573821 -0.72797357
v 0.42810629 -0.15425439 -0.71150067
v 0.44949906 -0.17027018 -0.69303424
v 0.47216882 -0.18374563 -0.67272232
v 0.49594122 -0.19465035 -0.65073669
v 0.52062145 -0.20296067 -0.62727150
v 0.54599384 -0.20865639 -0.60254294
v 0.57182372 -0.21171947 -0.57678708
v 0.59785887 -0.21213290 -0.55025817
v 0.62383151 -0.20988029 -0.52322648
v 0.64946232 -0.20494736 -0.49597454
v 0.67446312 -0.19732328 -0.46879466
v 0.69854205 -0.18700316 -0.44198418
v 0.72140792 -0.17399151 -0.41584176
v 0.74277492 -0.15830539 -0.39066322
v 0.76236884 -0.13997852 -0.36673606
v 0.77993148 -0.11906557 -0.34433588
v 0.79522670 -0.09564538 -0.32372084
v 0.80804473 -0.06982554 -0.30512827
v 0.81820743 -0.04174480 -0.28876978
v 0.82557163 -0.01157596 -0.27482848
v 0.83003266 0.02047177 -0.26345583
v 0.81950254 0.04920902 -0.23151023
v 0.81796334 0.08458338 -0.22556477
v 0.81336855 0.12100569 -0.22252040
v 0.80578631 0.15812049 -0.22238304
v 0.79532802 0.19554204 -0.22512079
v 0.78214621 0.23285859 -0.23066521
v 0.76643041 0.26963837 -0.23891432
v 0.74840309 0.30543610 -0.24973535
v 0.72831444 0.33980068 -0.26296836
v 0.70643692 0.37228299 -0.27843031
v 0.68305935 0.40244510 -0.29591900
v 0.65848112 0.42986860 -0.31521728
v 0.63300629 0.45416368 -0.33609715
v 0.60693822 0.47497787 -0.35832340
v 0.58057432 0.49200361 -0.38165735
v 0.55420151 0.50498588 -0.40585988
v 0.52809241 0.51372834 -0.43069401
v 0.50250214 0.51809783 -0.45592722
v 0.47766578 0.51802820 -0.48133324
v 0.45379691 0.51352205 -0.50669316
v 0.43108664 0.50465066 -0.53179647
v 0.40970331 0.49155293 -0.55644152
v 0.38979296 0.47443142 -0.58043597
v 0.37148037 0.45354816 -0.60359655
v 0.35487023 0.42921821 -0.62574926
v 0.34004901 0.40180190 -0.64672911
v 0.32708667 0.37169660 -0.66638012
v 0.31603882 0.33932761 -0.68455503
v 0.30694842 0.30513820 -0.70111569
v 0.29984794 0.26958057 -0.71593281
v 0.29476069 0.23310611 -0.72888660
v 0.29170238 0.19615672 -0.73986706
v 0.29068199 0.15915696 -0.74877480
v 0.29170238 0.12250723 -0.75552174
v 0.29476069 0.08657780 -0.76003215
v 0.29984794 0.05170521 -0.76224365
v 0.30694842 0.01818916 -0.76210860
v 0.31603882 -0.01370877 -0.75959523
v 0.32708669 -0.04376504 -0.75468920
v 0.34004899 -0.07179270 -0.74739477
v 0.35487022 -0.09763929 -0.73773629
v 0.37148035 -0.12118314 -0.72575948
v 0.38979291 -0.14232962 -0.71153263
v 0.40970329 -0.16100695 -0.69514743
v 0.43108660 -0.17716129 -0.67672012
v 0.45379695 -0.19075309 -0.65639143
v 0.47766576 -0.20175233 -0.63432733
v 0.50250219 -0.21013573 -0.61071799
v 0.52809243 -0.21588336 -0.58577775
v 0.55420146 -0.21897738 -0.55974307
v 0.58057434 -0.21940065 -0.53287098
v 0.60693819 -0.21713674 -0.50543693
v 0.63300633 -0.21217087 -0.47773089
v 0.65848110 -0.20449171 -0.45005475
v 0.68305929 -0.19409372 -0.42271731
v 0.70643694 -0.18098057 -0.39603009
v 0.72831442 -0.16516858 -0.37030292
v 0.74840313 -0.14669074 -0.34583783
v 0.76643041 -0.12560111 -0.32292507
v 0.78214623 -0.10197818 -0.30183694
v 0.79532804 -0.07592958 -0.28282384
v 0.80578629 -0.04759438 -0.26610911
v 0.81336857 -0.01714631 -0.25188550
v 0.81796334 0.01520400 -0.24031181
v 0.80868617 0.04401403 -0.20706972
v 0.80709327 0.07981675 -0.20108810
v 0.80233900 0.11668576 -0.19811183
v 0.79449654 0.15426093 -0.19814264
v 0.78368548 0.19215125 -0.20114140
v 0.77006928 0.22993913 -0.20702973
v 0.75385076 0.26718665 -0.21569338
v 0.73526756 0.30344203 -0.22698542
v 0.71458622 0.33824756 -0.24073064
v 0.69209622 0.37114764 -0.25672995
v 0.66810335 0.40169794 -0.27476518
v 0.64292337 0.42947393 -0.29460372
v 0.61687551 0.45408046 -0.31600323
v 0.59027651 0.47516006 -0.33871586
v 0.56343509 0.49240105 -0.36249224
v 0.53664698 0.50554522 -0.38708494
v 0.51019096 0.51439374 -0.41225119
v 0.48432553 0.51881213 -0.43775532
v 0.45928639 0.51873385 -0.46337048
v 0.43528512 0.51416200 -0.48887973
v 0.41250837 0.50516938 -0.51407677
v 0.39111794 0.49189720 -0.53876616
v 0.37125153 0.47455128 -0.56276339
v 0.35302425 0.45339757 -0.58589424
v 0.33653024 0.42875561 -0.60799455
v 0.32184490 0.40099073 -0.62890956
v 0.30902727 0.37050580 -0.64849333
v 0.29812236 0.33773169 -0.66660821
v 0.28916350 0.30311755 -0.68312468
v 0.28217473 0.26712134 -0.69792081
v 0.27717239 0.23020019 -0.71088274
v 0.27416715 0.19280153 -0.72190445
v 0.27316477 0.15535515 -0.73088870
v 0.27416715 0.11826629 -0.73774741
v 0.27717239 0.08190967 -0.74240287
v 0.28217473 0.04662570 -0.74478860
v 0.28916350 0.01271753 -0.74485111
v 0.29812236 -0.01955047 -0.74255087
v 0.30902729 -0.04995238 -0.73786445
v 0.32184488 -0.07829952 -0.73078587
v 0.33653023 -0.10443813 -0.72132838
v 0.35302423 -0.12824574 -0.70952636
v 0.37125148 -0.14962720 -0.69543667
v 0.39111792 -0.16851064 -0.67914020
v 0.41250832 -0.18484238 -0.66074335
v 0.43528515 -0.19858307 -0.64037834
v 0.45928637 -0.20970309 -0.61820455
v 0.48432557 -0.21817949 -0.59440767
v 0.51019098 -0.22399261 -0.56920004
v 0.53664693 -0.22712479 -0.54281881
v 0.56343511 -0.22755888 -0.51552444
v 0.59027649 -0.22527826 -0.48759864
v 0.61687554 -0.22026775 -0.45934033
v 0.64292335 -0.21251548 -0.43106281
v 0.66810327 -0.20201519 -0.40308845
v 0.69209622 -0.18876970 -0.37574406
v 0.71458618 -0.17279467 -0.34935606
v 0.73526758 -0.15412228 -0.32424370
v 0.75385076 -0.13280616 -0.30071448
v 0.77006930 -0.10892453 -0.27905740
v 0.78368550 -0.08258522 -0.25953842
v 0.79449652 -0.05392796 -0.24239458
v 0.80233902 -0.02312772 -0.22783009
v 0.80709327 0.00960298 -0.21601250
v 0.79907251 0.03856898 -0.18145277
v 0.79741738 0.07488919 -0.17542477
v 0.79247843 0.11229673 -0.17252285
v 0.78433454 0.15042591 -0.17274407
v 0.77311467 0.18887941 -0.17604105
v 0.75899476 0.22723284 -0.18232414
v 0.74219285 0.26504091 -0.19146506
v 0.72296392 0.30184427 -0.20330078
v 0.70159334 0.33717739 -0.21763850
v 0.67839000 0.37057700 -0.23426091
v 0.65367924 0.40159125 -0.25293144
v 0.62779555 0.42978861 -0.27339986
v 0.60107557 0.45476742 -0.29540736
v 0.57385153 0.47616442 -0.31869153
v 0.54644518 0.49366316 -0.34299069
v 0.51916251 0.50700149 -0.36804772
v 0.49228951 0.51597778 -0.39361311
v 0.46608875 0.52045586 -0.41944737
v 0.44079685 0.52036865 -0.44532284
v 0.41662332 0.51571986 -0.47102455
v 0.39374997 0.50658394 -0.49635081
v 0.37233134 0.49310493 -0.52111299
v 0.35249584 0.47549226 -0.54513531
v 0.33434776 0.45401641 -0.56825367
v 0.31796941 0.42900225 -0.59031485
v 0.30342380 0.40082096 -0.61117553
v 0.29075758 0.36988181 -0.63070104
v 0.28000394 0.33662227 -0.64876446
v 0.27118530 0.30149836 -0.66524593
v 0.26431610 0.26497497 -0.68003188
v 0.25940502 0.22751599 -0.69301482
v 0.25645689 0.18957545 -0.70409332
v 0.25547397 0.15158944 -0.71317239
v 0.25645689 0.11396902 -0.72016397
v 0.25940502 0.07709426 -0.72498795
v 0.26431610 0.04131042 -0.72757324
v 0.27118530 0.00692477 -0.72785948
v 0.28000394 -0.02579468 -0.72579856
v 0.29075760 -0.05661910 -0.72135659
v 0.30342380 -0.08535753 -0.71451595
v 0.31796940 -0.11185446 -0.70527750
v 0.33434776 -0.13598615 -0.69366259
v 0.35249578 -0.15765681 -0.67971537
v 0.37233132 -0.17679415 -0.66350446
v 0.39374993 -0.19334447 -0.64512523
v 0.41662335 -0.20726860 -0.62470046
v 0.44079683 -0.21853722 -0.60238215
v 0.46608879 -0.22712763 -0.57835110
v 0.49228952 -0.23302049 -0.55281759
v 0.51916246 -0.23619829 -0.52601977
v 0.54644520 -0.23664388 -0.49822222
v 0.57385151 -0.23434041 -0.46971402
v 0.60107560 -0.22927241 -0.44080449
v 0.62779554 -0.22142734 -0.41182009
v 0.65367916 -0.21079830 -0.38309894
v 0.67839005 -0.19738736 -0.35498542
v 0.70159330 -0.18120942 -0.32782506
v 0.72296396 -0.16229606 -0.30195681
v 0.74219285 -0.14070050 -0.27770806
v 0.75899478 -0.11650088 -0.25538698
v 0.77311469 -0.08980549 -0.23527734
v 0.78433452 -0.06075502 -0.21763198
v 0.79247845 -0.02952612 -0.20266821
v 0.79741738 0.00366632 -0.19056366
v 0.79055994 0.03289501 -0.15475887
v 0.78883500 0.06981833 -0.14867406
v 0.78368874 0.10785242 -0.14585089
v 0.77520642 0.14662516 -0.14628132
v 0.76352731 0.18573201 -0.14990892
v 0.74884133 0.22474069 -0.15663145
v 0.73138334 0.26319763 -0.16630518
v 0.71142763 0.30063470 -0.17874922
v 0.68928039 0.33657758 -0.19375135
v 0.66527216 0.37055426 -0.21107397
v 0.63974998 0.40210434 -0.23046015
v 0.61306925 0.43078828 -0.25163999
v 0.58558602 0.45619703 -0.27433642
v 0.55764978 0.47796085 -0.29827072
v 0.52959692 0.49575764 -0.32316748
v 0.50174496 0.50932085 -0.34875871
v 0.47438810 0.51844569 -0.37478720
v 0.44779360 0.52299397 -0.40100907
v 0.42219935 0.52289788 -0.42719553
v 0.39781280 0.51816186 -0.45313357
v 0.37481064 0.50886215 -0.47862633
v 0.35333957 0.49514585 -0.50349256
v 0.33351802 0.47722656 -0.52756580
v 0.31543850 0.45537990 -0.55069288
v 0.29917040 0.42993666 -0.57273255
v 0.28476326 0.40127474 -0.59355382
v 0.27225022 0.36981052 -0.61303434
v 0.26165149 0.33598920 -0.63105879
v 0.25297759 0.30027453 -0.64751787
v 0.24623257 0.26313932 -0.66230690
v 0.24141654 0.22505528 -0.67532554
v 0.23852802 0.18648407 -0.68647715
v 0.23756541 0.14786901 -0.69566915
v 0.23852802 0.10962799 -0.70281341
v 0.24141654 0.07214735 -0.70782713
v 0.24623257 0.03577797 -0.71063405
v 0.25297759 0.00083215 -0.71116631
v 0.26165149 -0.03241787 -0.70936613
v 0.27225024 -0.06373970 -0.70518826
v 0.28476324 -0.09293944 -0.69860231
v 0.29917038 -0.11985946 -0.68959533
v 0.31543849 -0.14437436 -0.67817459
v 0.33351796 -0.16638734 -0.66437022
v 0.35333955 -0.18582550 -0.64823751
v 0.37481059 -0.20263489 -0.62985974
v 0.39781283 -0.21677639 -0.60934949
v 0.42219934 -0.22822083 -0.58685076
v 0.44779365 -0.23694578 -0.56253920
v 0.47438811 -0.24293223 -0.53662306
v 0.50174491 -0.24616271 -0.50934175
v 0.52959694 -0.24662011 -0.48096472
v 0.55764976 -0.24428743 -0.45178936
v 0.58558605 -0.23914875 -0.42213669
v 0.61306923 -0.23119112 -0.39234808
v 0.63974992 -0.22040693 -0.36277907
v 0.66527218 -0.20679758 -0.33379388
v 0.68928035 -0.19037727 -0.30575910
v 0.71142768 -0.17117707 -0.27903586
v 0.73138334 -0.14924999 -0.25397363
v 0.74884135 -0.12467436 -0.23090189
v 0.76352733 -0.09755909 -0.21012428
v 0.77520639 -0.06804623 -0.19191115
v 0.78368874 -0.03631450 -0.17649452
v 0.78883500 -0.00258172 -0.16406317
v 0.78293383 0.02703673 -0.12719781
v 0.78113311 0.06463668 -0.12104665
v 0.77576183 0.10337265 -0.11830434
v 0.76691206 0.14286536 -0.11895738
v 0.75473428 0.18270226 -0.12293963
v 0.73943320 0.22244240 -0.13013551
v 0.72126197 0.26162300 -0.14038461
v 0.70051544 0.29976638 -0.15348700
v 0.67752226 0.33638850 -0.16920959
v 0.65263634 0.37100769 -0.18729294
v 0.62622797 0.40315421 -0.20745834
v 0.59867509 0.43237979 -0.22941467
v 0.57035471 0.45826714 -0.25286522
v 0.54163501 0.48043941 -0.27751368
v 0.51286820 0.49856841 -0.30306972
v 0.48438435 0.51238263 -0.32925361
v 0.45648665 0.52167370 -0.35579969
v 0.42944763 0.52630126 -0.38245915
v 0.40350677 0.52619675 -0.40900176
v 0.37886953 0.52136511 -0.43521641
v 0.35570734 0.51188471 -0.46091118
v 0.33415880 0.49790589 -0.48591241
v 0.31433182 0.47964674 -0.51006344
v 0.29630654 0.45738842 -0.53322257
v 0.28013872 0.43146832 -0.55526107
v 0.26586369 0.40227156 -0.57606098
v 0.25350027 0.37022251 -0.59551284
v 0.24305495 0.33577465 -0.61351363
v 0.23452565 0.29940041 -0.62996507
v 0.22790535 0.26158128 -0.64477197
v 0.22318516 0.22279771 -0.65784132
v 0.22035689 0.18351977 -0.66908155
v 0.21941483 0.14419888 -0.67840258
v 0.22035689 0.10526059 -0.68571605
v 0.22318516 0.06709826 -0.69093626
v 0.22790535 0.03006920 -0.69398138
v 0.23452565 -0.00550865 -0.69477549
v 0.24305495 -0.03935813 -0.69325056
v 0.25350029 -0.07124270 -0.68934915
v 0.26586367 -0.10096508 -0.68302725
v 0.28013870 -0.12836495 -0.67425733
v 0.29630653 -0.15331507 -0.66303162
v 0.31433177 -0.17571711 -0.64936538
v 0.33415878 -0.19549744 -0.63329986
v 0.35570728 -0.21260152 -0.61490554
v 0.37886956 -0.22699030 -0.59428423
v 0.40350676 -0.23863454 -0.57157168
v 0.42944768 -0.24751210 -0.54693820
v 0.45648666 -0.25360408 -0.52059005
v 0.48438430 -0.25689323 -0.49276829
v 0.51286822 -0.25736237 -0.46374774
v 0.54163499 -0.25499436 -0.43383497
v 0.57035475 -0.24977304 -0.40336377
v 0.59867507 -0.24168486 -0.37269156
v 0.62622789 -0.23072174 -0.34219291
v 0.65263636 -0.21688443 -0.31225324
v 0.67752222 -0.20018656 -0.28326218
v 0.70051548 -0.18065891 -0.25560451
v 0.72126197 -0.15835436 -0.22965355
v 0.73943322 -0.13335165 -0.20576185
v 0.75473430 -0.10576066 -0.18425429
v 0.76691206 -0.07572513 -0.16542022
v 0.77576185 -0.04342622 -0.14950738
v 0.78113311 -0.00908513 -0.13671670
v 0.77586053 0.02106351 -0.09909601
v 0.77398053 0.05939194 -0.09287105
v 0.76837388 0.09888262 -0.09020896
v 0.75913972 0.13914860 -0.09109062
v 0.74643999 0.17976883 -0.09543997
v 0.73049489 0.22029316 -0.10312758
v 0.71157639 0.26024901 -0.11397585
v 0.69000081 0.29914854 -0.12776510
v 0.66612005 0.33649752 -0.14424060
v 0.64031212 0.37180398 -0.16312047
v 0.61297158 0.40458845 -0.18410325
v 0.58449980 0.43439323 -0.20687592
v 0.55529556 0.46079247 -0.23112126
v 0.52574648 0.48340176 -0.25652473
v 0.49622134 0.50188635 -0.28278047
v 0.46706335 0.51596964 -0.30959636
v 0.43858519 0.52543935 -0.33669789
v 0.41106508 0.53015280 -0.36383095
v 0.38474430 0.53004049 -0.39076362
v 0.35982651 0.52510810 -0.41728650
v 0.33647795 0.51543592 -0.44321256
v 0.31482906 0.50117774 -0.46837578
v 0.29497705 0.48255644 -0.49262937
v 0.27698953 0.45985894 -0.51584324
v 0.26090842 0.43342950 -0.53790136
v 0.24675446 0.40366099 -0.55869903
v 0.23453191 0.37098604 -0.57813991
v 0.22423325 0.33586707 -0.59613342
v 0.21584343 0.29878560 -0.61259258
v 0.20934420 0.26023245 -0.62743173
v 0.20471738 0.22069728 -0.64056538
v 0.20194793 0.18065919 -0.65190706
v 0.20102597 0.14057830 -0.66136907
v 0.20194793 0.10088836 -0.66886287
v 0.20471738 0.06199036 -0.67429957
v 0.20934420 0.02424851 -0.67759167
v 0.21584343 -0.01201302 -0.67865487
v 0.22423325 -0.04651171 -0.67741054
v 0.23453193 -0.07900644 -0.67378874
v 0.24675444 -0.10929610 -0.66773145
v 0.26090840 -0.13721744 -0.65919614
v 0.27698951 -0.16264082 -0.64815967
v 0.29497698 -0.18546632 -0.63462206
v 0.31482902 -0.20561922 -0.61861014
v 0.33647790 -0.22304440 -0.60018145
v 0.35982654 -0.23770244 -0.57942686
v 0.38474429 -0.24956415 -0.55647371
v 0.41106513 -0.25860742 -0.53148706
v 0.43858521 -0.26481357 -0.50467132
v 0.46706330 -0.26816539 -0.47626946
v 0.49622135 -0.26864581 -0.44656212
v 0.52574646 -0.26623757 -0.41586551
v 0.55529559 -0.26092408 -0.38452682
v 0.58449978 -0.25269157 -0.35292032
v 0.61297151 -0.24153136 -0.32144034
v 0.64031214 -0.22744370 -0.29049448
v 0.66612000 -0.21044193 -0.26049621
v 0.69000085 -0.19055654 -0.23185508
v 0.71157639 -0.16784055 -0.20496910
v 0.73049491 -0.14237334 -0.18021471
v 0.74644001 -0.11426598 -0.15793898
v 0.75913970 -0.08366414 -0.13845095
v 0.76837391 -0.05075179 -0.12201471
v 0.77398053 -0.01575387 -0.10884379
v 0.76889524 0.01506785 -0.07088865
v 0.76693575 0.05414557 -0.06458570
v 0.76109287 0.09441171 -0.06200028
v 0.75147291 0.13547148 -0.06310763
v 0.73824917 0.17689516 -0.06782192
v 0.72165731 0.21822319 -0.07599991
v 0.70198798 0.25897309 -0.08744700
v 0.67957884 0.29864677 -0.10192388
v 0.65480494 0.33673951 -0.11915437
v 0.62806840 0.37274916 -0.13883415
v 0.59978792 0.40618609 -0.16063918
v 0.57038821 0.43658322 -0.18423459
v 0.54028980 0.46350608 -0.20928279
v 0.50989977 0.48656248 -0.23545096
v 0.47960349 0.50541114 -0.26241767
v 0.44975740 0.51977014 -0.28987844
v 0.42068378 0.52942332 -0.31754973
v 0.39266665 0.53422553 -0.34517205
v 0.36594932 0.53410644 -0.37251157
v 0.34073382 0.52907214 -0.39936047
v 0.31718147 0.51920510 -0.42553630
v 0.29541477 0.50466250 -0.45088040
v 0.27552058 0.48567182 -0.47525564
v 0.25755421 0.46252605 -0.49854317
v 0.24154399 0.43557624 -0.52063943
v 0.22749642 0.40522305 -0.54145260
v 0.21540142 0.37190762 -0.56089923
v 0.20523764 0.33610130 -0.57890094
v 0.19697741 0.29829489 -0.59538171
v 0.19059134 0.25898869 -0.61026524
v 0.18605216 0.21868175 -0.62347332
v 0.18333805 0.17786243 -0.63492448
v 0.18243497 0.13699976 -0.64453337
v 0.18333805 0.09653589 -0.65221097
v 0.18605216 0.05687967 -0.65786542
v 0.19059134 0.01840251 -0.66140341
v 0.19697741 -0.01856504 -0.66273237
v 0.20523764 -0.05373477 -0.66176315
v 0.21540142 -0.08686075 -0.65841345
v 0.22749638 -0.11773787 -0.65261141
v 0.24154397 -0.14619965 -0.64429973
v 0.25755419 -0.17211391 -0.63344008
v 0.27552051 -0.19537893 -0.62001751
v 0.29541475 -0.21591866 -0.60404468
v 0.31718142 -0.23367730 -0.58556645
v 0.34073386 -0.24861495 -0.56466293
v 0.36594930 -0.26070233 -0.54145341
v 0.39266670 -0.26991733 -0.51609784
v 0.42068380 -0.27624137 -0.48879903
v 0.44975735 -0.27965734 -0.45980205
v 0.47960351 -0.28014819 -0.42939344
v 0.50989975 -0.27769651 -0.39789925
v 0.54028983 -0.27228559 -0.36568011
v 0.57038819 -0.26390131 -0.33312720
v 0.59978784 -0.25253456 -0.30065466
v 0.62806842 -0.23818528 -0.26869225
v 0.65480488 -0.22086651 -0.23767726
v 0.67957886 -0.20060870 -0.20804388
v 0.70198798 -0.17746521 -0.18021482
v 0.72165733 -0.15151613 -0.15459041
v 0.73824919 -0.12287402 -0.13153980
v 0.75147287 -0.09168662 -0.11139161
v 0.76109289 -0.05814092 -0.09442632
v 0.76693575 -0.02246576 -0.08086994
v 0.76150606 0.00916030 -0.04309584
v 0.75947049 0.04896935 -0.03671521
v 0.75340185 0.08999168 -0.03419986
v 0.74341298 0.13182492 -0.03551996
v 0.72968818 0.17403091 -0.04058022
v 0.71247755 0.21614109 -0.04922455
v 0.69208965 0.25766332 -0.06124211
v 0.66888233 0.29808960 -0.07637502
v 0.64325266 0.33690525 -0.09432675
v 0.61562563 0.37359808 -0.11477168
v 0.58644286 0.40766891 -0.13736443
v 0.55615129 0.43864151 -0.16174931
v 0.52519215 0.46607308 -0.18756933
v 0.49399110 0.48956400 -0.21447428
v 0.46294929 0.50876659 -0.24212795
v 0.43243587 0.52339385 -0.27021394
v 0.40278233 0.53322584 -0.29844010
v 0.37427836 0.53811507 -0.32654163
v 0.34716935 0.53799023 -0.35428280
v 0.32165599 0.53285797 -0.38145704
v 0.29789503 0.52280264 -0.40788616
v 0.27600167 0.50798466 -0.43341829
v 0.25605312 0.48863614 -0.45792517
v 0.23809321 0.46505555 -0.48129852
v 0.22213751 0.43760067 -0.50344639
v 0.20817924 0.40667965 -0.52428897
v 0.19619478 0.37274170 -0.54375490
v 0.18614994 0.33626685 -0.56177711
v 0.17800504 0.29775491 -0.57828994
v 0.17172030 0.25771528 -0.59322578
v 0.16725989 0.21665618 -0.60651321
v 0.16459567 0.17507490 -0.61807533
v 0.16370965 0.13344913 -0.62782897
v 0.16459567 0.09222927 -0.63568471
v 0.16725989 0.05183182 -0.64154771
v 0.17172030 0.01263524 -0.64531915
v 0.17800504 -0.02502360 -0.64689863
v 0.18614994 -0.06085089 -0.64618709
v 0.19619480 -0.09459594 -0.64309056
v 0.20817920 -0.12604959 -0.63752410
v 0.22213751 -0.15504210 -0.62941650
v 0.23809319 -0.18143875 -0.61871514
v 0.25605306 -0.20513588 -0.60539102
v 0.27600166 -0.22605614 -0.58944349
v 0.29789499 -0.24414274 -0.57090548
v 0.32165602 -0.25935542 -0.54984717
v 0.34716933 -0.27166462 -0.52638027
v 0.37427841 -0.28104826 -0.50066012
v 0.40278235 -0.28748773 -0.47288814
v 0.43243581 -0.29096604 -0.44331154
v 0.46294931 -0.29146612 -0.41222264
v 0.49399107 -0.28897051 -0.37995693
v 0.52519220 -0.28346236 -0.34688796
v 0.55615127 -0.27492724 -0.31342305
v 0.58644278 -0.26335588 -0.27999524
v 0.61562566 -0.24874792 -0.24705538
v 0.64325262 -0.23111623 -0.21506348
v 0.66888237 -0.21049138 -0.18447720
v 0.69208965 -0.18692716 -0.15574273
v 0.71247760 -0.16050456 -0.12928301
v 0.72968820 -0.13133760 -0.10548828
v 0.74341296 -0.09957624 -0.08470581
v 0.75340187 -0.06541046 -0.06723159
v 0.75947049 -0.02907299 -0.05330362
v 0.75311344 0.00346139 -0.01628454
v 0.75100947 0.04394016 -0.00983148
v 0.74473747 0.08565455 -0.00737693
v 0.73441644 0.12819519 -0.00888624
v 0.72024024 0.17111634 -0.01425598
v 0.70247221 0.21394109 -0.02331828
v 0.68143665 0.25616865 -0.03584804
v 0.65750963 0.29728207 -0.05157067
v 0.63110790 0.33675751 -0.07017147
v 0.60267692 0.37407376 -0.09130580
v 0.57267892 0.40872299 -0.11460905
v 0.54158068 0.44022065 -0.13970701
v 0.50984208 0.46811637 -0.16622525
v 0.47790540 0.49200378 -0.19379799
v 0.44618605 0.51152953 -0.22207565
v 0.41506458 0.52640185 -0.25073118
v 0.38488088 0.53639745 -0.27946457
v 0.35592978 0.54136664 -0.30800622
v 0.32845868 0.54123718 -0.33611856
v 0.30266715 0.53601630 -0.36359603
v 0.27870804 0.52578989 -0.39026409
v 0.25669012 0.51072145 -0.41597679
v 0.23668211 0.49104703 -0.44061372
v 0.21871771 0.46707030 -0.46407587
v 0.20280124 0.43915493 -0.48628152
v 0.18891404 0.40771587 -0.50716154
v 0.17702062 0.37320976 -0.52665517
v 0.16707535 0.33612439 -0.54470535
v 0.15902792 0.29696780 -0.56125556
v 0.15282930 0.25625764 -0.57624588
v 0.14843608 0.21451045 -0.58961088
v 0.14581448 0.17223174 -0.60127767
v 0.14494308 0.12990708 -0.61116493
v 0.14581448 0.08799440 -0.61918286
v 0.14843608 0.04691724 -0.62523392
v 0.15282930 0.00706053 -0.62921436
v 0.15902792 -0.03123302 -0.63101680
v 0.16707535 -0.06766447 -0.63053333
v 0.17702064 -0.10197863 -0.62765956
v 0.18891400 -0.13396260 -0.62229890
v 0.20280122 -0.16344356 -0.61436780
v 0.21871770 -0.19028438 -0.60380093
v 0.23668204 -0.21437956 -0.59055684
v 0.25669011 -0.23565039 -0.57462303
v 0.27870799 -0.25403930 -0.55602194
v 0.30266718 -0.26950541 -0.53481491
v 0.32845866 -0.28201892 -0.51110707
v 0.35592983 -0.29155771 -0.48504970
v 0.38488089 -0.29810318 -0.45684314
v 0.41506452 -0.30163837 -0.42673662
v 0.44618607 -0.30214619 -0.39502774
v 0.47790537 -0.29960920 -0.36206056
v 0.50984212 -0.29401041 -0.32822026
v 0.54158066 -0.28533526 -0.29392870
v 0.57267882 -0.27357425 -0.25963592
v 0.60267694 -0.25872691 -0.22581172
v 0.63110786 -0.24080607 -0.19293644
v 0.65750970 -0.21984249 -0.16148883
v 0.68143665 -0.19589042 -0.13193616
v 0.70247223 -0.16903178 -0.10472165
v 0.72024027 -0.13938202 -0.08025442
v 0.73441642 -0.10709324 -0.05889836
v 0.74473751 -0.07235818 -0.04096353
v 0.75100947 -0.03541320 -0.02669856
v 0.74314213 -0.00190929 0.00898249
v 0.74098126 0.03913343 0.01549725
v 0.73454033 0.08143024 0.01790289
v 0.72394318 0.12456595 0.01623778
v 0.70939184 0.16808838 0.01061232
v 0.69116037 0.21151374 0.00120390
v 0.66958627 0.25433397 -0.01175046
v 0.64506053 0.29602456 -0.02796251
v 0.61801627 0.33605412 -0.04710241
v 0.58891587 0.37389388 -0.06880984
v 0.55823855 0.40902871 -0.09270437
v 0.52646765 0.44096723 -0.11839631
v 0.49407840 0.46925269 -0.14549689
v 0.46152693 0.49347307 -0.17362739
v 0.42924043 0.51327021 -0.20242718
v 0.39760899 0.52834855 -0.23156028
v 0.36697947 0.53848176 -0.26072020
v 0.33765105 0.54351841 -0.28963326
v 0.30987284 0.54338557 -0.31806029
v 0.28384361 0.53809069 -0.34579649
v 0.25971305 0.52772120 -0.37267024
v 0.23758474 0.51244289 -0.39854042
v 0.21752037 0.49249532 -0.42329302
v 0.19954544 0.46818627 -0.44683657
v 0.18365504 0.43988454 -0.46909769
v 0.16982076 0.40801061 -0.49001605
v 0.15799745 0.37302730 -0.50953943
v 0.14812992 0.33542900 -0.52761917
v 0.14015928 0.29573052 -0.54420605
v 0.13402885 0.25445649 -0.55924650
v 0.12968901 0.21213043 -0.57267998
v 0.12710132 0.16926470 -0.58443687
v 0.12624153 0.12635152 -0.59443736
v 0.12710132 0.08385516 -0.60259123
v 0.12968901 0.04220509 -0.60879873
v 0.13402885 0.00179169 -0.61295207
v 0.14015928 -0.03703737 -0.61493805
v 0.14812992 -0.07397879 -0.61464148
v 0.15799747 -0.10877355 -0.61194934
v 0.16982076 -0.14120557 -0.60675556
v 0.18365502 -0.17109938 -0.59896635
v 0.19954542 -0.19831575 -0.58850597
v 0.21752032 -0.22274757 -0.57532265
v 0.23758470 -0.24431504 -0.55939432
v 0.25971301 -0.26295971 -0.54073470
v 0.28384364 -0.27864018 -0.51939796
v 0.30987282 -0.29132654 -0.49548385
v 0.33765111 -0.30099644 -0.46914038
v 0.36697948 -0.30763132 -0.44056707
v 0.39760893 -0.31121421 -0.41001491
v 0.42924045 -0.31172814 -0.37778597
v 0.46152689 -0.30915555 -0.34423140
v 0.49407845 -0.30347942 -0.30974612
v 0.52646763 -0.29468512 -0.27476406
v 0.55823846 -0.28276301 -0.23974933
v 0.58891589 -0.26771249 -0.20518746
v 0.61801620 -0.24954652 -0.17157574
v 0.64506059 -0.22829602 -0.13941023
v 0.66958627 -0.20401572 -0.10917570
v 0.69116039 -0.17678835 -0.08133224
v 0.70939186 -0.14673069 -0.05630452
v 0.72394318 -0.11399662 -0.03447027
v 0.73454038 -0.07878131 -0.01615108
v 0.74098126 -0.04132416 -0.00160454
v 0.73107826 -0.00684491 0.03220278
v 0.72887567 0.03461585 0.03876374
v 0.72231075 0.07734422 0.04113435
v 0.71151087 0.12092073 0.03935567
v 0.69668406 0.16488841 0.03354323
v 0.67811219 0.20875843 0.02388132
v 0.65614245 0.25201730 0.01061572
v 0.63117681 0.29413504 -0.00595527
v 0.60366025 0.33457454 -0.02549088
v 0.57406758 0.37280163 -0.04761926
v 0.54289056 0.40829568 -0.07194829
v 0.51062451 0.44056031 -0.09807713
v 0.47775598 0.46913408 -0.12560642
v 0.44475122 0.49360081 -0.15414796
v 0.41204610 0.51359882 -0.18333302
v 0.38003770 0.52882960 -0.21281911
v 0.34907801 0.53906481 -0.24229489
v 0.31946946 0.54415160 -0.27148369
v 0.29146242 0.54401643 -0.30014515
v 0.26525513 0.53866707 -0.32807497
v 0.24099503 0.52819196 -0.35510361
v 0.21878189 0.51275874 -0.38109344
v 0.19867246 0.49260928 -0.40593502
v 0.18068611 0.46805465 -0.42954244
v 0.16481133 0.43946719 -0.45184833
v 0.15101264 0.40727156 -0.47279868
v 0.13923774 0.37193519 -0.49234762
v 0.12942463 0.33395724 -0.51045242
v 0.12150810 0.29385757 -0.52706926
v 0.11542593 0.25216595 -0.54214914
v 0.11112392 0.20941106 -0.55563509
v 0.10856031 0.16611031 -0.56745983
v 0.10770880 0.12276085 -0.57754457
v 0.10856031 0.07983165 -0.58579892
v 0.11112392 0.03775658 -0.59212138
v 0.11542593 -0.00306993 -0.59640120
v 0.12150810 -0.04229651 -0.59852101
v 0.12942463 -0.07961661 -0.59836026
v 0.13923776 -0.11476840 -0.59579964
v 0.15101262 -0.14753338 -0.59072613
v 0.16481131 -0.17773404 -0.58303852
v 0.18068610 -0.20522963 -0.57265345
v 0.19867240 -0.22991185 -0.55951168
v 0.21878187 -0.25169988 -0.54358415
v 0.24099498 -0.27053476 -0.52487826
v 0.26525516 -0.28637475 -0.50344299
v 0.29146240 -0.29918963 -0.47937415
v 0.31946951 -0.30895695 -0.45281746
v 0.34907803 -0.31565821 -0.42397186
v 0.38003764 -0.31927643 -0.39308967
v 0.41204612 -0.31979460 -0.36047624
v 0.44475118 -0.31719524 -0.32648802
v 0.47775602 -0.31146128 -0.29152704
v 0.51062448 -0.30257795 -0.25603607
v 0.54289048 -0.29053561 -0.22048955
v 0.57406760 -0.27533368 -0.18538465
v 0.60366021 -0.25698509 -0.15123081
v 0.63117685 -0.23552097 -0.11853709
v 0.65614245 -0.21099648 -0.08780090
v 0.67811222 -0.18349498 -0.05949469
v 0.69668408 -0.15313423 -0.03405455
v 0.71151087 -0.12006944 -0.01186837
v 0.72231075 -0.08449761 0.00673380
v 0.72887567 -0.04666048 0.02148792
v 0.71652561 -0.01126308 0.05298862
v 0.71429904 0.03043856 0.05957626
v 0.70766310 0.07341552 0.06192711
v 0.69674719 0.11724587 0.06008376
v 0.68176255 0.16146994 0.05416447
v 0.66299570 0.20559592 0.04435762
v 0.64079925 0.24910730 0.03091392
v 0.61558157 0.29147086 0.01413752
v 0.58779434 0.33214632 -0.00562466
v 0.55791954 0.37059625 -0.02799410
v 0.52645595 0.40629704 -0.05257217
v 0.49390587 0.43874927 -0.07895150
v 0.46076230 0.46748896 -0.10672671
v 0.42749724 0.49209747 -0.13550422
v 0.39455158 0.51221105 -0.16491064
v 0.36232638 0.52752962 -0.19459971
v 0.33117658 0.53782356 -0.22425736
v 0.30140646 0.54293925 -0.25360520
v 0.27326716 0.54280284 -0.28240214
v 0.24695662 0.53742224 -0.31044416
v 0.22262100 0.52688645 -0.33756290
v 0.20035794 0.51136415 -0.36362269
v 0.18022132 0.49109864 -0.38851675
v 0.16222712 0.46640271 -0.41216223
v 0.14636001 0.43765091 -0.43449520
v 0.13258050 0.40527023 -0.45546528
v 0.12083221 0.36973066 -0.47503020
v 0.11104932 0.33153418 -0.49315057
v 0.10316293 0.29120352 -0.50978569
v 0.09710771 0.24927146 -0.52488912
v 0.09282692 0.20626957 -0.53840588
v 0.09027682 0.16271823 -0.55027007
v 0.08942992 0.11911741 -0.56040353
v 0.09027682 0.07593876 -0.56871561
v 0.09282692 0.03361871 -0.57510395
v 0.09710771 -0.00744597 -0.57945609
v 0.10316293 -0.04690180 -0.58165219
v 0.11104932 -0.08444031 -0.58156867
v 0.12083223 -0.11979806 -0.57908272
v 0.13258048 -0.15275514 -0.57407726
v 0.14636001 -0.18313296 -0.56644689
v 0.16222711 -0.21078971 -0.55610393
v 0.18022126 -0.23561643 -0.54298486
v 0.20035791 -0.25753185 -0.52705662
v 0.22262095 -0.27647657 -0.50832303
v 0.24695665 -0.29240863 -0.48683012
v 0.27326715 -0.30529769 -0.46267149
v 0.30140651 -0.31512125 -0.43599153
v 0.33117660 -0.32186080 -0.40698890
v 0.36232632 -0.32549936 -0.37591667
v 0.39455161 -0.32601987 -0.34308210
v 0.42749721 -0.32340497 -0.30884465
v 0.46076234 -0.31763746 -0.27361044
v 0.49390584 -0.30870258 -0.23782732
v 0.52645586 -0.29659071 -0.20197566
v 0.55791956 -0.28130121 -0.16655916
v 0.58779430 -0.26284709 -0.13209446
v 0.61558161 -0.24125959 -0.09909779
v 0.64079925 -0.21659410 -0.06807397
v 0.66299572 -0.18893437 -0.03950236
v 0.68176257 -0.15839869 -0.01382568
v 0.69674715 -0.12514315 0.00856234
v 0.70766314 -0.08936575 0.02732692
v 0.71429904 -0.05130955 0.04220016
v 0.69924998 -0.01511511 0.07111099
v 0.69701902 0.02663161 0.07770372
v 0.69036972 0.06965512 0.08005081
v 0.67943215 0.11353298 0.07819541
v 0.66441801 0.15780505 0.07225616
v 0.64561476 0.20197896 0.06242230
v 0.62337600 0.24553757 0.04894537
v 0.59811128 0.28794711 0.03213065
v 0.57027346 0.32866674 0.01232614
v 0.54034593 0.36715838 -0.01008834
v 0.50882881 0.40289785 -0.03471291
v 0.47622564 0.43538522 -0.06113905
v 0.44303065 0.46415592 -0.08896023
v 0.40971694 0.48879096 -0.11778185
v 0.37672630 0.50892616 -0.14722965
v 0.34446053 0.52426115 -0.17695670
v 0.31327515 0.53456611 -0.20664840
v 0.28347477 0.53968722 -0.23602601
v 0.25531068 0.53955060 -0.26484835
v 0.22898075 0.53416414 -0.29291143
v 0.20463092 0.52361703 -0.32004711
v 0.18235842 0.50807803 -0.34612010
v 0.16221662 0.48779082 -0.37102406
v 0.14422086 0.46306849 -0.39467675
v 0.12835509 0.43428589 -0.41701490
v 0.11457903 0.40187060 -0.43798881
v 0.10283566 0.36629298 -0.45755680
v 0.09305830 0.32805561 -0.47568018
v 0.08517750 0.28768175 -0.49231878
v 0.07912725 0.24570469 -0.50742669
v 0.07485038 0.20265656 -0.52094927
v 0.07230281 0.15905829 -0.53282085
v 0.07145678 0.11541040 -0.54296343
v 0.07230281 0.07218505 -0.55128633
v 0.07485038 0.02981912 -0.55768700
v 0.07912725 -0.01129015 -0.56205263
v 0.08517750 -0.05078891 -0.56426294
v 0.09305830 -0.08836836 -0.56419383
v 0.10283568 -0.12376469 -0.56172175
v 0.11457901 -0.15675777 -0.55672896
v 0.12835507 -0.18716874 -0.54910919
v 0.14422085 -0.21485571 -0.53877400
v 0.16221657 -0.23970951 -0.52565908
v 0.18235840 -0.26164881 -0.50973061
v 0.20463086 -0.28061408 -0.49099176
v 0.22898078 -0.29656342 -0.46948799
v 0.25531066 -0.30946636 -0.44531249
v 0.28347482 -0.31930047 -0.41860943
v 0.31327517 -0.32604718 -0.38957738
v 0.34446047 -0.32968953 -0.35846958
v 0.37672632 -0.33021051 -0.32559364
v 0.40971691 -0.32759266 -0.29130957
v 0.44303070 -0.32181885 -0.25602428
v 0.47622562 -0.31287432 -0.22018655
v 0.50882870 -0.30074941 -0.18427786
v 0.54034595 -0.28544351 -0.14880313
v 0.57027341 -0.26696958 -0.11428031
v 0.59811132 -0.24535896 -0.08122701
v 0.62337600 -0.22066704 -0.05014948
v 0.64561478 -0.19297766 -0.02152830
v 0.66441803 -0.16240923 0.00419254
v 0.67943215 -0.12911795 0.02661836
v 0.69036972 -0.09330203 0.04541320
v 0.69701902 -0.05520483 0.06030885
v 0.67920708 -0.01839180 0.08652660
v 0.67699138 0.02320072 0.09310216
v 0.67038752 0.06606508 0.09546187
v 0.65952413 0.10978045 0.09364777
v 0.64461087 0.15388841 0.08777677
v 0.62593222 0.19789847 0.07803547
v 0.60383840 0.24129549 0.06467238
v 0.57873477 0.28354767 0.04798890
v 0.55107004 0.32411631 0.02832925
v 0.52132290 0.36246530 0.00606887
v 0.48998900 0.39807246 -0.01839652
v 0.45756746 0.43043975 -0.04466249
v 0.42454839 0.45910429 -0.07232639
v 0.39140117 0.48364859 -0.10099709
v 0.35856441 0.50370983 -0.13030329
v 0.32643739 0.51898863 -0.15990044
v 0.29537370 0.52925598 -0.18947572
v 0.26567678 0.53435858 -0.21875150
v 0.23759743 0.53422273 -0.24748703
v 0.21133372 0.52885630 -0.27547816
v 0.18703238 0.51834793 -0.30255602
v 0.16479204 0.50286597 -0.32858402
v 0.14466784 0.48265303 -0.35345420
v 0.12667732 0.45802108 -0.37708233
v 0.11080685 0.42934367 -0.39940292
v 0.09701874 0.39704682 -0.42036397
v 0.08525854 0.36159927 -0.43992151
v 0.07546204 0.32350177 -0.45803475
v 0.06756209 0.28327573 -0.47466149
v 0.06149474 0.24145258 -0.48975418
v 0.05720440 0.19856256 -0.50325692
v 0.05464821 0.15512472 -0.51510321
v 0.05379923 0.11163777 -0.52521460
v 0.05464821 0.06857212 -0.53350053
v 0.05720440 0.02636305 -0.53985905
v 0.06149474 -0.01459372 -0.54417850
v 0.06756209 -0.05394568 -0.54634011
v 0.07546204 -0.09138524 -0.54622170
v 0.08525854 -0.12664966 -0.54370202
v 0.09701872 -0.15951969 -0.53866586
v 0.11080683 -0.18981724 -0.53100966
v 0.12667729 -0.21740096 -0.52064773
v 0.14466778 -0.24216220 -0.50751849
v 0.16479201 -0.26401989 -0.49159067
v 0.18703233 -0.28291485 -0.47286974
v 0.21133374 -0.29880518 -0.45140301
v 0.23759741 -0.31166060 -0.42728510
v 0.26567683 -0.32145870 -0.40066102
v 0.29537372 -0.32818089 -0.37172953
v 0.32643733 -0.33181024 -0.34074338
v 0.35856443 -0.33232972 -0.30800896
v 0.39140113 -0.32972185 -0.27388435
v 0.42454843 -0.32396955 -0.23877383
v 0.45756744 -0.31505805 -0.20312296
v 0.48998891 -0.30297770 -0.16740941
v 0.52132293 -0.28772790 -0.13213394
v 0.55106998 -0.26932161 -0.09780994
v 0.57873481 -0.24779003 -0.06495038
v 0.60383840 -0.22318844 -0.03405673
v 0.62593229 -0.19560042 -0.00560524
v 0.64461089 -0.16514400 0.01996436
v 0.65952413 -0.13197489 0.04226109
v 0.67038752 -0.09629061 0.06095210
v 0.67699138 -0.05833367 0.07577150
v 0.65654778 -0.02112450 0.09938294
v 0.65436609 0.02012652 0.10592069
v 0.64786325 0.06263838 0.10830875
v 0.63716495 0.10599376 0.10658691
v 0.62247604 0.14973810 0.10086798
v 0.60407462 0.19338508 0.09133292
v 0.58230301 0.23642394 0.07822311
v 0.55755771 0.27832744 0.06183185
v 0.53027770 0.31856133 0.04249436
v 0.50093161 0.35659417 0.02057679
v 0.47000490 0.39190809 -0.00353463
v 0.43798694 0.42400913 -0.02944460
v 0.40535857 0.45243832 -0.05675910
v 0.37258098 0.47678150 -0.08509466
v 0.34008571 0.49667874 -0.11408660
v 0.30826634 0.51183306 -0.14339569
v 0.27747227 0.52201713 -0.17271302
v 0.24800431 0.52707874 -0.20176344
v 0.22011220 0.52694475 -0.23030715
v 0.19399444 0.52162268 -0.25813964
v 0.16979958 0.51120047 -0.28509034
v 0.14762929 0.49584495 -0.31101984
v 0.12754281 0.47579671 -0.33581645
v 0.10956256 0.45136523 -0.35939146
v 0.09368033 0.42292106 -0.38167451
v 0.07986415 0.39088677 -0.40260845
v 0.06806531 0.35572746 -0.42214422
v 0.05822524 0.31793993 -0.44023611
v 0.05028182 0.27804149 -0.45683766
v 0.04417569 0.23655934 -0.47189751
v 0.03985486 0.19401958 -0.48535698
v 0.03727931 0.15093708 -0.49714754
v 0.03642364 0.10780652 -0.50719000
v 0.03727931 0.06509450 -0.51539394
v 0.03985486 0.02323270 -0.52165885
v 0.04417569 -0.01738649 -0.52587536
v 0.05028182 -0.05641357 -0.52792828
v 0.05822524 -0.09354360 -0.52769963
v 0.06806533 -0.12851617 -0.52507336
v 0.07986413 -0.16111404 -0.51993986
v 0.09368031 -0.19116069 -0.51220163
v 0.10956253 -0.21851606 -0.50177915
v 0.12754276 -0.24307260 -0.48861689
v 0.14762927 -0.26474987 -0.47268928
v 0.16979953 -0.28348926 -0.45400691
v 0.19399447 -0.29924916 -0.43262131
v 0.22011219 -0.31199952 -0.40863028
v 0.24800436 -0.32171793 -0.38218068
v 0.27747228 -0.32838588 -0.35347175
v 0.30826628 -0.33198639 -0.32275511
v 0.34008573 -0.33250243 -0.29033448
v 0.37258094 -0.32991655 -0.25656366
v 0.40535861 -0.32421170 -0.22184111
v 0.43798691 -0.31537307 -0.18660517
v 0.47000482 -0.30339112 -0.15132512
v 0.50093163 -0.28826526 -0.11649229
v 0.53027766 -0.27000839 -0.08261003
v 0.55755775 -0.24865154 -0.05018095
v 0.58230301 -0.22424966 -0.01969609
v 0.60407466 -0.19688579 0.00837833
v 0.62247606 -0.16667716 0.03361186
v 0.63716491 -0.13377837 0.05562173
v 0.64786325 -0.09838545 0.07408208
v 0.65436609 -0.06073901 0.08873219
v 0.63160011 -0.02338142 0.11000093
v 0.62946891 0.01736676 0.11648341
v 0.62311599 0.05935943 0.11891438
v 0.61266265 0.10218443 0.11733023
v 0.59830669 0.14539292 0.11183781
v 0.58031659 0.18850473 0.10260949
v 0.55902301 0.23101557 0.08987615
v 0.53480920 0.27240489 0.07391897
v 0.50809969 0.31214517 0.05505981
v 0.47934810 0.34971170 0.03365090
v 0.44902479 0.38459307 0.01006442
v 0.41760450 0.41630145 -0.01531799
v 0.38555446 0.44438352 -0.04211503
v 0.35332356 0.46843008 -0.06995472
v 0.32133290 0.48808554 -0.09848218
v 0.28996759 0.50305631 -0.12736608
v 0.25957084 0.51311769 -0.15630330
v 0.23043957 0.51811910 -0.18502229
v 0.20282198 0.51798796 -0.21328475
v 0.17691727 0.51273165 -0.24088546
v 0.15287676 0.50243677 -0.26765129
v 0.13080669 0.48726800 -0.29343864
v 0.11077243 0.46746292 -0.31813017
v 0.09280370 0.44332729 -0.34163051
v 0.07690044 0.41522722 -0.36386192
v 0.06303927 0.38358026 -0.38475952
v 0.05118008 0.34884604 -0.40426665
v 0.04127258 0.31151551 -0.42233034
v 0.03326242 0.27209992 -0.43889749
v 0.02709682 0.23112030 -0.45391132
v 0.02272944 0.18909652 -0.46730870
v 0.02012426 0.14653734 -0.47901832
v 0.01925845 0.10393153 -0.48895960
v 0.02012426 0.06174004 -0.49704254
v 0.02272944 0.02038924 -0.50316854
v 0.02709682 -0.01973333 -0.50723190
v 0.03326242 -0.05828261 -0.50912246
v 0.04127258 -0.09495754 -0.50872885
v 0.05118010 -0.12950115 -0.50594246
v 0.06303923 -0.16169904 -0.50066226
v 0.07690044 -0.19137705 -0.49279964
v 0.09280369 -0.21839710 -0.48228439
v 0.11077237 -0.24265296 -0.46907002
v 0.13080667 -0.26406533 -0.45313948
v 0.15287670 -0.28257632 -0.43451102
v 0.17691730 -0.29814473 -0.41324251
v 0.20282197 -0.31074075 -0.38943649
v 0.23043962 -0.32034212 -0.36324267
v 0.25957085 -0.32693027 -0.33486099
v 0.28996753 -0.33048827 -0.30454150
v 0.32133292 -0.33099904 -0.27258396
v 0.35332353 -0.32844511 -0.23933581
v 0.38555450 -0.32280952 -0.20518690
v 0.41760448 -0.31407756 -0.17056486
v 0.44902471 -0.30223974 -0.13592649
v 0.47934812 -0.28729550 -0.10174914
v 0.50809965 -0.26925776 -0.06852124
v 0.53480924 -0.24815727 -0.03672989
v 0.55902301 -0.22404857 -0.00685071
v 0.58031661 -0.19701395 0.02066498
v 0.59830671 -0.16716948 0.04540064
v 0.61266263 -0.13466809 0.06698566
v 0.62311599 -0.09970368 0.08510447
v 0.62946891 -0.06251409 0.09950421
v 0.60483138 -0.02525973 0.11883769
v 0.60276387 0.01486099 0.12525190
v 0.59660023 0.05620544 0.12773860
v 0.58645614 0.09836800 0.12632981
v 0.57252041 0.14090696 0.12112468
v 0.55504940 0.18334987 0.11228488
v 0.53435890 0.22520058 0.10002779
v 0.51081546 0.26594686 0.08461926
v 0.48482517 0.30506982 0.06636417
v 0.45682274 0.34205304 0.04559718
v 0.42725934 0.37639328 0.02267255
v 0.39659123 0.40761047 -0.00204527
v 0.36526839 0.43525823 -0.02819117
v 0.33372419 0.45893379 -0.05540769
v 0.30236649 0.47828689 -0.08335231
v 0.27156975 0.49302827 -0.11170370
v 0.24166938 0.50293642 -0.14016601
v 0.21295747 0.50786282 -0.16847223
v 0.18568032 0.50773577 -0.19638577
v 0.16003810 0.50256215 -0.22370054
v 0.13618571 0.49242703 -0.25024010
v 0.11423535 0.47749231 -0.27585532
v 0.09426018 0.45799191 -0.30042167
v 0.07629931 0.43422673 -0.32383524
v 0.06036307 0.40655737 -0.34600881
v 0.04643904 0.37539503 -0.36686768
v 0.03449810 0.34119244 -0.38634537
v 0.02450060 0.30443327 -0.40437963
v 0.01640199 0.26562116 -0.42090893
v 0.01015804 0.22526935 -0.43586941
v 0.00572944 0.18388994 -0.44919242
v 0.00308538 0.14198405 -0.46080292
v 0.00220628 0.10003304 -0.47061862
v 0.00308538 0.05849080 -0.47854996
v 0.00572944 0.01777714 -0.48450078
v 0.01015804 -0.02172653 -0.48837001
v 0.01640199 -0.05968058 -0.49005394
v 0.02450060 -0.09578883 -0.48944946
v 0.03449810 -0.12979847 -0.48645758
v 0.04643902 -0.16149868 -0.48098798
v 0.06036305 -0.19071823 -0.47296368
v 0.07629929 -0.21732131 -0.46232608
v 0.09426012 -0.24120343 -0.44904029
v 0.11423531 -0.26228660 -0.43310021
v 0.13618567 -0.28051373 -0.41453377
v 0.16003813 -0.29584416 -0.39340701
v 0.18568031 -0.30824831 -0.36982856
v 0.21295752 -0.31770410 -0.34395184
v 0.24166940 -0.32419284 -0.31597775
v 0.27156970 -0.32769763 -0.28615442
v 0.30236651 -0.32820140 -0.25477667
v 0.33372416 -0.32568667 -0.22218395
v 0.36526842 -0.32013649 -0.18875525
v 0.39659121 -0.31153643 -0.15490469
v 0.42725925 -0.29987708 -0.12107323
v 0.45682274 -0.28515795 -0.08772064
v 0.48482512 -0.26739200 -0.05531639
v 0.51081550 -0.24660978 -0.02432797
v 0.53435890 -0.22286535 0.00478844
v 0.55504942 -0.19624008 0.03160057
v 0.57252043 -0.16684867 0.05570923
v 0.58645612 -0.13484206 0.07675946
v 0.59660023 -0.10041150 0.09444864
v 0.60276387 -0.06379142 0.10853382
v 0.57679650 -0.02687478 0.12643592
v 0.57480213 0.01253679 0.13277418
v 0.56885564 0.05314823 0.13532706
v 0.55906640 0.09456124 0.13412173
v 0.54561272 0.13634227 0.12924833
v 0.52873704 0.17802760 0.12085613
v 0.50873804 0.21913038 0.10914701
v 0.48596281 0.25914798 0.09436897
v 0.46079645 0.29757110 0.07680745
v 0.43365162 0.33389294 0.05677664
v 0.40495754 0.36761960 0.03461034
v 0.37514914 0.39827974 0.01065302
v 0.34465645 0.42543511 -0.01474884
v 0.31389509 0.44869004 -0.04125444
v 0.28325767 0.46770046 -0.06853553
v 0.25310646 0.48218201 -0.09628220
v 0.22376795 0.49191685 -0.12420693
v 0.19552876 0.49675876 -0.15204782
v 0.16863315 0.49663691 -0.17957020
v 0.14328250 0.49155776 -0.20656681
v 0.11963599 0.48160453 -0.23285722
v 0.09781277 0.46693597 -0.25828588
v 0.07789524 0.44778162 -0.28271977
v 0.05993341 0.42443706 -0.30604491
v 0.04394972 0.39725637 -0.32816312
v 0.02994454 0.36664363 -0.34898813
v 0.01790156 0.33304374 -0.36844203
v 0.00779352 0.29693193 -0.38645169
v -0.00041281 0.25880322 -0.40294586
v -0.00675161 0.21916202 -0.41785227
v -0.01125407 0.17851159 -0.43109584
v -0.01394494 0.13734437 -0.44259718
v -0.01484005 0.09613334 -0.45227197
v -0.01394494 0.05532442 -0.46003106
v -0.01125407 0.01532996 -0.46578116
v -0.00675161 -0.02347544 -0.46942645
v -0.00041281 -0.06075832 -0.47087076
v 0.00779352 -0.09622795 -0.47002040
v 0.01790158 -0.12963620 -0.46678766
v 0.02994449 -0.16077617 -0.46109471
v 0.04394970 -0.18947987 -0.45287778
v 0.05993340 -0.21561395 -0.44209196
v 0.07789519 -0.23907591 -0.42871588
v 0.09781275 -0.25978904 -0.41275607
v 0.11963595 -0.27769714 -0.39425181
v 0.14328253 -0.29276007 -0.37327868
v 0.16863313 -0.30494851 -0.34995246
v 0.19552881 -0.31424041 -0.32443097
v 0.22376797 -0.32061711 -0.29691634
v 0.25310640 -0.32406160 -0.26765462
v 0.28325769 -0.32455674 -0.23693498
v 0.31389506 -0.32208518 -0.20508781
v 0.34465650 -0.31663014 -0.17247964
v 0.37514912 -0.30817723 -0.13950907
v 0.40495746 -0.29671744 -0.10659894
v 0.43365164 -0.28225046 -0.07418866
v 0.46079643 -0.26478922 -0.04272594
v 0.48596286 -0.24436424 -0.01265582
v 0.50873804 -0.22102909 0.01558822
v 0.52873704 -0.19486421 0.04159552
v 0.54561274 -0.16598279 0.06498717
v 0.55906638 -0.13453367 0.08542609
v 0.56885566 -0.10070511 0.10262455
v 0.57480213 -0.06472774 0.11635110
v 0.54807996 -0.02834811 0.13336738
v 0.54616400 0.01031709 0.13962717
v 0.54045049 0.05015641 0.14225412
v 0.53104186 0.09077934 0.14126997
v 0.51810514 0.13176094 0.13675514
v 0.50186758 0.17264683 0.12884539
v 0.48260961 0.21295994 0.11772600
v 0.46065721 0.25220781 0.10362557
v 0.43637277 0.28989154 0.08680852
v 0.41014525 0.32551448 0.06756695
v 0.38238013 0.35859260 0.04621251
v 0.35348934 0.38866401 0.02306816
v 0.32388150 0.41529892 -0.00153971
v 0.29395309 0.43810942 -0.02728822
v 0.26408035 0.45675785 -0.05386449
v 0.23461249 0.47096518 -0.08097082
v 0.20586652 0.48051739 -0.10832860
v 0.17812326 0.48527067 -0.13568132
v 0.15162491 0.48515520 -0.16279621
v 0.12657435 0.48017681 -0.18946461
v 0.10313555 0.47041679 -0.21550160
v 0.08143535 0.45603043 -0.24074451
v 0.06156624 0.43724276 -0.26505095
v 0.04359024 0.41434339 -0.28829595
v 0.02754305 0.38767966 -0.31036920
v 0.01343894 0.35764798 -0.33117183
v 0.00127570 0.32468478 -0.35061335
v -0.00896053 0.28925654 -0.36860876
v -0.01729053 0.25184896 -0.38507610
v -0.02373763 0.21295712 -0.39993394
v -0.02832409 0.17307493 -0.41310009
v -0.03106806 0.13268564 -0.42449037
v -0.03198137 0.09225338 -0.43401822
v -0.03106806 0.05221569 -0.44159479
v -0.02832409 0.01297707 -0.44712994
v -0.02373763 -0.02509502 -0.45053349
v -0.01729053 -0.06167358 -0.45171737
v -0.00896053 -0.09647350 -0.45059821
v 0.00127572 -0.12925152 -0.44710047
v 0.01343894 -0.15980478 -0.44115981
v 0.02754303 -0.18796855 -0.43272702
v 0.04359022 -0.21361208 -0.42177203
v 0.06156618 -0.23663470 -0.40828809
v 0.08143533 -0.25696105 -0.39229554
v 0.10313551 -0.27453577 -0.37384619
v 0.12657438 -0.28931915 -0.35302599
v 0.15162489 -0.30128207 -0.32995863
v 0.17812331 -0.31040240 -0.30480680
v 0.20586654 -0.31666148 -0.27777419
v 0.23461244 -0.32004218 -0.24910468
v 0.26408037 -0.32052742 -0.21908156
v 0.29395307 -0.31809985 -0.18802549
v 0.32388156 -0.31274289 -0.15628972
v 0.35348931 -0.30444252 -0.12425622
v 0.38238004 -0.29318992 -0.09232823
v 0.41014527 -0.27898517 -0.06092340
v 0.43637273 -0.26184139 -0.03046598
v 0.46065728 -0.24178912 -0.00137666
v 0.48260961 -0.21888149 0.02593527
v 0.50186760 -0.19319816 0.05108266
v 0.51810516 -0.16485085 0.07370838
v 0.53104184 -0.13398618 0.09349456
v 0.54045051 -0.10078944 0.11016961
v 0.54616400 -0.06548731 0.12351444
v 0.51924079 -0.02979595 0.14017890
v 0.51740466 0.00812705 0.14636254
v 0.51192818 0.04719783 0.14906846
v 0.50290673 0.08703364 0.14831283
v 0.49049575 0.12721823 0.14416608
v 0.47490700 0.16730653 0.13675010
v 0.45640205 0.20683133 0.12623299
v 0.43528532 0.24531053 0.11282350
v 0.41189592 0.28225546 0.09676446
v 0.38659850 0.31717995 0.07832531
v 0.35977424 0.34960989 0.05779498
v 0.33181160 0.37909274 0.03547441
v 0.30309729 0.40520751 0.01166947
v 0.27400819 0.42757387 -0.01331538
v 0.24490391 0.44586077 -0.03918286
v 0.21612041 0.45979446 -0.06564771
v 0.18796509 0.46916480 -0.09244031
v 0.16071302 0.47383039 -0.11930951
v 0.13460444 0.47372230 -0.14602434
v 0.10984399 0.46884573 -0.17237450
v 0.08660075 0.45927997 -0.19817027
v 0.06500965 0.44517687 -0.22324144
v 0.04517373 0.42675669 -0.24743584
v 0.02716754 0.40430316 -0.27061694
v 0.01104060 0.37815675 -0.29266176
v -0.00317834 0.34870596 -0.31345831
v -0.01547700 0.31637892 -0.33290306
v -0.02585517 0.28163305 -0.35089855
v -0.03432077 0.24494486 -0.36735159
v -0.04088588 0.20679997 -0.38217131
v -0.04556355 0.16768291 -0.39526807
v -0.04836503 0.12806778 -0.40655259
v -0.04929797 0.08840987 -0.41593593
v -0.04836503 0.04913836 -0.42332956
v -0.04556355 0.01064999 -0.42864645
v -0.04088588 -0.02669487 -0.43180217
v -0.03432077 -0.06257556 -0.43271707
v -0.02585517 -0.09671249 -0.43131838
v -0.01547698 -0.12886716 -0.42754301
v -0.00317838 -0.15884059 -0.42134070
v 0.01104058 -0.18647117 -0.41267715
v 0.02716753 -0.21163061 -0.40153771
v 0.04517369 -0.23421994 -0.38793080
v 0.06500962 -0.25416496 -0.37189117
v 0.08660071 -0.27141107 -0.35348349
v 0.10984402 -0.28591883 -0.33280463
v 0.13460443 -0.29765930 -0.30998658
v 0.16071307 -0.30661017 -0.28519722
v 0.18796511 -0.31275272 -0.25864200
v 0.21612036 -0.31606972 -0.23056279
v 0.24490394 -0.31654399 -0.20123698
v 0.27400817 -0.31415841 -0.17097547
v 0.30309732 -0.30889655 -0.14011800
v 0.33181159 -0.30074484 -0.10902954
v 0.35977417 -0.28969478 -0.07809350
v 0.38659852 -0.27574702 -0.04770519
v 0.41189586 -0.25891499 -0.01826493
v 0.43528536 -0.23922924 0.00983144
v 0.45640205 -0.21674283 0.03619952
v 0.47490704 -0.19153466 0.06047609
v 0.49049577 -0.16371517 0.08232629
v 0.50290671 -0.13342892 0.10145204
v 0.51192822 -0.10085829 0.11759820
v 0.51740466 -0.06622613 0.13055828
v 0.49076693 -0.03131974 0.14734777
v 0.48900848 0.00590004 0.15346135
v 0.48376276 0.04424178 0.15624822
v 0.47511808 0.08333018 0.15571891
v 0.46321859 0.12275723 0.15193406
v 0.44826080 0.16208682 0.14500187
v 0.43048775 0.20086130 0.13507352
v 0.41018273 0.23860835 0.12233826
v 0.38766196 0.27484940 0.10701763
v 0.36326631 0.30910815 0.08935889
v 0.33735309 0.34092009 0.06962859
v 0.31028772 0.36984185 0.04810608
v 0.28243553 0.39546071 0.02507710
v 0.25415426 0.41740381 0.00082816
v 0.22578730 0.43534641 -0.02435871
v 0.19765771 0.44901976 -0.05021038
v 0.17006365 0.45821747 -0.07646587
v 0.14327471 0.46280041 -0.10287915
v 0.11752945 0.46270047 -0.12922082
v 0.09303438 0.45792232 -0.15527875
v 0.06996386 0.44854308 -0.18085830
v 0.04846099 0.43471134 -0.20578158
v 0.02863947 0.41664267 -0.22988654
v 0.01058631 0.39461516 -0.25302511
v -0.00563520 0.36896246 -0.27506167
v -0.01998181 0.34006570 -0.29587099
v -0.03242674 0.30834478 -0.31533644
v -0.04295593 0.27424850 -0.33334824
v -0.05156445 0.23824449 -0.34980197
v -0.05825317 0.20080934 -0.36459721
v -0.06302597 0.16241862 -0.37763683
v -0.06588734 0.12353768 -0.38882652
v -0.06684070 0.08461337 -0.39807480
v -0.06588734 0.04606697 -0.40529343
v -0.06302597 0.00828788 -0.41039833
v -0.05825317 -0.02837021 -0.41331083
v -0.05156445 -0.06359254 -0.41395941
v -0.04295593 -0.09710474 -0.41228181
v -0.03242674 -0.12867257 -0.40822734
v -0.01998181 -0.15810074 -0.40175953
v -0.00563521 -0.18523040 -0.39285901
v 0.01058629 -0.20993538 -0.38152632
v 0.02863941 -0.23211826 -0.36778500
v 0.04846097 -0.25170579 -0.35168407
v 0.06996383 -0.26864384 -0.33330112
v 0.09303442 -0.28289328 -0.31274393
v 0.11752943 -0.29442496 -0.29015282
v 0.14327476 -0.30321661 -0.26570105
v 0.17006366 -0.30924923 -0.23959593
v 0.19765766 -0.31250547 -0.21207761
v 0.22578732 -0.31296818 -0.18341787
v 0.25415423 -0.31062029 -0.15391816
v 0.28243557 -0.30544582 -0.12390514
v 0.31028770 -0.29743147 -0.09372727
v 0.33735301 -0.28656945 -0.06374851
v 0.36326633 -0.27286079 -0.03434240
v 0.38766192 -0.25631953 -0.00588585
v 0.41018277 -0.23697651 0.02124962
v 0.43048775 -0.21488469 0.04670398
v 0.44826085 -0.19012252 0.07013750
v 0.46321862 -0.16279936 0.09123715
v 0.47511806 -0.13305795 0.10972417
v 0.48376278 -0.10107806 0.12535956
v 0.48900848 -0.06707900 0.13794917
v 0.46304403 -0.03299966 0.15525119
v 0.46135835 0.00358186 0.16130349
v 0.45632867 0.04126100 0.16417039
v 0.44803668 0.07966927 0.16385708
v 0.43661585 0.11840620 0.16041490
v 0.42224827 0.15704396 0.15393904
v 0.40515940 0.19513369 0.14456462
v 0.38561264 0.23221215 0.13246245
v 0.36390249 0.26781008 0.11783385
v 0.34034741 0.30146029 0.10090511
v 0.31528218 0.33270726 0.08192165
v 0.28905052 0.36111599 0.06114242
v 0.26199754 0.38628152 0.03883416
v 0.23446307 0.40783779 0.01526648
v 0.20677524 0.42546596 -0.00929293
v 0.17924509 0.43890186 -0.03458222
v 0.15216221 0.44794256 -0.06034849
v 0.12579118 0.45245101 -0.08635037
v 0.10036917 0.45235977 -0.11235971
v 0.07610475 0.44767289 -0.13816244
v 0.05317743 0.43846566 -0.16355903
v 0.03173832 0.42488337 -0.18836411
v 0.01191138 0.40713736 -0.21240602
v -0.00620427 0.38550032 -0.23552548
v -0.02253206 0.36029973 -0.25757460
v -0.03701488 0.33190966 -0.27841546
v -0.04961209 0.30074252 -0.29791888
v -0.06029617 0.26723913 -0.31596302
v -0.06904996 0.23185886 -0.33243268
v -0.07586361 0.19507007 -0.34721825
v -0.08073220 0.15734008 -0.36021537
v -0.08365372 0.11912619 -0.37132477
v -0.08462758 0.08086764 -0.38045250
v -0.08365372 0.04297845 -0.38751047
v -0.08073220 0.00584141 -0.39241741
v -0.07586361 -0.03019578 -0.39509999
v -0.06904996 -0.06482372 -0.39549451
v -0.06029617 -0.09777255 -0.39354864
v -0.04961207 -0.12881193 -0.38922348
v -0.03701490 -0.15774962 -0.38249578
v -0.02253207 -0.18442924 -0.37336033
v -0.00620428 -0.20872634 -0.36183227
v 0.01191133 -0.23054471 -0.34794958
v 0.03173829 -0.24981185 -0.33177503
v 0.05317738 -0.26647393 -0.31339861
v 0.07610477 -0.28049181 -0.29293861
v 0.10036915 -0.29183632 -0.27054349
v 0.12579123 -0.30048482 -0.24639177
v 0.15216222 -0.30641816 -0.22069280
v 0.17924504 -0.30961885 -0.19368526
v 0.20677525 -0.31006971 -0.16563584
v 0.23446303 -0.30775390 -0.13683726
v 0.26199757 -0.30265570 -0.10760393
v 0.28905048 -0.29476235 -0.07826886
v 0.31528210 -0.28406667 -0.04917777
v 0.34034743 -0.27057043 -0.02068375
v 0.36390244 -0.25428813 0.00685840
v 0.38561266 -0.23525119 0.03310007
v 0.40515940 -0.21351263 0.05770417
v 0.42224831 -0.18915074 0.08035313
v 0.43661587 -0.16227396 0.10075451
v 0.44803666 -0.13302363 0.11864779
v 0.45632867 -0.10157723 0.13380919
v 0.46135835 -0.06815093 0.14605621
v 0.43634026 -0.03489147 0.16415147
v 0.43472039 0.00113312 0.17015267
v 0.42988602 0.03823314 0.17309615
v 0.42191285 0.07604610 0.17298225
v 0.41092456 0.11417820 0.16985369
v 0.39708998 0.15220900 0.16379374
v 0.38061861 0.18969739 0.15492280
v 0.36175560 0.22618828 0.14339475
v 0.34077572 0.26122058 0.12939251
v 0.31797682 0.29433542 0.11312306
v 0.29367327 0.32508517 0.09481260
v 0.26818893 0.35304235 0.07470141
v 0.24185062 0.37780894 0.05303899
v 0.21498177 0.39902499 0.03007948
v 0.18789677 0.41637678 0.00607763
v 0.16089580 0.42960433 -0.01871496
v 0.13426077 0.43850768 -0.04405257
v 0.10825189 0.44295158 -0.06969792
v 0.08310528 0.44286929 -0.09542381
v 0.05903156 0.43826420 -0.12101419
v 0.03621526 0.42920976 -0.14626481
v 0.01481498 0.41584846 -0.17098322
v -0.00503565 0.39838770 -0.19498872
v -0.02322625 0.37709533 -0.21811154
v -0.03966787 0.35229325 -0.24019231
v -0.05429050 0.32434932 -0.26108130
v -0.06704056 0.29366912 -0.28063747
v -0.07787816 0.26068647 -0.29872787
v -0.08677475 0.22585337 -0.31522722
v -0.09371051 0.18963082 -0.33001727
v -0.09867244 0.15247889 -0.34298694
v -0.10165241 0.11484781 -0.35403222
v -0.10264617 0.07717008 -0.36305683
v -0.10165241 0.03985344 -0.36997277
v -0.09867244 0.00327489 -0.37470123
v -0.09371051 -0.03222305 -0.37717377
v -0.08677475 -0.06633552 -0.37733388
v -0.07787816 -0.09879656 -0.37513834
v -0.06704054 -0.12937906 -0.37055912
v -0.05429055 -0.15789333 -0.36358518
v -0.03966789 -0.18418494 -0.35422429
v -0.02322626 -0.20813088 -0.34250522
v -0.00503571 -0.22963572 -0.32847927
v 0.01481494 -0.24862747 -0.31222197
v 0.03621521 -0.26505244 -0.29383485
v 0.05903159 -0.27887137 -0.27344603
v 0.08310526 -0.29005481 -0.25121166
v 0.10825194 -0.29857986 -0.22731524
v 0.13426078 -0.30442711 -0.20196822
v 0.16089575 -0.30757891 -0.17540814
v 0.18789679 -0.30801810 -0.14789724
v 0.21498174 -0.30572801 -0.11972042
v 0.24185065 -0.30069327 -0.09118108
v 0.26818891 -0.29290169 -0.06259825
v 0.29367320 -0.28234680 -0.03430111
v 0.31797685 -0.26903099 -0.00662415
v 0.34077568 -0.25296966 0.02009796
v 0.36175564 -0.23419464 0.04553738
v 0.38061861 -0.21275938 0.06937797
v 0.39709000 -0.18874204 0.09132238
v 0.41092458 -0.16225061 0.11109696
v 0.42191285 -0.13342525 0.12845774
v 0.42988604 -0.10244158 0.14319484
v 0.43472039 -0.06951317 0.15513634
v 0.41080661 -0.03702656 0.17419627
v 0.40924435 -0.00147038 0.18015681
v 0.40458099 0.03514165 0.18317139
v 0.39688685 0.07245210 0.18323594
v 0.38627691 0.11007295 0.18038553
v 0.37290841 0.14758997 0.17469286
v 0.35697661 0.18456879 0.16626522
v 0.33871048 0.22056131 0.15524146
v 0.31836732 0.25511363 0.14178814
v 0.29622690 0.28777382 0.12609523
v 0.27258539 0.31810123 0.10837184
v 0.24774916 0.34567486 0.08884172
v 0.22202891 0.37010256 0.06773913
v 0.19573368 0.39102974 0.04530466
v 0.16916579 0.40814710 0.02178163
v 0.14261592 0.42119828 -0.00258727
v 0.11635933 0.42998577 -0.02756260
v 0.09065259 0.43437595 -0.05291048
v 0.06573102 0.43430249 -0.07840443
v 0.04180731 0.42976819 -0.10382641
v 0.01907062 0.42084499 -0.12896774
v -0.00231357 0.40767278 -0.15362950
v -0.02220283 0.39045556 -0.17762273
v -0.04047660 0.36945700 -0.20076813
v -0.05703472 0.34499410 -0.22289591
v -0.07179557 0.31742930 -0.24384561
v -0.08469391 0.28716239 -0.26346554
v -0.09567875 0.25462102 -0.28161267
v -0.10471122 0.22025096 -0.29815251
v -0.11176262 0.18450687 -0.31295908
v -0.11681255 0.14784261 -0.32591506
v -0.11984759 0.11070244 -0.33691229
v -0.12086008 0.07351313 -0.34585224
v -0.11984759 0.03667712 -0.35264686
v -0.11681255 0.00056659 -0.35721955
v -0.11176262 -0.03448028 -0.35950624
v -0.10471122 -0.06816236 -0.35945665
v -0.09567875 -0.10021687 -0.35703579
v -0.08469389 -0.13041930 -0.35222525
v -0.07179561 -0.15858196 -0.34502497
v -0.05703474 -0.18455191 -0.33545441
v -0.04047660 -0.20820710 -0.32355442
v -0.02220288 -0.22945276 -0.30938836
v -0.00231359 -0.24821703 -0.29304320
v 0.01907057 -0.26444617 -0.27463091
v 0.04180734 -0.27810078 -0.25428857
v 0.06573100 -0.28915101 -0.23217924
v 0.09065264 -0.29757367 -0.20849113
v 0.11635935 -0.30334904 -0.18343771
v 0.14261587 -0.30645932 -0.15725572
v 0.16916581 -0.30688734 -0.13020361
v 0.19573366 -0.30461664 -0.10255956
v 0.22202894 -0.29963223 -0.07461736
v 0.24774915 -0.29192250 -0.04668379
v 0.27258530 -0.28148169 -0.01907353
v 0.29622694 -0.26831296 0.00789538
v 0.31836729 -0.25243243 0.03390587
v 0.33871050 -0.23387266 0.05864856
v 0.35697661 -0.21268755 0.08182578
v 0.37290846 -0.18895541 0.10315797
v 0.38627693 -0.16278394 0.12238803
v 0.39688683 -0.13431251 0.13928675
v 0.40458101 -0.10371532 0.15365645
v 0.40924435 -0.07120380 0.16533451
v 0.38648909 -0.03941450 0.18543065
v 0.38497572 -0.00423876 0.19136031
v 0.38045764 0.03197602 0.19443898
v 0.37300047 0.06887663 0.19465868
v 0.36271173 0.10607975 0.19204785
v 0.34973864 0.14317638 0.18667006
v 0.33426419 0.17973775 0.17862127
v 0.31650355 0.21532157 0.16802742
v 0.29669898 0.24947987 0.15504097
v 0.27511463 0.28176673 0.13983720
v 0.25203113 0.31174716 0.12261053
v 0.22773991 0.33900563 0.10357060
v 0.20253777 0.36315497 0.08293853
v 0.17672152 0.38384500 0.06094333
v 0.15058317 0.40077009 0.03781858
v 0.12440539 0.41367683 0.01379938
v 0.09845789 0.42236994 -0.01088002
v 0.07299420 0.42671697 -0.03598860
v 0.04824917 0.42665187 -0.06130028
v 0.02443746 0.42217704 -0.08659512
v 0.00175239 0.41336300 -0.11166046
v -0.01963443 0.40034747 -0.13629161
v -0.03957279 0.38333151 -0.16029227
v -0.05793319 0.36257526 -0.18347473
v -0.07460564 0.33839161 -0.20566005
v -0.08949833 0.31113850 -0.22667827
v -0.10253584 0.28121080 -0.24636838
v -0.11365739 0.24903100 -0.26457841
v -0.12281520 0.21503971 -0.28116589
v -0.12997277 0.17968634 -0.29599795
v -0.13510330 0.14341962 -0.30895184
v -0.13818864 0.10667885 -0.31991559
v -0.13921821 0.06988616 -0.32878869
v -0.13818864 0.03343967 -0.33548306
v -0.13510330 -0.00229237 -0.33992387
v -0.12997277 -0.03697522 -0.34205079
v -0.12281520 -0.07031073 -0.34181900
v -0.11365739 -0.10203859 -0.33920056
v -0.10253582 -0.13193629 -0.33418548
v -0.08949835 -0.15981764 -0.32678311
v -0.07460565 -0.18553074 -0.31702319
v -0.05793319 -0.20895421 -0.30495707
v -0.03957285 -0.22999355 -0.29065859
v -0.01963445 -0.24857695 -0.27422478
v 0.00175234 -0.26465053 -0.25577674
v 0.02443749 -0.27817454 -0.23545941
v 0.04824916 -0.28911873 -0.21344203
v 0.07299425 -0.29745956 -0.18991702
v 0.09845791 -0.30317705 -0.16509978
v 0.12440535 -0.30625321 -0.13922652
v 0.15058319 -0.30667091 -0.11255263
v 0.17672149 -0.30441383 -0.08535063
v 0.20253780 -0.29946743 -0.05790618
v 0.22773988 -0.29182063 -0.03051569
v 0.25203105 -0.28146833 -0.00348139
v 0.27511466 -0.26841454 0.02289259
v 0.29669896 -0.25267615 0.04830439
v 0.31650359 -0.23428643 0.07246033
v 0.33426419 -0.21329983 0.09507855
v 0.34973866 -0.18979498 0.11589484
v 0.36271175 -0.16387947 0.13466627
v 0.37300045 -0.13569220 0.15117621
v 0.38045766 -0.10540632 0.16523748
v 0.38497572 -0.07323163 0.17669542
v 0.36334930 -0.04204731 0.19781702
v 0.36187636 -0.00717041 0.20372448
v 0.35747818 0.02873155 0.20685925
v 0.35021662 0.06530866 0.20721016
v 0.34019288 0.10218142 0.20480003
v 0.32754577 0.13894503 0.19968472
v 0.31244809 0.17517518 0.19195071
v 0.29510342 0.21043441 0.18171313
v 0.27574147 0.24427946 0.16911261
v 0.25461336 0.27626929 0.15431213
v 0.23198673 0.30597356 0.13749385
v 0.20814059 0.33298115 0.11885561
v 0.18336015 0.35690900 0.09860759
v 0.15793210 0.37741038 0.07696916
v 0.13213991 0.39418275 0.05416583
v 0.10625963 0.40697510 0.03042647
v 0.08055646 0.41559375 0.00598102
v 0.05528153 0.41990727 -0.01894169
v 0.03066948 0.41984994 -0.04411578
v 0.00693672 0.41542362 -0.06931959
v -0.01571975 0.40669765 -0.09433698
v -0.03712297 0.39380799 -0.11895814
v -0.05711615 0.37695330 -0.14298056
v -0.07556204 0.35639074 -0.16620925
v -0.09234233 0.33242995 -0.18845744
v -0.10735648 0.30542505 -0.20954708
v -0.12052039 0.27576698 -0.22930910
v -0.13176503 0.24387409 -0.24758399
v -0.14103501 0.21018277 -0.26422239
v -0.14828720 0.17513823 -0.27908554
v -0.15348934 0.13918506 -0.29204598
v -0.15661925 0.10275865 -0.30298849
v -0.15766399 0.06627742 -0.31181089
v -0.15661925 0.03013608 -0.31842489
v -0.15348934 -0.00530015 -0.32275726
v -0.14828720 -0.03969920 -0.32475065
v -0.14103501 -0.07276524 -0.32436484
v -0.13176503 -0.10423977 -0.32157787
v -0.12052037 -0.13390173 -0.31638686
v -0.10735650 -0.16156601 -0.30880912
v -0.09234234 -0.18708138 -0.29888299
v -0.07556207 -0.21032687 -0.28666882
v -0.05711621 -0.23120804 -0.27224930
v -0.03712299 -0.24965299 -0.25573002
v -0.01571979 -0.26560753 -0.23723990
v 0.00693675 -0.27903155 -0.21693056
v 0.03066946 -0.28989442 -0.19497662
v 0.05528158 -0.29817222 -0.17157415
v 0.08055647 -0.30384469 -0.14694033
v 0.10625958 -0.30689370 -0.12131108
v 0.13213993 -0.30730211 -0.09493936
v 0.15793208 -0.30505381 -0.06809310
v 0.18336020 -0.30013462 -0.04105130
v 0.20814058 -0.29253400 -0.01410175
v 0.23198667 -0.28224750 0.01246354
v 0.25461337 -0.26927987 0.03835209
v 0.27574143 -0.25364880 0.06327465
v 0.29510344 -0.23538825 0.08695062
v 0.31244809 -0.21455331 0.10911136
v 0.32754577 -0.19122297 0.12950534
v 0.34019290 -0.16550496 0.14790155
v 0.35021660 -0.13753785 0.16409378
v 0.35747821 -0.10749413 0.17790360
v 0.36187636 -0.07558240 0.18918306
v 0.34128848 -0.04490444 0.21125877
v 0.33984803 -0.01025480 0.21715114
v 0.33554620 0.02540855 0.22033370
v 0.32844172 0.06173826 0.22079261
v 0.31863069 0.09835780 0.21854612
v 0.30624512 0.13486564 0.21364384
v 0.29144949 0.17084104 0.20616447
v 0.27443791 0.20585017 0.19621426
v 0.25542989 0.23945372 0.18392424
v 0.23466597 0.27121433 0.16944737
v 0.21240323 0.30070541 0.15295579
v 0.18891058 0.32751928 0.13463777
v 0.16446390 0.35127612 0.11469461
v 0.13934165 0.37163200 0.09333789
v 0.11382043 0.38828673 0.07078657
v 0.08817102 0.40099112 0.04726454
v 0.06265502 0.40955292 0.02299837
v 0.03752176 0.41384139 -0.00178484
v 0.01300576 0.41379094 -0.02685926
v -0.01067491 0.40940305 -0.05200165
v -0.03332017 0.40074614 -0.07699290
v -0.05474860 0.38795471 -0.10161896
v -0.07479781 0.37122542 -0.12567200
v -0.09332417 0.35081323 -0.14895099
v -0.11020242 0.32702491 -0.17126268
v -0.12532476 0.30021181 -0.19242216
v -0.13859999 0.27076163 -0.21225379
v -0.14995211 0.23908951 -0.23059165
v -0.15931954 0.20562850 -0.24728071
v -0.16665352 0.17082050 -0.26217720
v -0.17191747 0.13510694 -0.27514990
v -0.17508584 0.09892015 -0.28608079
v -0.17614362 0.06267571 -0.29486620
v -0.17508584 0.02676574 -0.30141769
v -0.17191747 -0.00844685 -0.30566320
v -0.16665352 -0.04263201 -0.30754793
v -0.15931954 -0.07549550 -0.30703546
v -0.14995211 -0.10678026 -0.30410854
v -0.13859996 -0.13626615 -0.29877020
v -0.12532480 -0.16376880 -0.29104433
v -0.11020243 -0.18913742 -0.28097638
v -0.09332419 -0.21225109 -0.26863403
v -0.07479786 -0.23301542 -0.25410741
v -0.05474862 -0.25135825 -0.23750914
v -0.03332021 -0.26722506 -0.21897461
v -0.01067488 -0.28057532 -0.19866105
v 0.01300575 -0.29137808 -0.17674758
v 0.03752180 -0.29960905 -0.15343337
v 0.06265503 -0.30524770 -0.12893718
v 0.08817097 -0.30827574 -0.10349483
v 0.11382044 -0.30867609 -0.07735743
v 0.13934163 -0.30643276 -0.05078925
v 0.16446394 -0.30153190 -0.02406399
v 0.18891057 -0.29396352 0.00253751
v 0.21240316 -0.28372374 0.02873147
v 0.23466598 -0.27081799 0.05423486
v 0.25542985 -0.25526468 0.07876856
v 0.27443795 -0.23709851 0.10206265
v 0.29144949 -0.21637512 0.12385913
v 0.30624514 -0.19317395 0.14391689
v 0.31863071 -0.16760295 0.16201444
v 0.32844170 -0.13980061 0.17795418
v 0.33554622 -0.10993897 0.19156471
v 0.33984803 -0.07822579 0.20270347
v 0.32017115 -0.04795773 0.22562340
v 0.31875609 -0.01347557 0.23150614
v 0.31452973 0.02201131 0.23472833
v 0.30754819 0.05815753 0.23527393
v 0.29790358 0.09458874 0.23315755
v 0.28572241 0.13090594 0.22842370
v 0.27116265 0.16669109 0.22114504
v 0.25441090 0.20151322 0.21142072
v 0.23567852 0.23493593 0.19937406
v 0.21519775 0.26652476 0.18515015
v 0.19321729 0.29585600 0.16891318
v 0.16999802 0.32252464 0.15084378
v 0.14580851 0.34615324 0.13113627
v 0.12092067 0.36640007 0.10999602
v 0.09560577 0.38296681 0.08763693
v 0.07013046 0.39560570 0.06427898
v 0.04475358 0.40412535 0.04014607
v 0.01972309 0.40839565 0.01546406
v -0.00472643 0.40835117 -0.00954113
v -0.02837556 0.40399296 -0.03464496
v -0.05102160 0.39538875 -0.05962581
v -0.07247950 0.38267181 -0.08426616
v -0.09258232 0.36603735 -0.10835386
v -0.11118122 0.34573848 -0.13168293
v -0.12814531 0.32207995 -0.15405477
v -0.14336098 0.29541076 -0.17527909
v -0.15673121 0.26611625 -0.19517475
v -0.16817446 0.23460900 -0.21357072
v -0.17762403 0.20131956 -0.23030730
v -0.18502683 0.16668735 -0.24523678
v -0.19034264 0.13115137 -0.25822476
v -0.19354323 0.09514165 -0.26915095
v -0.19461193 0.05907165 -0.27791044
v -0.19354323 0.02333159 -0.28441465
v -0.19034264 -0.01171733 -0.28859244
v -0.18502683 -0.04574647 -0.29039099
v -0.17762403 -0.07846280 -0.28977687
v -0.16817446 -0.10961014 -0.28673676
v -0.15673119 -0.13896906 -0.28127827
v -0.14336100 -0.16635555 -0.27343057
v -0.12814532 -0.19161904 -0.26324488
v -0.11118123 -0.21463863 -0.25079477
v -0.09258238 -0.23531980 -0.23617632
v -0.07247952 -0.25359009 -0.21950782
v -0.05102164 -0.26939464 -0.20092993
v -0.02837553 -0.28269257 -0.18060445
v -0.00472644 -0.29345253 -0.15871412
v 0.01972314 -0.30164992 -0.13546074
v 0.04475360 -0.30726396 -0.11106438
v 0.07013042 -0.31027629 -0.08576092
v 0.09560578 -0.31066976 -0.05980005
v 0.12092065 -0.30842866 -0.03344328
v 0.14580854 -0.30353932 -0.00696011
v 0.16999800 -0.29599223 0.01937393
v 0.19321723 -0.28578404 0.04528171
v 0.21519776 -0.27292078 0.07048747
v 0.23567850 -0.25742147 0.09472024
v 0.25441094 -0.23932154 0.11771844
v 0.27116265 -0.21867710 0.13923250
v 0.28572243 -0.19556809 0.15902952
v 0.29790360 -0.17010275 0.17689566
v 0.30754817 -0.14241952 0.19263994
v 0.31452976 -0.11269027 0.20609665
v 0.31875609 -0.08112217 0.21712741
v 0.29984621 -0.05117578 0.24076311
v 0.29845056 -0.01681330 0.24664025
v 0.29428177 0.01854697 0.24989438
v 0.28739403 0.05456106 0.25050779
v 0.27787634 0.09085626 0.24849226
v 0.26585100 0.12703544 0.24388839
v 0.25147088 0.16268256 0.23676403
v 0.23491671 0.19736879 0.22721282
v 0.21639370 0.23065986 0.21535223
v 0.19612753 0.26212357 0.20132113
v 0.17436051 0.29133830 0.18527760
v 0.15134734 0.31790102 0.16739638
v 0.12735089 0.34143616 0.14786639
v 0.10263815 0.36160367 0.12688828
v 0.07747622 0.37810642 0.10467199
v 0.05212863 0.39069780 0.08143450
v 0.02685214 0.39918719 0.05739780
v 0.00189375 0.40344481 0.03278680
v -0.02251186 0.40340528 0.00782755
v -0.04614413 0.39906942 -0.01725429
v -0.06879826 0.39050431 -0.04223510
v -0.09028628 0.37784241 -0.06689454
v -0.11043764 0.36127771 -0.09101703
v -0.12909941 0.34106199 -0.11439270
v -0.14613621 0.31749840 -0.13681871
v -0.16142985 0.29093418 -0.15810042
v -0.17487874 0.26175292 -0.17805243
v -0.18639703 0.23036535 -0.19649968
v -0.19591398 0.19720007 -0.21327874
v -0.20337307 0.16269472 -0.22823881
v -0.20873117 0.12728646 -0.24124288
v -0.21195796 0.09140368 -0.25216887
v -0.21303553 0.05545830 -0.26091094
v -0.21195796 0.01983916 -0.26738038
v -0.20873117 -0.01509372 -0.27150672
v -0.20337307 -0.04901272 -0.27323861
v -0.19591398 -0.08162561 -0.27254497
v -0.18639703 -0.11267679 -0.26941554
v -0.17487874 -0.14194725 -0.26386155
v -0.16142989 -0.16925319 -0.25591630
v -0.14613622 -0.19444411 -0.24563546
v -0.12909942 -0.21739902 -0.23309727
v -0.11043771 -0.23802318 -0.21840243
v -0.09028630 -0.25624388 -0.20167376
v -0.06879831 -0.27200595 -0.18305605
v -0.04614410 -0.28526811 -0.16271469
v -0.02251188 -0.29599871 -0.14083537
v 0.00189380 -0.30417289 -0.11762193
v 0.02685216 -0.30976964 -0.09329561
v 0.05212858 -0.31277051 -0.06809235
v 0.07747623 -0.31315836 -0.04226086
v 0.10263812 -0.31091760 -0.01606056
v 0.12735093 -0.30603486 0.01024221
v 0.15134733 -0.29850089 0.03637610
v 0.17436045 -0.28831290 0.06206887
v 0.19612755 -0.27547741 0.08705053
v 0.21639368 -0.26001400 0.11105626
v 0.23491675 -0.24195861 0.13383095
v 0.25147088 -0.22136792 0.15513158
v 0.26585102 -0.19832228 0.17473149
v 0.27787636 -0.17293014 0.19242275
v 0.28739400 -0.14533016 0.20801958
v 0.29428177 -0.11569402 0.22136058
v 0.29845056 -0.08422860 0.23231068
v 0.28016287 -0.05452722 0.25653039
v 0.27878169 -0.02024775 0.26240468
v 0.27465581 0.01502431 0.26568393
v 0.26783795 0.05094596 0.26634914
v 0.25841473 0.08714571 0.26440990
v 0.24650532 0.12322771 0.25990389
v 0.23225867 0.15877743 0.25289529
v 0.21585120 0.19336755 0.24347362
v 0.19748333 0.22656545 0.23175183
v 0.17737592 0.25794050 0.21786418
v 0.15576639 0.28707255 0.20196409
v 0.13290481 0.31356017 0.18422189
v 0.10904977 0.33702906 0.16482238
v 0.08446453 0.35714031 0.14396266
v 0.05941314 0.37359783 0.12184976
v 0.03415678 0.38615578 0.09869844
v 0.00895071 0.39462400 0.07472923
v -0.01595878 0.39887302 0.05016641
v -0.04033684 0.39883754 0.02523618
v -0.06396202 0.39451807 0.00016507
v -0.08662783 0.38598128 -0.02482166
v -0.10814404 0.37335899 -0.04950150
v -0.12833735 0.35684430 -0.07365625
v -0.14705159 0.33668794 -0.09707295
v -0.16414801 0.31319192 -0.11954554
v -0.17950487 0.28670230 -0.14087603
v -0.19301702 0.25760121 -0.16087568
v -0.20459533 0.22629809 -0.17936633
v -0.21416599 0.19322018 -0.19618174
v -0.22166980 0.15880376 -0.21116862
v -0.22706143 0.12348475 -0.22418799
v -0.23030906 0.08769033 -0.23511651
v -0.23139367 0.05183133 -0.24384741
v -0.23030906 0.01629565 -0.25029192
v -0.22706143 -0.01855753 -0.25438001
v -0.22166980 -0.05240124 -0.25606163
v -0.21416599 -0.08494378 -0.25530731
v -0.20459533 -0.11592992 -0.25210914
v -0.19301702 -0.14514087 -0.24648115
v -0.17950489 -0.17239296 -0.23845976
v -0.16414802 -0.19753557 -0.22810403
v -0.14705162 -0.22044769 -0.21549581
v -0.12833740 -0.24103432 -0.20073933
v -0.10814407 -0.25922246 -0.18396087
v -0.08662787 -0.27495667 -0.16530840
v -0.06396199 -0.28819533 -0.14495012
v -0.04033686 -0.29890659 -0.12307393
v -0.01595873 -0.30706528 -0.09988537
v 0.00895072 -0.31265029 -0.07560655
v 0.03415673 -0.31564304 -0.05047355
v 0.05941315 -0.31602641 -0.02473438
v 0.08446451 -0.31378489 0.00135309
v 0.10904980 -0.30890537 0.02752481
v 0.13290479 -0.30137888 0.05351254
v 0.15576633 -0.29120295 0.07904777
v 0.17737593 -0.27838463 0.10386477
v 0.19748331 -0.26294392 0.12770338
v 0.21585122 -0.24491719 0.15031334
v 0.23225867 -0.22436160 0.17145657
v 0.24650534 -0.20135784 0.19091112
v 0.25841475 -0.17601466 0.20847346
v 0.26783793 -0.14847085 0.22396176
v 0.27465581 -0.11889809 0.23721785
v 0.27878169 -0.08750305 0.24810913
v 0.23763947 -0.05312994 0.24995673
v 0.23636181 -0.02232073 0.25519922
v 0.23254636 0.00981587 0.25812938
v 0.22624564 0.04294922 0.25873061
v 0.21754571 0.07670790 0.25701194
v 0.20656458 0.11068475 0.25300749
v 0.19344941 0.14444375 0.24677501
v 0.17837363 0.17752780 0.23839466
v 0.16153331 0.20946795 0.22796722
v 0.14314320 0.23979309 0.21561207
v 0.12343253 0.26804041 0.20146520
v 0.10264083 0.29376640 0.18567723
v 0.08101368 0.31655716 0.16841124
v 0.05879849 0.33603924 0.14984080
v 0.03624080 0.35188872 0.13014807
v 0.01358059 0.36384023 0.10952198
v -0.00895073 0.37169400 0.08815667
v -0.03113299 0.37532141 0.06624987
v -0.05275953 0.37466872 0.04400146
v -0.07363862 0.36975892 0.02161230
v -0.09359477 0.36069092 -0.00071715
v -0.11246930 0.34763739 -0.02278796
v -0.13012056 0.33083960 -0.04440403
v -0.14642367 0.31060110 -0.06537319
v -0.16127003 0.28727921 -0.08550845
v -0.17456656 0.26127515 -0.10462937
v -0.18623476 0.23302317 -0.12256338
v -0.19620946 0.20297892 -0.13914703
v -0.20443800 0.17160752 -0.15422760
v -0.21087890 0.13937207 -0.16766425
v -0.21550102 0.10672242 -0.17932953
v -0.21828278 0.07408510 -0.18911070
v -0.21921142 0.04185467 -0.19691088
v -0.21828278 0.01038668 -0.20265022
v -0.21550102 -0.02000789 -0.20626689
v -0.21087890 -0.04906530 -0.20771785
v -0.20443800 -0.07657073 -0.20697951
v -0.19620946 -0.10235736 -0.20404826
v -0.18623474 -0.12630386 -0.19894068
v -0.17456659 -0.14833024 -0.19169371
v -0.16127004 -0.16839255 -0.18236448
v -0.14642368 -0.18647608 -0.17103022
v -0.13012061 -0.20258850 -0.15778773
v -0.11246932 -0.21675261 -0.14275278
v -0.09359481 -0.22899882 -0.12605961
v -0.07363860 -0.23935890 -0.10785967
v -0.05275954 -0.24785953 -0.08832102
v -0.03113295 -0.25451770 -0.06762652
v -0.00895072 -0.25933706 -0.04597311
v 0.01358055 -0.26230559 -0.02356946
v 0.03624081 -0.26339497 -0.00063451
v 0.05879847 -0.26256107 0.02260435
v 0.08101370 -0.25974638 0.04591416
v 0.10264082 -0.25488306 0.06905817
v 0.12343248 -0.24789777 0.09179910
v 0.14314321 -0.23871692 0.11390164
v 0.16153328 -0.22727294 0.13513505
v 0.17837365 -0.21351043 0.15527694
v 0.19344941 -0.19739338 0.17411529
v 0.20656458 -0.17891093 0.19145203
v 0.21754573 -0.15808413 0.20710538
v 0.22624562 -0.13497073 0.22091253
v 0.23254638 -0.10966989 0.23273192
v 0.23636181 -0.08232599 0.24244471
v 0.22277922 -0.05748416 0.27044171
v 0.22147843 -0.02653899 0.27568944
v 0.21759432 0.00565100 0.27856076
v 0.21118157 0.03875824 0.27904191
v 0.20232978 0.07241720 0.27714680
v 0.19116169 0.10622920 0.27291617
v 0.17783022 0.13976915 0.26641600
v 0.16251530 0.17259268 0.25773579
v 0.14542015 0.20424489 0.24698661
v 0.12676678 0.23426967 0.23429847
v 0.10679180 0.26221960 0.21981819
v 0.08574180 0.28766598 0.20370671
v 0.06386886 0.31020907 0.18613680
v 0.04142623 0.32948789 0.16729062
v 0.01866430 0.34518909 0.14735757
v -0.00417320 0.35705547 0.12653215
v -0.02685216 0.36489248 0.10501233
v -0.04915102 0.36857368 0.08299777
v -0.07086283 0.36804437 0.06068839
v -0.09179681 0.36332316 0.03828322
v -0.11177937 0.35450164 0.01597916
v -0.13065470 0.34174218 -0.00602996
v -0.14828479 0.32527325 -0.02755450
v -0.16454894 0.30538366 -0.04840967
v -0.17934320 0.28241468 -0.06841665
v -0.19257924 0.25675049 -0.08740348
v -0.20418331 0.22880840 -0.10520607
v -0.21409486 0.19902791 -0.12166908
v -0.22226539 0.16785916 -0.13664727
v -0.22865710 0.13575254 -0.15000625
v -0.23324188 0.10314771 -0.16162382
v -0.23600026 0.07046415 -0.17139094
v -0.23692098 0.03809286 -0.17921296
v -0.23600026 0.00638948 -0.18501043
v -0.23324188 -0.02433114 -0.18872029
v -0.22865710 -0.05379785 -0.19029643
v -0.22226539 -0.08178495 -0.18971076
v -0.21409486 -0.10811185 -0.18695365
v -0.20418329 -0.13264099 -0.18203448
v -0.19257927 -0.15527424 -0.17498207
v -0.17934321 -0.17594852 -0.16584477
v -0.16454896 -0.19462947 -0.15469076
v -0.14828484 -0.21130552 -0.14160789
v -0.13065471 -0.22598143 -0.12670336
v -0.11177940 -0.23867109 -0.11010363
v -0.09179678 -0.24939243 -0.09195348
v -0.07086285 -0.25816085 -0.07241565
v -0.04915098 -0.26498560 -0.05166937
v -0.02685215 -0.26986578 -0.02990969
v -0.00417324 -0.27278870 -0.00734540
v 0.01866431 -0.27372880 0.01580252
v 0.04142621 -0.27264813 0.03930264
v 0.06386888 -0.26949842 0.06291619
v 0.08574179 -0.26422409 0.08639885
v 0.10679174 -0.25676600 0.10950433
v 0.12676679 -0.24706665 0.13198729
v 0.14542013 -0.23507564 0.15360613
v 0.16251534 -0.22075525 0.17412715
v 0.17783022 -0.20408708 0.19332710
v 0.19116173 -0.18507697 0.21099717
v 0.20232981 -0.16376165 0.22694546
v 0.21118157 -0.14021260 0.24100048
v 0.21759434 -0.11454050 0.25301329
v 0.22147843 -0.08689869 0.26285960
v 0.20856926 -0.06197358 0.29156276
v 0.20724132 -0.03086422 0.29681765
v 0.20327656 0.00134054 0.29960966
v 0.19673217 0.03431929 0.29992891
v 0.18770166 0.06771791 0.29779574
v 0.17631307 0.10115396 0.29325978
v 0.16272586 0.13422260 0.28639798
v 0.14712737 0.16650319 0.27731246
v 0.12972873 0.19756709 0.26612796
v 0.11076038 0.22698585 0.25298900
v 0.09046724 0.25434028 0.23805686
v 0.06910394 0.27922913 0.22150658
v 0.04693006 0.30127859 0.20352408
v 0.02420551 0.32015068 0.18430324
v 0.00118638 0.33555150 0.16404339
v -0.02187910 0.34723865 0.14294680
v -0.04475360 0.35502738 0.12121681
v -0.06721364 0.35879533 0.09905590
v -0.08905171 0.35848594 0.07666419
v -0.11007767 0.35411021 0.05423841
v -0.13011980 0.34574621 0.03197070
v -0.14902517 0.33353786 0.01004801
v -0.16665950 0.31769037 -0.01134876
v -0.18290645 0.29846579 -0.03204500
v -0.19766691 0.27617597 -0.05187306
v -0.21085760 0.25117436 -0.07067270
v -0.22240992 0.22384740 -0.08829162
v -0.23226811 0.19460482 -0.10458575
v -0.24038822 0.16386956 -0.11942026
v -0.24673634 0.13206832 -0.13266976
v -0.25128759 0.09962182 -0.14421940
v -0.25402490 0.06693614 -0.15396542
v -0.25493839 0.03439505 -0.16181614
v -0.25402490 0.00235352 -0.16769288
v -0.25128759 -0.02886764 -0.17153068
v -0.24673634 -0.05898477 -0.17327934
v -0.24038822 -0.08775367 -0.17290443
v -0.23226811 -0.11496985 -0.17038788
v -0.22240989 -0.14046744 -0.16572911
v -0.21085762 -0.16411678 -0.15894557
v -0.19766692 -0.18582101 -0.15007356
v -0.18290646 -0.20551132 -0.13916865
v -0.16665955 -0.22314227 -0.12630634
v -0.14902518 -0.23868648 -0.11158204
v -0.13011984 -0.25212900 -0.09511163
v -0.11007764 -0.26346283 -0.07703076
v -0.08905172 -0.27268364 -0.05749506
v -0.06721360 -0.27978663 -0.03667885
v -0.04475359 -0.28476305 -0.01477484
v -0.02187914 -0.28759871 0.00800791
v 0.00118639 -0.28827298 0.03144541
v 0.02420549 -0.28675888 0.05530060
v 0.04693009 -0.28302468 0.07932662
v 0.06910393 -0.27703615 0.10326873
v 0.09046717 -0.26875968 0.12686846
v 0.11076040 -0.25816636 0.14986673
v 0.12972870 -0.24523622 0.17200718
v 0.14712739 -0.22996306 0.19304098
v 0.16272586 -0.21235959 0.21272966
v 0.17631310 -0.19246160 0.23084989
v 0.18770166 -0.17033329 0.24719640
v 0.19673217 -0.14607038 0.26158590
v 0.20327658 -0.11980381 0.27385965
v 0.20724132 -0.09170243 0.28388609
v 0.19488202 -0.06657168 0.31319512
v 0.19352378 -0.03526175 0.31846166
v 0.18946904 -0.00303714 0.32116589
v 0.18277755 0.02978824 0.32130216
v 0.17354718 0.06287403 0.31889818
v 0.16191177 0.09585736 0.31401364
v 0.14803776 0.12835795 0.30673790
v 0.13212052 0.15998387 0.29718735
v 0.11437994 0.19033815 0.28550244
v 0.09505545 0.21902583 0.27184399
v 0.07440108 0.24566179 0.25638984
v 0.05268029 0.26987809 0.23933112
v 0.03016087 0.29133209 0.22086880
v 0.00711010 0.30971365 0.20121017
v -0.01620963 0.32475232 0.18056604
v -0.03954501 0.33622373 0.15914765
v -0.06265504 0.34395476 0.13716461
v -0.08531391 0.34782797 0.11482281
v -0.10731323 0.34778462 0.09232279
v -0.12846334 0.34382637 0.06985883
v -0.14859423 0.33601514 0.04761787
v -0.16755580 0.32447219 0.02577916
v -0.18521749 0.30937490 0.00451387
v -0.20146747 0.29095284 -0.01601487
v -0.21621154 0.26948246 -0.03565201
v -0.22937171 0.24527999 -0.05425057
v -0.24088455 0.21869455 -0.07167153
v -0.25069943 0.19010007 -0.08778363
v -0.25877700 0.15988649 -0.10246375
v -0.26508750 0.12845203 -0.11559683
v -0.26960938 0.09619456 -0.12707626
v -0.27232806 0.06350397 -0.13680428
v -0.27323518 0.03075533 -0.14469261
v -0.27232806 -0.00169719 -0.15066322
v -0.26960938 -0.03352551 -0.15464911
v -0.26508750 -0.06443088 -0.15659536
v -0.25877700 -0.09414667 -0.15646017
v -0.25069943 -0.12243957 -0.15421598
v -0.24088453 -0.14910953 -0.14985068
v -0.22937173 -0.17398862 -0.14336889
v -0.21621155 -0.19693930 -0.13479302
v -0.20146748 -0.21785112 -0.12416450
v -0.18521754 -0.23663760 -0.11154472
v -0.16755582 -0.25323264 -0.09701581
v -0.14859427 -0.26758627 -0.08068161
v -0.12846332 -0.27966144 -0.06266758
v -0.10731325 -0.28942996 -0.04312136
v -0.08531387 -0.29686999 -0.02221193
v -0.06265503 -0.30196329 -0.00012949
v -0.03954505 -0.30469385 0.02291637
v -0.01620961 -0.30504685 0.04669811
v 0.00711008 -0.30300861 0.07097202
v 0.03016090 -0.29856737 0.09548182
v 0.05268028 -0.29171483 0.11996085
v 0.07440102 -0.28244817 0.14413654
v 0.09505546 -0.27077293 0.16773406
v 0.11437990 -0.25670615 0.19048020
v 0.13212056 -0.24027957 0.21210878
v 0.14803776 -0.22154367 0.23236401
v 0.16191179 -0.20057032 0.25100602
v 0.17354720 -0.17745710 0.26781424
v 0.18277753 -0.15232911 0.28259190
v 0.18946906 -0.12534175 0.29516926
v 0.19352378 -0.09668263 0.30540625
v 0.18151715 -0.07123680 0.33514279
v 0.18012678 -0.03968881 0.34042710
v 0.17597656 -0.00740233 0.34304686
v 0.16912903 0.02531565 0.34300077
v 0.15968647 0.05813784 0.34032383
v 0.14778875 0.09072009 0.33508589
v 0.13360962 0.12270579 0.32738876
v 0.11735278 0.15373055 0.31736325
v 0.09924719 0.18342809 0.30516557
v 0.07954174 0.21143581 0.29097311
v 0.05849993 0.23740139 0.27498037
v 0.03639443 0.26098924 0.25739477
v 0.01350165 0.28188675 0.23843246
v -0.00990337 0.29981088 0.21831445
v -0.03355159 0.31451378 0.19726311
v -0.05718429 0.32578838 0.17549893
v -0.08055648 0.33347288 0.15323799
v -0.10343978 0.33745453 0.13068978
v -0.12562470 0.33767233 0.10805553
v -0.14692185 0.33411873 0.08552725
v -0.16716283 0.32683988 0.06328691
v -0.18620023 0.31593507 0.04150631
v -0.20390720 0.30155449 0.02034708
v -0.22017631 0.28389629 -0.00003887
v -0.23491832 0.26320221 -0.01950888
v -0.24806047 0.23975264 -0.03792899
v -0.25954459 0.21386045 -0.05517323
v -0.26932514 0.18586472 -0.07112297
v -0.27736750 0.15612375 -0.08566663
v -0.28364603 0.12500817 -0.09869925
v -0.28814251 0.09289396 -0.11012227
v -0.29084494 0.06015565 -0.11984382
v -0.29174649 0.02716021 -0.12777890
v -0.29084494 -0.00573846 -0.13385005
v -0.28814251 -0.03820474 -0.13798816
v -0.28364603 -0.06992465 -0.14013350
v -0.27736750 -0.10060922 -0.14023691
v -0.26932514 -0.12999651 -0.13826134
v -0.25954457 -0.15785259 -0.13418326
v -0.24806050 -0.18397184 -0.12799445
v -0.23491834 -0.20817654 -0.11970355
v -0.22017632 -0.23031515 -0.10933789
v -0.20390725 -0.25026085 -0.09694495
v -0.18620024 -0.26790947 -0.08259369
v -0.16716287 -0.28317649 -0.06637611
v -0.14692183 -0.29599539 -0.04840762
v -0.12562471 -0.30631448 -0.02882810
v -0.10343974 -0.31409516 -0.00780133
v -0.08055646 -0.31930983 0.01448475
v -0.05718434 -0.32194069 0.03781982
v -0.03355158 -0.32197873 0.06197246
v -0.00990339 -0.31942323 0.08669216
v 0.01350167 -0.31428200 0.11171290
v 0.03639441 -0.30657218 0.13675585
v 0.05849987 -0.29632120 0.16153407
v 0.07954175 -0.28356845 0.18575672
v 0.09924717 -0.26836731 0.20913347
v 0.11735283 -0.25078679 0.23138047
v 0.13360962 -0.23091451 0.25222444
v 0.14778877 -0.20885795 0.27140863
v 0.15968647 -0.18474749 0.28869696
v 0.16912901 -0.15873722 0.30387911
v 0.17597656 -0.13100674 0.31677394
v 0.18012678 -0.10176246 0.32723294
v 0.16820653 -0.07591320 0.35714354
v 0.16678393 -0.04410070 0.36245111
v 0.16253791 -0.01169610 0.36499805
v 0.15553376 0.02099878 0.36478693
v 0.14587815 0.05366697 0.36185944
v 0.13371695 0.08597929 0.35629475
v 0.11923112 0.11759825 0.34820612
v 0.10263265 0.14818192 0.33773759
v 0.08415948 0.17738884 0.32505984
v 0.06406988 0.20488293 0.31036548
v 0.04263680 0.23033882 0.29386438
v 0.02014205 0.25344715 0.27577892
v -0.00312934 0.27392008 0.25633928
v -0.02689461 0.29149666 0.23577910
v -0.05087805 0.30594746 0.21433147
v -0.07481550 0.31707970 0.19222547
v -0.09845791 0.32474071 0.16968327
v -0.12157428 0.32882139 0.14691785
v -0.14395389 0.32925887 0.12413125
v -0.16540754 0.32603782 0.10151366
v -0.18576825 0.31919122 0.07924279
v -0.20489119 0.30880023 0.05748396
v -0.22265302 0.29499240 0.03639037
v -0.23895060 0.27793980 0.01610406
v -0.25369944 0.25785582 -0.00324326
v -0.26683186 0.23499097 -0.02152914
v -0.27829480 0.20962842 -0.03863915
v -0.28804768 0.18207878 -0.05446578
v -0.29606047 0.15267427 -0.06890770
v -0.30231151 0.12176322 -0.08186873
v -0.30678590 0.08970390 -0.09325750
v -0.30947402 0.05685869 -0.10298715
v -0.31037066 0.02358856 -0.11097559
v -0.30947402 -0.00975217 -0.11714572
v -0.30678590 -0.04282080 -0.12142650
v -0.30231151 -0.07528994 -0.12375367
v -0.29606047 -0.10685125 -0.12407155
v -0.28804768 -0.13721817 -0.12233444
v -0.27829478 -0.16612783 -0.11850858
v -0.26683188 -0.19334249 -0.11257425
v -0.25369945 -0.21865028 -0.10452777
v -0.23895062 -0.24186485 -0.09438385
v -0.22265308 -0.26282521 -0.08217748
v -0.20489121 -0.28139495 -0.06796592
v -0.18576829 -0.29746042 -0.05183060
v -0.16540751 -0.31093021 -0.03387805
v -0.14395390 -0.32173274 -0.01424130
v -0.12157424 -0.32981536 0.00692033
v -0.09845790 -0.33514251 0.02942078
v -0.07481555 -0.33769492 0.05304878
v -0.05087803 -0.33746838 0.07756923
v -0.02689464 -0.33447307 0.10272510
v -0.00312932 -0.32873338 0.12824136
v 0.02014204 -0.32028780 0.15382778
v 0.04263673 -0.30918923 0.17918409
v 0.06406989 -0.29550561 0.20400462
v 0.08415944 -0.27932083 0.22798316
v 0.10263270 -0.26073547 0.25081956
v 0.11923112 -0.23986847 0.27222422
v 0.13371697 -0.21685733 0.29192486
v 0.14587817 -0.19186028 0.30967103
v 0.15553374 -0.16505608 0.32523972
v 0.16253793 -0.13664501 0.33843936
v 0.16678393 -0.10684955 0.34911343
v 0.15462978 -0.08053428 0.37888398
v 0.15317685 -0.04845482 0.38421729
v 0.14884076 -0.01588926 0.38670635
v 0.14168933 0.01686366 0.38635700
v 0.13183341 0.04949381 0.38321665
v 0.11942439 0.08168226 0.37737227
v 0.10465007 0.11310467 0.36894692
v 0.08773019 0.14343483 0.35809592
v 0.06891112 0.17234875 0.34500226
v 0.04845993 0.19952892 0.32987150
v 0.02665842 0.22466898 0.31292662
v 0.00379702 0.24747825 0.29440274
v -0.01983122 0.26768631 0.27454199
v -0.04393622 0.28504779 0.25358876
v -0.06823602 0.29934646 0.23178537
v -0.09246136 0.31039948 0.20936821
v -0.11635936 0.31806048 0.18656471
v -0.13969651 0.32222304 0.16359098
v -0.16226095 0.32282260 0.14064987
v -0.18386361 0.31983831 0.11793026
v -0.20433883 0.31329342 0.09560646
v -0.22354418 0.30325600 0.07383853
v -0.24135958 0.28983733 0.05277290
v -0.25768584 0.27319074 0.03254355
v -0.27244297 0.25350916 0.01327329
v -0.28556797 0.23102188 -0.00492475
v -0.29701262 0.20599076 -0.02194561
v -0.30674090 0.17870620 -0.03769073
v -0.31472705 0.14948203 -0.05206709
v -0.32095319 0.11865094 -0.06498568
v -0.32540750 0.08655901 -0.07636085
v -0.32808267 0.05356050 -0.08610983
v -0.32897479 0.02001274 -0.09415268
v -0.32808267 -0.01372877 -0.10041261
v -0.32540750 -0.04731542 -0.10481674
v -0.32095319 -0.08040915 -0.10729720
v -0.31472705 -0.11268669 -0.10779277
v -0.30674090 -0.14384268 -0.10625061
v -0.29701260 -0.17359247 -0.10262849
v -0.28556801 -0.20167404 -0.09689714
v -0.27244298 -0.22784999 -0.08904276
v -0.25768585 -0.25190798 -0.07906964
v -0.24135963 -0.27366150 -0.06700253
v -0.22354420 -0.29295014 -0.05288902
v -0.20433887 -0.30963864 -0.03680188
v -0.18386359 -0.32361708 -0.01884038
v -0.16226096 -0.33479919 0.00086803
v -0.13969646 -0.34312172 0.02216763
v -0.11635934 -0.34854345 0.04487369
v -0.09246141 -0.35104386 0.06877404
v -0.06823601 -0.35062239 0.09363024
v -0.04393624 -0.34729722 0.11917966
v -0.01983119 -0.34110499 0.14513943
v 0.00379701 -0.33210000 0.17120957
v 0.02665836 -0.32035399 0.19707834
v 0.04845995 -0.30595592 0.22242740
v 0.06891110 -0.28901239 0.24693690
v 0.08773024 -0.26964727 0.27029265
v 0.10465007 -0.24800273 0.29219117
v 0.11942441 -0.22423868 0.31234679
v 0.13183343 -0.19853406 0.33049672
v 0.14168933 -0.17108612 0.34640704
v 0.14884078 -0.14211074 0.35987717
v 0.15317685 -0.11184274 0.37074377
v 0.14043921 -0.08502772 0.40002399
v 0.13896007 -0.05271239 0.40538064
v 0.13454613 -0.01997855 0.40782589
v 0.12726744 0.01287650 0.40736814
v 0.11723842 0.04554640 0.40405927
v 0.10461542 0.07771818 0.39799259
v 0.08959209 0.10907541 0.38929881
v 0.07239504 0.13930128 0.37814228
v 0.05327793 0.16808252 0.36471572
v 0.03251549 0.19511301 0.34923495
v 0.01039731 0.22009809 0.33193337
v -0.01277876 0.24275846 0.31305615
v -0.03671263 0.26283459 0.29285489
v -0.06110793 0.28009075 0.27158250
v -0.08567723 0.29431877 0.24948856
v -0.11014692 0.30534190 0.22681525
v -0.13426079 0.31301776 0.20379421
v -0.15778325 0.31724129 0.18064398
v -0.18050152 0.31794688 0.15756815
v -0.20222671 0.31510992 0.13475459
v -0.22279441 0.30874770 0.11237507
v -0.24206437 0.29891979 0.09058562
v -0.25991944 0.28572710 0.06952746
v -0.27626402 0.26931128 0.04932845
v -0.29102205 0.24985229 0.03010457
v -0.30413481 0.22756602 0.01196177
v -0.31555825 0.20270114 -0.00500206
v -0.32526050 0.17553539 -0.02069532
v -0.33321965 0.14637133 -0.03503131
v -0.33942106 0.11553209 -0.04792634
v -0.34385564 0.08335649 -0.05929913
v -0.34651814 0.05019422 -0.06906997
v -0.34740590 0.01640095 -0.07716054
v -0.34651814 -0.01766640 -0.08349419
v -0.34385564 -0.05165466 -0.08799663
v -0.33942106 -0.08521821 -0.09059713
v -0.33321965 -0.11802345 -0.09123015
v -0.32526050 -0.14975224 -0.08983734
v -0.31555823 -0.18010510 -0.08637002
v -0.30413483 -0.20880387 -0.08079153
v -0.29102206 -0.23559408 -0.07308025
v -0.27626404 -0.26024600 -0.06323245
v -0.25991949 -0.28255633 -0.05126496
v -0.24206438 -0.30234870 -0.03721795
v -0.22279445 -0.31947365 -0.02115754
v -0.20222669 -0.33380900 -0.00317736
v -0.18050154 -0.34525871 0.01659943
v -0.15778321 -0.35375292 0.03801980
v -0.13426077 -0.35924627 0.06090010
v -0.11014696 -0.36171769 0.08502731
v -0.08567721 -0.36116891 0.11016037
v -0.06110795 -0.35762344 0.13603214
v -0.03671260 -0.35112587 0.16235359
v -0.01277877 -0.34174095 0.18881695
v 0.01039725 -0.32955264 0.21510144
v 0.03251551 -0.31466385 0.24087855
v 0.05327790 -0.29719600 0.26581769
v 0.07239508 -0.27728826 0.28959348
v 0.08959209 -0.25509816 0.31189133
v 0.10461544 -0.23080031 0.33241498
v 0.11723844 -0.20458746 0.35089170
v 0.12726741 -0.17666913 0.36707895
v 0.13454615 -0.14727176 0.38076890
v 0.13896007 -0.11663854 0.39179272
v 0.12529251 -0.08932239 0.42022879
v 0.12379343 -0.05683930 0.42560071
v 0.11932019 -0.02397589 0.42801287
v 0.11194462 0.00897101 0.42747561
v 0.10178407 0.04169689 0.42404416
v 0.08899861 0.07389186 0.41781632
v 0.07378668 0.10524365 0.40892857
v 0.05638016 0.13544056 0.39755173
v 0.03703850 0.16417504 0.38388568
v 0.01604251 0.19114721 0.36815373
v -0.00631225 0.21606875 0.35059679
v -0.02972203 0.23866668 0.33146736
v -0.05388134 0.25868739 0.31102385
v -0.07848891 0.27590043 0.28952528
v -0.10325316 0.29010208 0.26722643
v -0.12789713 0.30111894 0.24437360
v -0.15216223 0.30881083 0.22120137
v -0.17581137 0.31307338 0.19792992
v -0.19863124 0.31384029 0.17476326
v -0.22043334 0.31108494 0.15188842
v -0.24105444 0.30482102 0.12947519
v -0.26035625 0.29510350 0.10767665
v -0.27822421 0.28202744 0.08663010
v -0.29456573 0.26572774 0.06645890
v -0.30930813 0.24637726 0.04727407
v -0.32239620 0.22418441 0.02917638
v -0.33378947 0.19939042 0.01225844
v -0.34345954 0.17226610 -0.00339311
v -0.35138751 0.14310770 -0.01769600
v -0.35756162 0.11223327 -0.03057061
v -0.36197503 0.07997775 -0.04193874
v -0.36462415 0.04668850 -0.05172289
v -0.36550731 0.01272060 -0.05984589
v -0.36462415 -0.02156786 -0.06623123
v -0.36197503 -0.05582073 -0.07080360
v -0.35756162 -0.08968773 -0.07349025
v -0.35138751 -0.12282893 -0.07422258
v -0.34345954 -0.15491850 -0.07293834
v -0.33378945 -0.18564822 -0.06958402
v -0.32239622 -0.21473027 -0.06411784
v -0.30930815 -0.24190004 -0.05651249
v -0.29456574 -0.26691776 -0.04675840
v -0.27822427 -0.28957006 -0.03486675
v -0.26035627 -0.30967136 -0.02087223
v -0.24105447 -0.32706390 -0.00483613
v -0.22043331 -0.34161826 0.01315210
v -0.19863126 -0.35323292 0.03297245
v -0.17581133 -0.36183384 0.05447401
v -0.15216222 -0.36737361 0.07747395
v -0.12789718 -0.36983068 0.10175881
v -0.10325314 -0.36920815 0.12708574
v -0.07848893 -0.36553271 0.15318443
v -0.05388131 -0.35885353 0.17976150
v -0.02972205 -0.34924134 0.20650363
v -0.00631231 -0.33678737 0.23308353
v 0.01604253 -0.32160254 0.25916543
v 0.03703848 -0.30381683 0.28441091
v 0.05638020 -0.28357840 0.30848654
v 0.07378668 -0.26105364 0.33106968
v 0.08899866 -0.23642581 0.35185631
v 0.10178407 -0.20989568 0.37056651
v 0.11194460 -0.18167999 0.38695146
v 0.11932021 -0.15201144 0.40079810
v 0.12379343 -0.12113825 0.41193354
v 0.10888844 -0.09335563 0.43920369
v 0.10737749 -0.06080718 0.44457737
v 0.10286907 -0.02789796 0.44696330
v 0.09543618 0.00507560 0.44637310
v 0.08519801 0.03781012 0.44286414
v 0.07231726 0.06999739 0.43653724
v 0.05699534 0.10132750 0.42753244
v 0.03946769 0.13149145 0.41602476
v 0.01999755 0.16018481 0.40221861
v -0.00113037 0.18711101 0.38634202
v -0.02361662 0.21198509 0.36864056
v -0.04715370 0.23453748 0.34937130
v -0.07143268 0.25451776 0.32879686
v -0.09614927 0.27169821 0.30717990
v -0.12100939 0.28587766 0.28477833
v -0.14573416 0.29688444 0.26184076
v -0.17006367 0.30457955 0.23860336
v -0.19376024 0.30885919 0.21528706
v -0.21661057 0.30965669 0.19209575
v -0.23842679 0.30694441 0.16921563
v -0.25904693 0.30073443 0.14681485
v -0.27833439 0.29107902 0.12504417
v -0.29617675 0.27807049 0.10403816
v -0.31248383 0.26184015 0.08391691
v -0.32718562 0.24255710 0.06478794
v -0.34022960 0.22042577 0.04674838
v -0.35157810 0.19568349 0.02988721
v -0.36120518 0.16859731 0.01428771
v -0.36909450 0.13946018 0.00002885
v -0.37523623 0.10858718 -0.01281234
v -0.37962523 0.07631112 -0.02415989
v -0.38225918 0.04297796 -0.03393786
v -0.38313724 0.00894223 -0.04207006
v -0.38225918 -0.02543762 -0.04848004
v -0.37962523 -0.05980413 -0.05309208
v -0.37523623 -0.09380484 -0.05583209
v -0.36909450 -0.12709678 -0.05662958
v -0.36120518 -0.15935048 -0.05541974
v -0.35157808 -0.19025331 -0.05214617
v -0.34022963 -0.21951273 -0.04676347
v -0.32718563 -0.24685920 -0.03924072
v -0.31248384 -0.27204782 -0.02956449
v -0.29617680 -0.29486035 -0.01774210
v -0.27833442 -0.31510658 -0.00380457
v -0.25904697 -0.33262448 0.01219021
v -0.23842676 -0.34728131 0.03015569
v -0.21661058 -0.35897254 0.04997421
v -0.19376020 -0.36762236 0.07149651
v -0.17006366 -0.37318219 0.09454066
v -0.14573420 -0.37563027 0.11889330
v -0.12100938 -0.37497054 0.14431072
v -0.09614929 -0.37123117 0.17052102
v -0.07143266 -0.36446367 0.19722832
v -0.04715371 -0.35474196 0.22411608
v -0.02361668 -0.34216065 0.25085319
v -0.00113035 -0.32683481 0.27709949
v 0.01999753 -0.30889871 0.30251181
v 0.03946773 -0.28850492 0.32675182
v 0.05699534 -0.26582424 0.34949193
v 0.07231726 -0.24104413 0.37042333
v 0.08519801 -0.21436933 0.38926174
v 0.09543615 -0.18602013 0.40575443
v 0.10286909 -0.15623218 0.41968504
v 0.10737749 -0.12525612 0.43087833
v 0.09100090 -0.09708044 0.45672755
v 0.08948760 -0.06459539 0.46208534
v 0.08497228 -0.03175951 0.46444863
v 0.07752839 0.00113182 0.46382971
v 0.06727592 0.03377655 0.46028704
v 0.05437858 0.06586818 0.45392285
v 0.03903898 0.09709868 0.44487881
v 0.02149401 0.12716121 0.43333186
v 0.00200832 0.15575359 0.41948834
v -0.01913194 0.18258164 0.40357828
v -0.04162589 0.20736278 0.38584919
v -0.06516474 0.22982969 0.36655996
v -0.08943844 0.24973413 0.34597480
v -0.11414186 0.26685042 0.32435766
v -0.13898033 0.28097896 0.30196740
v -0.16367469 0.29194949 0.27905321
v -0.18796511 0.29962396 0.25585138
v -0.21161428 0.30389905 0.23258258
v -0.23440958 0.30470819 0.20945001
v -0.25616417 0.30202345 0.18663874
v -0.27671734 0.29585589 0.16431545
v -0.29593395 0.28625673 0.14262917
v -0.31370326 0.27331650 0.12171235
v -0.32993686 0.25716458 0.10168289
v -0.34456658 0.23796788 0.08264595
v -0.35754176 0.21592839 0.06469625
v -0.36882642 0.19128093 0.04792051
v -0.37839634 0.16429011 0.03239971
v -0.38623667 0.13524645 0.01821080
v -0.39233890 0.10446281 0.00542898
v -0.39669891 0.07227005 -0.00587122
v -0.39931517 0.03901245 -0.01561505
v -0.40018726 0.00504329 -0.02372698
v -0.39931517 -0.02927983 -0.03013102
v -0.39669891 -0.06359991 -0.03475127
v -0.39233890 -0.09756445 -0.03751324
v -0.38623667 -0.13083014 -0.03834552
v -0.37839634 -0.16306667 -0.03718212
v -0.36882640 -0.19396036 -0.03396503
v -0.35754179 -0.22321728 -0.02864707
v -0.34456659 -0.25056642 -0.02119524
v -0.32993688 -0.27576120 -0.01159401
v -0.31370331 -0.29858181 0.00015156
v -0.29593397 -0.31883643 0.01401262
v -0.27671738 -0.33636158 0.02993344
v -0.25616415 -0.35102326 0.04782941
v -0.23440959 -0.36271605 0.06758459
v -0.21161423 -0.37136338 0.08905117
v -0.18796510 -0.37691635 0.11204831
v -0.16367474 -0.37935324 0.13636336
v -0.13898031 -0.37867828 0.16175294
v -0.11414188 -0.37492032 0.18794506
v -0.08943842 -0.36813181 0.21464336
v -0.06516475 -0.35838774 0.24153048
v -0.04162597 -0.34578430 0.26827407
v -0.01913192 -0.33043796 0.29453262
v 0.00200828 -0.31248457 0.31996121
v 0.02149405 -0.29207828 0.34421980
v 0.03903898 -0.26939139 0.36697894
v 0.05437860 -0.24461282 0.38792810
v 0.06727594 -0.21794844 0.40678126
v 0.07752837 -0.18961953 0.42328423
v 0.08497230 -0.15986244 0.43721954
v 0.08948760 -0.12892817 0.44841099
v 0.07150567 -0.10047098 0.47267881
v 0.07000027 -0.06819319 0.47800064
v 0.06550859 -0.03557102 0.48034267
v 0.05810377 -0.00289777 0.47971734
v 0.04790544 0.02952681 0.47618322
v 0.03507659 0.06139869 0.46984234
v 0.01981922 0.09241236 0.46083628
v 0.00236912 0.12226365 0.44934142
v -0.01700998 0.15065313 0.43556375
v -0.03803309 0.17728919 0.41973263
v -0.06040066 0.20189200 0.40209485
v -0.08380522 0.22419672 0.38290844
v -0.10793813 0.24395747 0.36243666
v -0.13249575 0.26095063 0.34094242
v -0.15718491 0.27497851 0.31868341
v -0.18172795 0.28587239 0.29590763
v -0.20586655 0.29349536 0.27285007
v -0.22936486 0.29774491 0.24973005
v -0.25201175 0.29855492 0.22674939
v -0.27362177 0.29589740 0.20409173
v -0.29403549 0.28978296 0.18192228
v -0.31311908 0.28026197 0.16038860
v -0.33076294 0.26742369 0.13962171
v -0.34687974 0.25139601 0.11973806
v -0.36140233 0.23234381 0.10084135
v -0.37428086 0.21046689 0.08302503
v -0.38548020 0.18599776 0.06637442
v -0.39497685 0.15919835 0.05096922
v -0.40275638 0.13035651 0.03688537
v -0.40881086 0.09978243 0.02419690
v -0.41313652 0.06780424 0.01297744
v -0.41573205 0.03476361 0.00330092
v -0.41659722 0.00101128 -0.00475786
v -0.41573205 -0.03309750 -0.01112341
v -0.41313652 -0.06720786 -0.01572027
v -0.40881086 -0.10096929 -0.01847419
v -0.40275638 -0.13404014 -0.01931388
v -0.39497685 -0.16609160 -0.01817330
v -0.38548018 -0.19681121 -0.01499412
v -0.37428089 -0.22590611 -0.00972895
v -0.36140235 -0.25310600 -0.00234420
v -0.34687976 -0.27816504 0.00717636
v -0.33076299 -0.30086376 0.01882843
v -0.31311911 -0.32101083 0.03258410
v -0.29403553 -0.33844285 0.04838872
v -0.27362174 -0.35302612 0.06615879
v -0.25201177 -0.36465536 0.08577968
v -0.22936482 -0.37325405 0.10710486
v -0.20586653 -0.37877345 0.12995494
v -0.18172799 -0.38119195 0.15411868
v -0.15718489 -0.38051385 0.17935422
v -0.13249578 -0.37676809 0.20539109
v -0.10793810 -0.37000742 0.23193442
v -0.08380523 -0.36030684 0.25866836
v -0.06040072 -0.34776267 0.28526208
v -0.03803307 -0.33249132 0.31137546
v -0.01701000 -0.31462871 0.33666501
v 0.00236916 -0.29432885 0.36079199
v 0.01981922 -0.27176378 0.38342825
v 0.03507661 -0.24712199 0.40426427
v 0.04790546 -0.22060883 0.42301527
v 0.05810375 -0.19244476 0.43942786
v 0.06550859 -0.16286514 0.45328547
v 0.07000027 -0.13211979 0.46441262
v 0.05039558 -0.10352578 0.48705051
v 0.04890838 -0.07160157 0.49231579
v 0.04447099 -0.03933938 0.49463681
v 0.03715561 -0.00702919 0.49402574
v 0.02708005 0.02503281 0.49054007
v 0.01440524 0.05654618 0.48428048
v -0.00066971 0.08720919 0.47538636
v -0.01791216 0.11672147 0.46403174
v -0.03706196 0.14478732 0.45041970
v -0.05783792 0.17111885 0.43477653
v -0.07994442 0.19543983 0.41734575
v -0.10307801 0.21748873 0.39838197
v -0.12693405 0.23702291 0.37814509
v -0.15121264 0.25382165 0.35689479
v -0.17562423 0.26768959 0.33488555
v -0.19989446 0.27846029 0.31236249
v -0.22376798 0.28599841 0.28955790
v -0.24701153 0.29020263 0.26668871
v -0.26941616 0.29100757 0.24395464
v -0.29079821 0.28838527 0.22153752
v -0.31099967 0.28234607 0.19960107
v -0.32988771 0.27293951 0.17829163
v -0.34735342 0.26025334 0.15773920
v -0.36330990 0.24441365 0.13805941
v -0.37769005 0.22558305 0.11935544
v -0.39044401 0.20395859 0.10172012
v -0.40153640 0.17976965 0.08523841
v -0.41094343 0.15327491 0.06998959
v -0.41865032 0.12475849 0.05604917
v -0.42464874 0.09452687 0.04349081
v -0.42893461 0.06290418 0.03238758
v -0.43150637 0.03022812 0.02281286
v -0.43236361 -0.00315453 0.01484076
v -0.43150637 -0.03689246 0.00854594
v -0.42893461 -0.07063463 0.00400303
v -0.42464874 -0.10403418 0.00128536
v -0.41865032 -0.13675296 0.00046320
v -0.41094343 -0.16846535 0.00160159
v -0.40153638 -0.19886196 0.00475780
v -0.39044403 -0.22765256 0.00997832
v -0.37769006 -0.25456935 0.01729589
v -0.36330991 -0.27936861 0.02672605
v -0.34735347 -0.30183277 0.03826406
v -0.32988773 -0.32177197 0.05188178
v -0.31099971 -0.33902431 0.06752468
v -0.29079818 -0.35345697 0.08510977
v -0.26941617 -0.36496558 0.10452323
v -0.24701149 -0.37347413 0.12561990
v -0.22376796 -0.37893436 0.14822209
v -0.19989451 -0.38132479 0.17212080
v -0.17562421 -0.38064974 0.19707679
v -0.15121266 -0.37693809 0.22282264
v -0.12693402 -0.37024216 0.24906695
v -0.10307803 -0.36063651 0.27549764
v -0.07994449 -0.34821682 0.30178788
v -0.05783791 -0.33309875 0.32760178
v -0.03706198 -0.31541720 0.35260019
v -0.01791212 -0.29532503 0.37644860
v -0.00066971 -0.27299293 0.39882304
v 0.01440527 -0.24860783 0.41941801
v 0.02708007 -0.22237327 0.43795230
v 0.03715559 -0.19450777 0.45417591
v 0.04447102 -0.16524443 0.46787489
v 0.04890838 -0.13483058 0.47887605
v 0.02778128 -0.10626784 0.49995088
v 0.02632195 -0.07483363 0.50514049
v 0.02196751 -0.04306938 0.50744046
v 0.01478847 -0.01126045 0.50686224
v 0.00489991 0.02030175 0.50346152
v -0.00754112 0.05132177 0.49733605
v -0.02234008 0.08150292 0.48862167
v -0.03926967 0.11054987 0.47748799
v -0.05807570 0.13817202 0.46413309
v -0.07848327 0.16408643 0.44877789
v -0.10020319 0.18802159 0.43166030
v -0.12293855 0.20972064 0.41302930
v -0.14639098 0.22894495 0.39313918
v -0.17026660 0.24547766 0.37224430
v -0.19428141 0.25912671 0.35059418
v -0.21816602 0.26972846 0.32842944
v -0.24166941 0.27714975 0.30597842
v -0.26456193 0.28129087 0.28345469
v -0.28663751 0.28208730 0.26105522
v -0.30771463 0.27951144 0.23895970
v -0.32763675 0.27357313 0.21733029
v -0.34627181 0.26432082 0.19631227
v -0.36351111 0.25184056 0.17603507
v -0.37926748 0.23625601 0.15661410
v -0.39347313 0.21772674 0.13815257
v -0.40607726 0.19644640 0.12074358
v -0.41704327 0.17264029 0.10447244
v -0.42634614 0.14656264 0.08941875
v -0.43396983 0.11849280 0.07565832
v -0.43990489 0.08873216 0.06326485
v -0.44414625 0.05759962 0.05231131
v -0.44669162 0.02542746 0.04287066
v -0.44754015 -0.00744299 0.03501636
v -0.44669162 -0.04066584 0.02882210
v -0.44414625 -0.07389539 0.02436118
v -0.43990489 -0.10678994 0.02170534
v -0.43396983 -0.13901627 0.02092308
v -0.42634614 -0.17025345 0.02207742
v -0.41704325 -0.20019642 0.02522357
v -0.40607727 -0.22855902 0.03040588
v -0.39347314 -0.25507700 0.03765502
v -0.37926749 -0.27950984 0.04698467
v -0.36351116 -0.30164290 0.05838847
v -0.34627183 -0.32128867 0.07183711
v -0.32763678 -0.33828727 0.08727531
v -0.30771461 -0.35250752 0.10461995
v -0.28663752 -0.36384625 0.12375779
v -0.26456189 -0.37222844 0.14454492
v -0.24166939 -0.37760632 0.16680574
v -0.21816607 -0.37995869 0.19033413
v -0.19428139 -0.37928989 0.21489456
v -0.17026662 -0.37562842 0.24022410
v -0.14639094 -0.36902601 0.26603658
v -0.12293857 -0.35955649 0.29202568
v -0.10020326 -0.34731445 0.31787105
v -0.07848326 -0.33241419 0.34324343
v -0.05807572 -0.31498915 0.36781069
v -0.03926963 -0.29519031 0.39124529
v -0.02234008 -0.27318638 0.41323014
v -0.00754110 -0.24916187 0.43346630
v 0.00489993 -0.22331780 0.45167860
v 0.01478844 -0.19586969 0.46762231
v 0.02196753 -0.16704747 0.48108813
v 0.02632195 -0.13709493 0.49190644
v 0.00387787 -0.10874188 0.51159034
v 0.00245467 -0.07791359 0.51668810
v -0.00179208 -0.04676514 0.51896728
v -0.00879432 -0.01557615 0.51843803
v -0.01844062 0.01536787 0.51515359
v -0.03057910 0.04577763 0.50920772
v -0.04502147 0.07536271 0.50073119
v -0.06154772 0.10383406 0.48988751
v -0.07991158 0.13090740 0.47686800
v -0.09984657 0.15630587 0.46188627
v -0.12107224 0.17976393 0.44517257
v -0.14330023 0.20103024 0.42696828
v -0.16624059 0.21987138 0.40752023
v -0.18960737 0.23607517 0.38707565
v -0.21312373 0.24945367 0.36587761
v -0.23652675 0.25984659 0.34416083
v -0.25957086 0.26712353 0.32214867
v -0.28203092 0.27118669 0.30005049
v -0.30370430 0.27197273 0.27805999
v -0.32441191 0.26945428 0.25635444
v -0.34399867 0.26364074 0.23509440
v -0.36233311 0.25457908 0.21442424
v -0.37930628 0.24235330 0.19447321
v -0.39483009 0.22708401 0.17535700
v -0.40883538 0.20892717 0.15717947
v -0.42126951 0.18807202 0.14003465
v -0.43209390 0.16473898 0.12400885
v -0.44128142 0.13917675 0.10918265
v -0.44881401 0.11165886 0.09563267
v -0.45468033 0.08248039 0.08343322
v -0.45887379 0.05195373 0.07265743
v -0.46139091 0.02040454 0.06337810
v -0.46223009 -0.01183262 0.05566794
v -0.46139091 -0.04441855 0.04959953
v -0.45887379 -0.07701412 0.04524447
v -0.45468033 -0.10928405 0.04267243
v -0.44881401 -0.14090124 0.04194937
v -0.44128142 -0.17155054 0.04313553
v -0.43209388 -0.20093233 0.04628303
v -0.42126953 -0.22876535 0.05143311
v -0.40883539 -0.25478992 0.05861335
v -0.39483010 -0.27876953 0.06783451
v -0.37930632 -0.30049299 0.07908763
v -0.36233313 -0.31977577 0.09234133
v -0.34399871 -0.33646053 0.10753889
v -0.32441188 -0.35041813 0.12459652
v -0.30370431 -0.36154687 0.14340123
v -0.28203087 -0.36977285 0.16381038
v -0.25957085 -0.37504901 0.18565069
v -0.23652679 -0.37735449 0.20871952
v -0.21312372 -0.37669345 0.23278594
v -0.18960739 -0.37309407 0.25759271
v -0.16624057 -0.36660737 0.28286034
v -0.14330024 -0.35730615 0.30829021
v -0.12107229 -0.34528368 0.33357020
v -0.09984656 -0.33065267 0.35838005
v -0.07991160 -0.31354462 0.38239679
v -0.06154768 -0.29410833 0.40530229
v -0.04502147 -0.27250992 0.42678858
v -0.03057908 -0.24893113 0.44656546
v -0.01844059 -0.22356966 0.46436587
v -0.00879434 -0.19663746 0.47995224
v -0.00179208 -0.16836052 0.49312138
v 0.00245467 -0.13897832 0.50370839
v -0.02102072 -0.11100901 0.52225633
v -0.02240128 -0.08087433 0.52725024
v -0.02652112 -0.05043110 0.52950928
v -0.03331487 -0.01995241 0.52904219
v -0.04267583 0.01028310 0.52589886
v -0.05445817 0.03999317 0.52016836
v -0.06848125 0.06889461 0.51197519
v -0.08453372 0.09670570 0.50147553
v -0.10237896 0.12314932 0.48885238
v -0.12176064 0.14795580 0.47431048
v -0.14240867 0.17086630 0.45807094
v -0.16404506 0.19163604 0.44036593
v -0.18638985 0.21003750 0.42143329
v -0.20916646 0.22586393 0.40151185
v -0.23210665 0.23893210 0.38083689
v -0.25495498 0.24908557 0.35963630
v -0.27747229 0.25619722 0.33812757
v -0.29943857 0.26017133 0.31651527
v -0.32065508 0.26094590 0.29498941
v -0.34094535 0.25849390 0.27372466
v -0.36015572 0.25282400 0.25287994
v -0.37815504 0.24398164 0.23259900
v -0.39483377 0.23204828 0.21301114
v -0.41010239 0.21714106 0.19423279
v -0.42388967 0.19941175 0.17636901
v -0.43614052 0.17904452 0.15951528
v -0.44681360 0.15625409 0.14375951
v -0.45587896 0.13128289 0.12918382
v -0.46331590 0.10439763 0.11586610
v -0.46911061 0.07588621 0.10388165
v -0.47325449 0.04605356 0.09330407
v -0.47574246 0.01521766 0.08420614
v -0.47657205 -0.01629459 0.07665987
v -0.47574246 -0.04815170 0.07073657
v -0.47325449 -0.08002208 0.06650586
v -0.46911061 -0.11157773 0.06403496
v -0.46331590 -0.14249856 0.06338670
v -0.45587896 -0.17247606 0.06461787
v -0.44681359 -0.20121668 0.06777676
v -0.43614054 -0.22844489 0.07290071
v -0.42388968 -0.25390605 0.08001332
v -0.41010241 -0.27736824 0.08912157
v -0.39483383 -0.29862415 0.10021318
v -0.37815506 -0.31749275 0.11325391
v -0.36015576 -0.33381944 0.12818499
v -0.34094532 -0.34747727 0.14492154
v -0.32065510 -0.35836637 0.16335051
v -0.29943853 -0.36641408 0.18333047
v -0.27747228 -0.37157400 0.20469069
v -0.25495502 -0.37382565 0.22723239
v -0.23210664 -0.37317309 0.25072993
v -0.20916648 -0.36964413 0.27493269
v -0.18638982 -0.36328893 0.29956903
v -0.16404507 -0.35417918 0.32434931
v -0.14240872 -0.34240661 0.34897136
v -0.12176063 -0.32808227 0.37312548
v -0.10237900 -0.31133542 0.39649976
v -0.08453370 -0.29231247 0.41878719
v -0.06848125 -0.27117664 0.43969081
v -0.05445817 -0.24810646 0.45893089
v -0.04267581 -0.22329604 0.47625010
v -0.03331489 -0.19695325 0.49141948
v -0.02652109 -0.16929960 0.50424302
v -0.02240128 -0.14056962 0.51456162
v -0.04657509 -0.11313979 0.53228086
v -0.04790866 -0.08375398 0.53716365
v -0.05188854 -0.05407248 0.53940385
v -0.05845264 -0.02436132 0.53900841
v -0.06749919 0.00510827 0.53602371
v -0.07888942 0.03406172 0.53053326
v -0.09245111 0.06222369 0.52265460
v -0.10798271 0.08932041 0.51253560
v -0.12525832 0.11508259 0.50034997
v -0.14403296 0.13924828 0.48629247
v -0.16404810 0.16156610 0.47057397
v -0.18503735 0.18179828 0.45341629
v -0.20673183 0.19972384 0.43504734
v -0.22886533 0.21514187 0.41569658
v -0.25117910 0.22787426 0.39559066
v -0.27342596 0.23776890 0.37494995
v -0.29537372 0.24470191 0.35398552
v -0.31680794 0.24858009 0.33289678
v -0.33753399 0.24934279 0.31186982
v -0.35737810 0.24696323 0.29107659
v -0.37618798 0.24144939 0.27067448
v -0.39383260 0.23284502 0.25080676
v -0.41020144 0.22122865 0.23160309
v -0.42520316 0.20671379 0.21318099
v -0.43876398 0.18944745 0.19564714
v -0.45082577 0.16960841 0.17909897
v -0.46134393 0.14740516 0.16362637
v -0.47028519 0.12307324 0.14931346
v -0.47762560 0.09687200 0.13623981
v -0.48334853 0.06908154 0.12448198
v -0.48744295 0.03999869 0.11411434
v -0.48990201 0.00993318 0.10520973
v -0.49072208 -0.02079647 0.09783955
v -0.48990201 -0.05186704 0.09207368
v -0.48744295 -0.08295507 0.08797971
v -0.48334853 -0.11374045 0.08562197
v -0.47762560 -0.14391060 0.08505989
v -0.47028519 -0.17316409 0.08634627
v -0.46134392 -0.20121399 0.08952510
v -0.45082579 -0.22779081 0.09462914
v -0.43876399 -0.25264537 0.10167740
v -0.42520317 -0.27555057 0.11067253
v -0.41020149 -0.29630338 0.12159821
v -0.39383262 -0.31472625 0.13441687
v -0.37618802 -0.33066767 0.14906721
v -0.35737808 -0.34400301 0.16546286
v -0.33753401 -0.35463424 0.18349052
v -0.31680790 -0.36248990 0.20300989
v -0.29537371 -0.36752456 0.22385278
v -0.27342600 -0.36971794 0.24582460
v -0.25117909 -0.36907407 0.26870538
v -0.22886535 -0.36562029 0.29225174
v -0.20673180 -0.35940596 0.31620067
v -0.18503737 -0.35050151 0.34027246
v -0.16404816 -0.33899726 0.36417589
v -0.14403294 -0.32500220 0.38761301
v -0.12525835 -0.30864353 0.41028417
v -0.10798269 -0.29006496 0.43189477
v -0.09245111 -0.26942678 0.45216012
v -0.07888940 -0.24690405 0.47081217
v -0.06749917 -0.22268702 0.48760435
v -0.05845264 -0.19697930 0.50231732
v -0.05188854 -0.16999758 0.51476321
v -0.04790866 -0.14197110 0.52478922
v -0.07243655 -0.11520673 0.54200507
v -0.07372093 -0.08659207 0.54677423
v -0.07755442 -0.05769529 0.54899730
v -0.08387815 -0.02877509 0.54867946
v -0.09259589 -0.00009509 0.54586309
v -0.10357615 0.02807816 0.54062593
v -0.11665578 0.05547740 0.53307799
v -0.13164345 0.08183711 0.52335841
v -0.14832466 0.10689613 0.51163098
v -0.16646642 0.13040053 0.49807995
v -0.18582246 0.15210669 0.48290526
v -0.20613853 0.17178407 0.46631788
v -0.22715744 0.18921846 0.44853519
v -0.24862393 0.20421505 0.42977675
v -0.27028913 0.21660104 0.41026026
v -0.29191453 0.22622871 0.39019815
v -0.31327517 0.23297769 0.36979485
v -0.33416235 0.23675727 0.34924441
v -0.35438561 0.23750813 0.32872895
v -0.37377388 0.23520387 0.30841775
v -0.39217610 0.22985169 0.28846677
v -0.40946119 0.22149338 0.26901892
v -0.42551740 0.21020466 0.25020451
v -0.44025122 0.19609509 0.23214244
v -0.45358602 0.17930686 0.21494129
v -0.46546028 0.16001300 0.19870071
v -0.47582574 0.13841559 0.18351301
v -0.48464544 0.11474307 0.16946452
v -0.49189195 0.08924715 0.15663680
v -0.49754540 0.06219982 0.14510795
v -0.50159222 0.03388959 0.13495321
v -0.50402356 0.00461762 0.12624559
v -0.50483451 -0.02530617 0.11905603
v -0.50402356 -0.05556710 0.11345294
v -0.50159222 -0.08585008 0.10950176
v -0.49754540 -0.11584305 0.10726377
v -0.49189195 -0.14524122 0.10679475
v -0.48464544 -0.17375038 0.10814334
v -0.47582573 -0.20109041 0.11134879
v -0.46546030 -0.22699790 0.11643898
v -0.45358603 -0.25122936 0.12342798
v -0.44025123 -0.27356252 0.13231362
v -0.42551744 -0.29379870 0.14307524
v -0.40946121 -0.31176400 0.15567154
v -0.39217614 -0.32730982 0.17003840
v -0.37377386 -0.34031408 0.18608766
v -0.35438562 -0.35068047 0.20370559
v -0.33416231 -0.35833892 0.22275285
v -0.31327516 -0.36324471 0.24306387
v -0.29191457 -0.36537797 0.26444823
v -0.27028912 -0.36474266 0.28669185
v -0.24862395 -0.36136559 0.30955885
v -0.22715741 -0.35529526 0.33279526
v -0.20613854 -0.34660104 0.35613171
v -0.18582252 -0.33537157 0.37928851
v -0.16646640 -0.32171411 0.40198004
v -0.14832469 -0.30575348 0.42391958
v -0.13164343 -0.28763085 0.44482559
v -0.11665578 -0.26750347 0.46442628
v -0.10357613 -0.24554297 0.48246598
v -0.09259587 -0.22193563 0.49870945
v -0.08387817 -0.19688072 0.51294749
v -0.07755439 -0.17059002 0.52500080
v -0.07372093 -0.14328735 0.53472327
v -0.09827975 -0.11727746 0.55174708
v -0.09951484 -0.08942601 0.55640441
v -0.10320153 -0.06130613 0.55861242
v -0.10928438 -0.03316928 0.55837436
v -0.11767263 -0.00527142 0.55572857
v -0.12824224 0.02212874 0.55074692
v -0.14083909 0.04877209 0.54353187
v -0.15528239 0.07440117 0.53421352
v -0.17136903 0.09876308 0.52294578
v -0.18887819 0.12161184 0.50990211
v -0.20757595 0.14271146 0.49527150
v -0.22722031 0.16183872 0.47925389
v -0.24756586 0.17878613 0.46205609
v -0.26836837 0.19336484 0.44388764
v -0.28938888 0.20540746 0.42495726
v -0.31039754 0.21477059 0.40546945
v -0.33117661 0.22133736 0.38562198
v -0.35152304 0.22501946 0.36560364
v -0.37125052 0.22575898 0.34559263
v -0.39019053 0.22352978 0.32575566
v -0.40819311 0.21833830 0.30624741
v -0.42512694 0.21022444 0.28721062
v -0.44087893 0.19926100 0.26877636
v -0.45535322 0.18555362 0.25106511
v -0.46847011 0.16923965 0.23418754
v -0.48016449 0.15048647 0.21824579
v -0.49038432 0.12948970 0.20333464
v -0.49908874 0.10647071 0.18954292
v -0.50624667 0.08167360 0.17695429
v -0.51183502 0.05536239 0.16564848
v -0.51583737 0.02781724 0.15570182
v -0.51824285 -0.00066916 0.14718761
v -0.51904533 -0.02979541 0.14017624
v -0.51824285 -0.05925527 0.13473475
v -0.51583737 -0.08874193 0.13092640
v -0.51183502 -0.11795136 0.12880951
v -0.50624667 -0.14658633 0.12843615
v -0.49908874 -0.17435987 0.12985054
v -0.49038431 -0.20099841 0.13308723
v -0.48016451 -0.22624474 0.13816908
v -0.46847012 -0.24986075 0.14510499
v -0.45535323 -0.27162905 0.15388792
v -0.44087897 -0.29135511 0.16449264
v -0.42512695 -0.30886866 0.17687396
v -0.40819314 -0.32402397 0.19096472
v -0.39019050 -0.33670135 0.20667488
v -0.37125054 -0.34680628 0.22389011
v -0.35152300 -0.35426991 0.24247192
v -0.33117659 -0.35904833 0.26225720
v -0.31039758 -0.36112197 0.28305966
v -0.28938887 -0.36049474 0.30467104
v -0.26836839 -0.35719294 0.32686295
v -0.24756584 -0.35126437 0.34939040
v -0.22722032 -0.34277715 0.37199447
v -0.20757600 -0.33181850 0.39440699
v -0.18887818 -0.31849382 0.41635477
v -0.17136906 -0.30292580 0.43756414
v -0.15528237 -0.28525304 0.45776668
v -0.14083909 -0.26562986 0.47670367
v -0.12824224 -0.24422450 0.49413179
v -0.11767263 -0.22121948 0.50982740
v -0.10928440 -0.19680972 0.52359148
v -0.10320151 -0.17120218 0.53525332
v -0.09951484 -0.14461537 0.54467355
v -0.12382944 -0.11940922 0.56177620
v -0.12501689 -0.09228811 0.56632699
v -0.12856169 -0.06491188 0.56852200
v -0.13441174 -0.03752501 0.56836252
v -0.14248157 -0.01037617 0.56588306
v -0.15265445 0.01628352 0.56114960
v -0.16478505 0.04220269 0.55425729
v -0.17870277 0.06713179 0.54532748
v -0.19421570 0.09082570 0.53450428
v -0.21111472 0.11304611 0.52195082
v -0.22917802 0.13356443 0.50784528
v -0.24817545 0.15216444 0.49237699
v -0.26787306 0.16864510 0.47574240
v -0.28803724 0.18282343 0.45814143
v -0.30843869 0.19453699 0.43977400
v -0.32885589 0.20364675 0.42083700
v -0.34907804 0.21003908 0.40152181
v -0.36890754 0.21362802 0.38201216
v -0.38816198 0.21435696 0.36248251
v -0.40667521 0.21220006 0.34309721
v -0.42429827 0.20716294 0.32400977
v -0.44089949 0.19928365 0.30536288
v -0.45636431 0.18863226 0.28728854
v -0.47059450 0.17531056 0.26990882
v -0.48350726 0.15945126 0.25333659
v -0.49503387 0.14121630 0.23767651
v -0.50511849 0.12079507 0.22302592
v -0.51371644 0.09840217 0.20947613
v -0.52079297 0.07427440 0.19711299
v -0.52632171 0.04866807 0.18601794
v -0.53028353 0.02185537 0.17626839
v -0.53266555 -0.00587913 0.16793802
v -0.53346037 -0.03424218 0.16109668
v -0.53266555 -0.06293567 0.15581027
v -0.53028353 -0.09166067 0.15213982
v -0.52632171 -0.12012079 0.15014076
v -0.52079297 -0.14802611 0.14986156
v -0.51371644 -0.17509645 0.15134220
v -0.50511848 -0.20106464 0.15461254
v -0.49503389 -0.22567922 0.15969044
v -0.48350727 -0.24870723 0.16657982
v -0.47059451 -0.26993597 0.17526874
v -0.45636436 -0.28917485 0.18572746
v -0.44089951 -0.30625694 0.19790689
v -0.42429830 -0.32103937 0.21173687
v -0.40667519 -0.33340458 0.22712539
v -0.38816199 -0.34325975 0.24395741
v -0.36890750 -0.35053726 0.26209516
v -0.34907803 -0.35519388 0.28137785
v -0.32885593 -0.35721039 0.30162310
v -0.30843868 -0.35659058 0.32262823
v -0.28803726 -0.35336042 0.34417201
v -0.26787303 -0.34756684 0.36601819
v -0.24817547 -0.33927692 0.38791788
v -0.22917807 -0.32857648 0.40961414
v -0.21111471 -0.31556928 0.43084581
v -0.19421572 -0.30037591 0.45135179
v -0.17870274 -0.28313258 0.47087652
v -0.16478505 -0.26399084 0.48917384
v -0.15265443 -0.24311579 0.50601260
v -0.14248157 -0.22068627 0.52118027
v -0.13441176 -0.19689311 0.53448776
v -0.12856167 -0.17193875 0.54577275
v -0.12501689 -0.14603659 0.55490240
v -0.14887664 -0.12164545 0.57229687
v -0.15001939 -0.09520366 0.57674896
v -0.15343130 -0.06851922 0.57893278
v -0.15906328 -0.04183017 0.57884791
v -0.16683497 -0.01537836 0.57652510
v -0.17663633 0.01059214 0.57202498
v -0.18833041 0.03583722 0.56543565
v -0.20175627 0.06011469 0.55687019
v -0.21673241 0.08318665 0.54646356
v -0.23306085 0.10482205 0.53436909
v -0.25053101 0.12479913 0.52075489
v -0.26892399 0.14290820 0.50580020
v -0.28801655 0.15895429 0.48969180
v -0.30758511 0.17275980 0.47262052
v -0.32740935 0.18416707 0.45477809
v -0.34727558 0.19304098 0.43635424
v -0.36697949 0.19927102 0.41753437
v -0.38632854 0.20277336 0.39849750
v -0.40514391 0.20349267 0.37941468
v -0.42326166 0.20140329 0.36044805
v -0.44053364 0.19651012 0.34175013
v -0.45682782 0.18884950 0.32346362
v -0.47202816 0.17848880 0.30572146
v -0.48603412 0.16552640 0.28864735
v -0.49875989 0.15009057 0.27235629
v -0.51013337 0.13233814 0.25695533
v -0.52009500 0.11245275 0.24254438
v -0.52859644 0.09064264 0.22921713
v -0.53559946 0.06713783 0.21706155
v -0.54107456 0.04218741 0.20616076
v -0.54500003 0.01605618 0.19659323
v -0.54736106 -0.01097887 0.18843298
v -0.54814904 -0.03863208 0.18174953
v -0.54736106 -0.06661289 0.17660760
v -0.54500003 -0.09462970 0.17306622
v -0.54107456 -0.12239324 0.17117806
v -0.53559946 -0.14962033 0.17098818
v -0.52859644 -0.17603716 0.17253259
v -0.52009499 -0.20138242 0.17583667
v -0.51013339 -0.22541002 0.18091359
v -0.49875990 -0.24789181 0.18776251
v -0.48603413 -0.26861935 0.19636682
v -0.47202820 -0.28740570 0.20669248
v -0.45682784 -0.30408708 0.21868669
v -0.44053368 -0.31852317 0.23227639
v -0.42326164 -0.33059847 0.24736761
v -0.40514392 -0.34022166 0.26384462
v -0.38632850 -0.34732623 0.28157026
v -0.36697948 -0.35186967 0.30038582
v -0.34727562 -0.35383297 0.32011256
v -0.32740934 -0.35321991 0.34055297
v -0.30758513 -0.35005601 0.36149257
v -0.28801653 -0.34438757 0.38270321
v -0.26892400 -0.33628063 0.40394546
v -0.25053107 -0.32581981 0.42497282
v -0.23306084 -0.31310720 0.44553549
v -0.21673245 -0.29826158 0.46538421
v -0.20175625 -0.28141698 0.48427541
v -0.18833041 -0.26272234 0.50197486
v -0.17663630 -0.24233988 0.51826264
v -0.16683495 -0.22044505 0.53293686
v -0.15906328 -0.19722494 0.54581773
v -0.15343128 -0.17287773 0.55675072
v -0.15001939 -0.14761209 0.56560921
v -0.17328502 -0.12401449 0.58344231
v -0.17438707 -0.09818998 0.58780481
v -0.17767779 -0.07213422 0.58997889
v -0.18311097 -0.04607938 0.58996247
v -0.19061081 -0.02026112 0.58778292
v -0.20007351 0.00508294 0.58349585
v -0.21136980 0.02971527 0.57718297
v -0.22434737 0.05340032 0.56894988
v -0.23883439 0.07590692 0.55892314
v -0.25464297 0.09701043 0.54724708
v -0.27157289 0.11649543 0.53408059
v -0.28941543 0.13415819 0.51959377
v -0.30795718 0.14980917 0.50396451
v -0.32698367 0.16327574 0.48737536
v -0.34628280 0.17440459 0.47001059
v -0.36564802 0.18306411 0.45205338
v -0.38488090 0.18914666 0.43368371
v -0.40379351 0.19257039 0.41507631
v -0.42221030 0.19328096 0.39639912
v -0.43996930 0.19125304 0.37781233
v -0.45692309 0.18649083 0.35946754
v -0.47293924 0.17902911 0.34150755
v -0.48790038 0.16893284 0.32406614
v -0.50170379 0.15629713 0.30726855
v -0.51426093 0.14124634 0.29123173
v -0.52549647 0.12393261 0.27606503
v -0.53534753 0.10453436 0.26187067
v -0.54376235 0.08325404 0.24874459
v -0.55069952 0.06031546 0.23677669
v -0.55612665 0.03596121 0.22605165
v -0.56001969 0.01044931 0.21664893
v -0.56236199 -0.01595011 0.20864293
v -0.56314381 -0.04295832 0.20210287
v -0.56236199 -0.07029156 0.19709230
v -0.56001969 -0.09766496 0.19366853
v -0.55612665 -0.12479568 0.19188172
v -0.55069952 -0.15140667 0.19177376
v -0.54376235 -0.17722988 0.19337702
v -0.53534752 -0.20200933 0.19671280
v -0.52549650 -0.22550380 0.20179000
v -0.51426094 -0.24748955 0.20860336
v -0.50170380 -0.26776191 0.21713201
v -0.48790042 -0.28613735 0.22733794
v -0.47293925 -0.30245484 0.23916496
v -0.45692312 -0.31657644 0.25253726
v -0.43996928 -0.32838843 0.26735914
v -0.42221031 -0.33780099 0.28351416
v -0.40379348 -0.34474856 0.30086568
v -0.38488089 -0.34918913 0.31925692
v -0.36564806 -0.35110405 0.33851239
v -0.34628279 -0.35049705 0.35843931
v -0.32698370 -0.34739323 0.37882930
v -0.30795716 -0.34183830 0.39946164
v -0.28941545 -0.33389744 0.42010546
v -0.27157294 -0.32365405 0.44052388
v -0.25464295 -0.31120888 0.46047741
v -0.23883441 -0.29667897 0.47972754
v -0.22434735 -0.28019636 0.49804174
v -0.21136980 -0.26190773 0.51519659
v -0.20007351 -0.24197258 0.53098258
v -0.19061081 -0.22056339 0.54520735
v -0.18311099 -0.19786379 0.55769967
v -0.17767779 -0.17406812 0.56831217
v -0.17438707 -0.14938077 0.57692387
v -0.19698830 -0.12653015 0.59527753
v -0.19805409 -0.10125659 0.59955999
v -0.20123683 -0.07576196 0.60172520
v -0.20649284 -0.05027315 0.60176958
v -0.21375044 -0.02502031 0.59971750
v -0.22291137 -0.00023530 0.59562012
v -0.23385306 0.02385020 0.58955351
v -0.24643112 0.04700659 0.58161650
v -0.26048216 0.06900864 0.57192823
v -0.27582733 0.08963753 0.56062505
v -0.29227561 0.10868346 0.54785764
v -0.30962739 0.12594790 0.53378789
v -0.32767795 0.14124633 0.51858584
v -0.34622097 0.15441048 0.50242669
v -0.36505168 0.16529081 0.48548798
v -0.38396985 0.17375904 0.46794714
v -0.40278235 0.17970993 0.44997926
v -0.42130535 0.18306344 0.43175526
v -0.43936620 0.18376624 0.41344030
v -0.45680471 0.18179313 0.39519280
v -0.47347411 0.17714775 0.37716359
v -0.48924167 0.16986346 0.35949546
v -0.50398879 0.16000308 0.34232298
v -0.51761088 0.14765889 0.32577273
v -0.53001691 0.13295165 0.30996342
v -0.54112880 0.11602941 0.29500635
v -0.55088064 0.09706587 0.28100583
v -0.55921768 0.07625833 0.26805975
v -0.56609563 0.05382507 0.25625981
v -0.57147961 0.03000288 0.24569198
v -0.57534344 0.00504374 0.23643661
v -0.57766884 -0.02078835 0.22856848
v -0.57844516 -0.04722083 0.22215641
v -0.57766884 -0.07397605 0.21726308
v -0.57534344 -0.10077511 0.21394412
v -0.57147961 -0.12734092 0.21224752
v -0.56609563 -0.15340189 0.21221236
v -0.55921768 -0.17869515 0.21386771
v -0.55088063 -0.20296948 0.21723136
v -0.54112882 -0.22598800 0.22230828
v -0.53001692 -0.24753083 0.22908936
v -0.51761089 -0.26739681 0.23754990
v -0.50398883 -0.28540532 0.24764846
v -0.48924168 -0.30139794 0.25932574
v -0.47347415 -0.31523874 0.27250358
v -0.45680469 -0.32681566 0.28708469
v -0.43936621 -0.33604013 0.30295203
v -0.42130531 -0.34284747 0.31996948
v -0.40278234 -0.34719625 0.33798190
v -0.38396989 -0.34906802 0.35681678
v -0.36505166 -0.34846643 0.37628552
v -0.34622099 -0.34541633 0.39618520
v -0.32767793 -0.33996280 0.41630171
v -0.30962740 -0.33217024 0.43641186
v -0.29227567 -0.32212107 0.45628725
v -0.27582732 -0.30991471 0.47569761
v -0.26048218 -0.29566674 0.49441407
v -0.24643108 -0.27950738 0.51221385
v -0.23385306 -0.26158127 0.52888318
v -0.22291137 -0.24204551 0.54422177
v -0.21375044 -0.22106989 0.55804587
v -0.20649284 -0.19883498 0.57019179
v -0.20123683 -0.17553166 0.58051849
v -0.19805409 -0.15136054 0.58891007
v -0.21998017 -0.12919371 0.60780862
v -0.22101422 -0.10440609 0.61202024
v -0.22410253 -0.07940625 0.61417681
v -0.22920354 -0.05441645 0.61427359
v -0.23624921 -0.02966196 0.61233224
v -0.24514603 -0.00536966 0.60840015
v -0.25577736 0.01823397 0.60254842
v -0.26800555 0.04092461 0.59487008
v -0.28167471 0.06248219 0.58547775
v -0.29661379 0.08269298 0.57450086
v -0.31263978 0.10135211 0.56208296
v -0.32956096 0.11826575 0.54837886
v -0.34718029 0.13325360 0.53355167
v -0.36529852 0.14615129 0.51777016
v -0.38371725 0.15681272 0.50120610
v -0.40224186 0.16511233 0.48403177
v -0.42068380 0.17094718 0.46641806
v -0.43886288 0.17423872 0.44853249
v -0.45660905 0.17493448 0.43053775
v -0.47376369 0.17300947 0.41259069
v -0.49018067 0.16846679 0.39484136
v -0.50572705 0.16133861 0.37743253
v -0.52028327 0.15168589 0.36049937
v -0.53374308 0.13959834 0.34416956
v -0.54601346 0.12519365 0.32856326
v -0.55701388 0.10861622 0.31379344
v -0.56667589 0.09003566 0.29996614
v -0.57494223 0.06964469 0.28718090
v -0.58176614 0.04765680 0.27553086
v -0.58711056 0.02430361 0.26510317
v -0.59094750 -0.00016819 0.25597888
v -0.59325734 -0.02550000 0.24823299
v -0.59402855 -0.05142470 0.24193409
v -0.59325734 -0.07767003 0.23714390
v -0.59094750 -0.10396233 0.23391675
v -0.58711056 -0.13002962 0.23229863
v -0.58176614 -0.15560514 0.23232621
v -0.57494223 -0.18043057 0.23402576
v -0.56667588 -0.20425892 0.23741191
v -0.55701390 -0.22685711 0.24248635
v -0.54601347 -0.24800879 0.24923662
v -0.53374310 -0.26751580 0.25763477
v -0.52028332 -0.28520021 0.26763631
v -0.50572707 -0.30090578 0.27917943
v -0.49018070 -0.31449849 0.29218389
v -0.47376367 -0.32586775 0.30655108
v -0.45660906 -0.33492607 0.32216353
v -0.43886285 -0.34160959 0.33888558
v -0.42068379 -0.34587734 0.35656363
v -0.40224189 -0.34771107 0.37502776
v -0.38371724 -0.34711443 0.39409308
v -0.36529853 -0.34411193 0.41356147
v -0.34718026 -0.33874822 0.43322461
v -0.32956097 -0.33108693 0.45286598
v -0.31263982 -0.32120952 0.47226467
v -0.29661378 -0.30921435 0.49119840
v -0.28167473 -0.29521560 0.50944672
v -0.26800552 -0.27934193 0.52679536
v -0.25577736 -0.26173611 0.54303894
v -0.24514602 -0.24255315 0.55798525
v -0.23624919 -0.22196041 0.57145797
v -0.22920354 -0.20013572 0.58330000
v -0.22410253 -0.17726697 0.59337587
v -0.22101422 -0.15355137 0.60157409
v -0.24230042 -0.13199689 0.62099656
v -0.24330712 -0.10763550 0.62514554
v -0.24631392 -0.08306945 0.62729325
v -0.25128120 -0.05851698 0.62743378
v -0.25814386 -0.03419913 0.62558672
v -0.26681263 -0.01033833 0.62179606
v -0.27717581 0.01284344 0.61612880
v -0.28910153 0.03512640 0.60867303
v -0.30244025 0.05629495 0.59953583
v -0.31702765 0.07613990 0.58884072
v -0.33268754 0.09446060 0.57672516
v -0.34923500 0.11106728 0.56333788
v -0.36647950 0.12578341 0.54883614
v -0.38422790 0.13844795 0.53338316
v -0.40228732 0.14891774 0.51714571
v -0.42046793 0.15706969 0.50029168
v -0.43858521 0.16280282 0.48298826
v -0.45646213 0.16603990 0.46540002
v -0.47393096 0.16672921 0.44768745
v -0.49083452 0.16484599 0.43000597
v -0.50702734 0.16039288 0.41250485
v -0.52237638 0.15340099 0.39532673
v -0.53676136 0.14392965 0.37860719
v -0.55007480 0.13206640 0.36247470
v -0.56222198 0.11792630 0.34705057
v -0.57312050 0.10165053 0.33244906
v -0.58269977 0.08340512 0.31877760
v -0.59090044 0.06337890 0.30613702
v -0.59767375 0.04178106 0.29462162
v -0.60298088 0.01883878 0.28431939
v -0.60679230 -0.00520586 0.27531198
v -0.60908731 -0.03009901 0.26767450
v -0.60985364 -0.05557830 0.26147525
v -0.60908731 -0.08137620 0.25677519
v -0.60679230 -0.10722367 0.25362743
v -0.60298088 -0.13285319 0.25207627
v -0.59767375 -0.15800230 0.25215635
v -0.59090044 -0.18241664 0.25389156
v -0.58269977 -0.20585293 0.25729390
v -0.57312052 -0.22808155 0.26236232
v -0.56222200 -0.24888919 0.26908152
v -0.55007481 -0.26808040 0.27742086
v -0.53676140 -0.28547964 0.28733338
v -0.52237640 -0.30093262 0.29875512
v -0.50702737 -0.31430699 0.31160424
v -0.49083450 -0.32549346 0.32578112
v -0.47393097 -0.33440561 0.34116795
v -0.45646210 -0.34098024 0.35762959
v -0.43858520 -0.34517680 0.37501387
v -0.42046796 -0.34697726 0.39315316
v -0.40228731 -0.34638524 0.41186582
v -0.38422791 -0.34342497 0.43095789
v -0.36647948 -0.33814062 0.45022607
v -0.34923501 -0.33059518 0.46945961
v -0.33268758 -0.32086933 0.48844402
v -0.31702764 -0.30906036 0.50696389
v -0.30244028 -0.29528121 0.52480598
v -0.28910151 -0.27965916 0.54176332
v -0.27717581 -0.26233524 0.55763776
v -0.26681262 -0.24346266 0.57224397
v -0.25814386 -0.22320657 0.58541195
v -0.25128120 -0.20174244 0.59699027
v -0.24631390 -0.17925541 0.60684831
v -0.24330712 -0.15593970 0.61487817
v -0.26402002 -0.13492498 0.63477211
v -0.26500330 -0.11093793 0.63886546
v -0.26794037 -0.08675262 0.64100352
v -0.27279316 -0.06258376 0.64117957
v -0.27949914 -0.03864867 0.63941133
v -0.28797246 -0.01516595 0.63574012
v -0.29810568 0.00764634 0.63022942
v -0.30977175 0.02957234 0.62296324
v -0.32282646 0.05040045 0.61404403
v -0.33711114 0.06992526 0.60359036
v -0.35245536 0.08794987 0.59173458
v -0.36867996 0.10428801 0.57862030
v -0.38559993 0.11876638 0.56439980
v -0.40302729 0.13122688 0.54923166
v -0.42077390 0.14152891 0.53327835
v -0.43865404 0.14955152 0.51670401
v -0.45648667 0.15519538 0.49967263
v -0.47409753 0.15838446 0.48234619
v -0.49132096 0.15906780 0.46488322
v -0.50800115 0.15722070 0.44743778
v -0.52399332 0.15284551 0.43015835
v -0.53916450 0.14597240 0.41318732
v -0.55339395 0.13665936 0.39666043
v -0.56657333 0.12499209 0.38070666
v -0.57860661 0.11108324 0.36544812
v -0.58940994 0.09507135 0.35100002
v -0.59891112 0.07711927 0.33747074
v -0.60704914 0.05741247 0.32496210
v -0.61377370 0.03615644 0.31356920
v -0.61904452 0.01357447 0.30338068
v -0.62283091 -0.01009541 0.29447851
v -0.62511128 -0.03460350 0.28693785
v -0.62587279 -0.05969158 0.28082669
v -0.62511128 -0.08509625 0.27620528
v -0.62283091 -0.11055257 0.27312568
v -0.61904452 -0.13579693 0.27163081
v -0.61377370 -0.16057063 0.27175357
v -0.60704914 -0.18462288 0.27351590
v -0.59891111 -0.20771371 0.27692763
v -0.58940996 -0.22961652 0.28198546
v -0.57860662 -0.25012072 0.28867184
v -0.56657334 -0.26903330 0.29695396
v -0.55339399 -0.28618082 0.30678293
v -0.53916451 -0.30141083 0.31809306
v -0.52399335 -0.31459245 0.33080132
v -0.50800113 -0.32561757 0.34480736
v -0.49132097 -0.33440070 0.35999325
v -0.47409750 -0.34087928 0.37622443
v -0.45648666 -0.34501320 0.39335002
v -0.43865407 -0.34678456 0.41120449
v -0.42077389 -0.34619694 0.42960903
v -0.40302731 -0.34327436 0.44837329
v -0.38559990 -0.33806056 0.46729826
v -0.36867997 -0.33061793 0.48617817
v -0.35245540 -0.32102637 0.50480396
v -0.33711113 -0.30938222 0.52296607
v -0.32282648 -0.29579733 0.54045740
v -0.30977173 -0.28039763 0.55707711
v -0.29810568 -0.26332269 0.57263318
v -0.28797244 -0.24472397 0.58694608
v -0.27949914 -0.22476469 0.59985115
v -0.27279318 -0.20361816 0.61120176
v -0.26794035 -0.18146713 0.62087136
v -0.26500330 -0.15850318 0.62875516
v -0.28522625 -0.13795980 0.64904981
v -0.28618951 -0.11430412 0.65309320
v -0.28906709 -0.09045554 0.65522051
v -0.29382210 -0.06662566 0.65542447
v -0.30039424 -0.04302852 0.65372122
v -0.30870035 -0.01987942 0.65015005
v -0.31863661 0.00260704 0.64477144
v -0.33007997 0.02421845 0.63766609
v -0.34289066 0.04474659 0.62893259
v -0.35691471 0.06398944 0.61868543
v -0.37198655 0.08175334 0.60705271
v -0.38793176 0.09785501 0.59417378
v -0.40457002 0.11212400 0.58019678
v -0.42171773 0.12440478 0.56527634
v -0.43919074 0.13455895 0.54957131
v -0.45680688 0.14246746 0.53324262
v -0.47438812 0.14803238 0.51645147
v -0.49176266 0.15117880 0.49935756
v -0.50876672 0.15185643 0.48211766
v -0.52524577 0.15004063 0.46488449
v -0.54105582 0.14573349 0.44780573
v -0.55606413 0.13896452 0.43102333
v -0.57014979 0.12979043 0.41467298
v -0.58320386 0.11829530 0.39888391
v -0.59512953 0.10458988 0.38377864
v -0.60584183 0.08881026 0.36947295
v -0.61526744 0.07111665 0.35607588
v -0.62334408 0.05169151 0.34368986
v -0.63002030 0.03073712 0.33241049
v -0.63525475 0.00847336 0.32232679
v -0.63901584 -0.01486529 0.31352090
v -0.64128130 -0.03903276 0.30606788
v -0.64203791 -0.06377450 0.30003534
v -0.64128130 -0.08883081 0.29548297
v -0.63901584 -0.11394030 0.29246185
v -0.63525475 -0.13884291 0.29101376
v -0.63002030 -0.16328327 0.29117019
v -0.62334408 -0.18701379 0.29295148
v -0.61526743 -0.20979743 0.29636576
v -0.60584185 -0.23141036 0.30140793
v -0.59512954 -0.25164443 0.30805869
v -0.58320387 -0.27030884 0.31628354
v -0.57014983 -0.28723210 0.32603206
v -0.55606415 -0.30226337 0.33723743
v -0.54105585 -0.31527313 0.34981572
v -0.52524575 -0.32615448 0.36366611
v -0.50876673 -0.33482267 0.37867081
v -0.49176263 -0.34121573 0.39469590
v -0.47438811 -0.34529404 0.41159171
v -0.45680691 -0.34703981 0.42919461
v -0.43919073 -0.34645651 0.44732833
v -0.42171775 -0.34356802 0.46580564
v -0.40457000 -0.33841765 0.48443122
v -0.38793177 -0.33106726 0.50300353
v -0.37198659 -0.32159599 0.52131812
v -0.35691470 -0.31009930 0.53917042
v -0.34289068 -0.29668800 0.55635840
v -0.33007994 -0.28148679 0.57268646
v -0.31863661 -0.26463384 0.58796764
v -0.30870034 -0.24627904 0.60202733
v -0.30039419 -0.22658387 0.61470538
v -0.29382212 -0.20571962 0.62585911
v -0.28906709 -0.18386691 0.63536531
v -0.28618951 -0.16121495 0.64312199
v -0.30601111 -0.14108221 0.66373959
v -0.30695725 -0.11772381 0.66773730
v -0.30978380 -0.09417700 0.66985263
v -0.31445500 -0.07065056 0.67007777
v -0.32091219 -0.04735571 0.66842779
v -0.32907464 -0.02450474 0.66494012
v -0.33884136 -0.00230924 0.65967300
v -0.35009268 0.01902138 0.65270428
v -0.36269248 0.03928199 0.64412952
v -0.37649072 0.05827344 0.63405978
v -0.39132578 0.07580489 0.62261972
v -0.40702731 0.09169577 0.60994512
v -0.42341888 0.10577811 0.59618064
v -0.44032061 0.11789860 0.58147761
v -0.45755175 0.12792083 0.56599181
v -0.47493318 0.13572736 0.54988139
v -0.49228953 0.14122162 0.53330513
v -0.50945119 0.14432963 0.51642071
v -0.52625609 0.14500163 0.49938321
v -0.54255102 0.14321318 0.48234409
v -0.55819279 0.13896617 0.46545015
v -0.57304910 0.13228941 0.44884275
v -0.58699911 0.12323869 0.43265730
v -0.59993364 0.11189666 0.41702298
v -0.61175537 0.09837230 0.40206245
v -0.62237869 0.08279964 0.38789173
v -0.63172945 0.06533658 0.37462018
v -0.63974461 0.04616294 0.36235047
v -0.64637184 0.02547816 0.35117850
v -0.65156908 0.00349908 0.34119336
v -0.65530407 -0.01954294 0.33247719
v -0.65755407 -0.04340508 0.32510487
v -0.65830556 -0.06783609 0.31914362
v -0.65755407 -0.09257953 0.31465252
v -0.65530407 -0.11737728 0.31168186
v -0.65156908 -0.14197240 0.31027244
v -0.64637184 -0.16611261 0.31045462
v -0.63974461 -0.18955315 0.31224747
v -0.63172944 -0.21205973 0.31565779
v -0.62237871 -0.23341099 0.32067907
v -0.61175537 -0.25340108 0.32729071
v -0.59993365 -0.27184121 0.33545697
v -0.58699915 -0.28856167 0.34512639
v -0.57304911 -0.30341316 0.35623129
v -0.55819282 -0.31626751 0.36868721
v -0.54255100 -0.32701874 0.38239323
v -0.52625610 -0.33558303 0.39723177
v -0.50945115 -0.34189891 0.41306967
v -0.49228952 -0.34592711 0.42975849
v -0.47493322 -0.34765002 0.44713632
v -0.45755174 -0.34707111 0.46502916
v -0.44032063 -0.34421398 0.48325253
v -0.42341886 -0.33912161 0.50161431
v -0.40702732 -0.33185530 0.51991655
v -0.39132582 -0.32249349 0.53795875
v -0.37649071 -0.31113079 0.55554050
v -0.36269250 -0.29787698 0.57246415
v -0.35009266 -0.28285562 0.58853837
v -0.33884136 -0.26620360 0.60358052
v -0.32907463 -0.24806927 0.61742002
v -0.32091218 -0.22861247 0.62990049
v -0.31445500 -0.20800272 0.64088266
v -0.30978378 -0.18641862 0.65024608
v -0.30695725 -0.16404720 0.65789096
v -0.32646260 -0.14427395 0.67875555
v -0.32739394 -0.12118685 0.68271071
v -0.33017630 -0.09791510 0.68481275
v -0.33477486 -0.07466496 0.68505343
v -0.34113236 -0.05164507 0.68344693
v -0.34917004 -0.02906501 0.68002922
v -0.35878923 -0.00713370 0.67485678
v -0.36987304 0.01394218 0.66800516
v -0.38228843 0.03396014 0.65956736
v -0.39588851 0.05272368 0.64965176
v -0.41051513 0.07004450 0.63838002
v -0.42600124 0.08574438 0.62588505
v -0.44217374 0.09965755 0.61230859
v -0.45885587 0.11163273 0.59779917
v -0.47586986 0.12153523 0.58250992
v -0.49303924 0.12924911 0.56659660
v -0.51019098 0.13467899 0.55021584
v -0.52715748 0.13775177 0.53352344
v -0.54377830 0.13841816 0.51667295
v -0.55990149 0.13665398 0.49981456
v -0.57538479 0.13246084 0.48309407
v -0.59009650 0.12586712 0.46665216
v -0.60391606 0.11692764 0.45062372
v -0.61673432 0.10572395 0.43513768
v -0.62845382 0.09236340 0.42031648
v -0.63898857 0.07697827 0.40627617
v -0.64826404 0.05972430 0.39312603
v -0.65621664 0.04077898 0.38096881
v -0.66279356 0.02033922 0.36990035
v -0.66795223 -0.00138082 0.36000970
v -0.67166000 -0.02415268 0.35137880
v -0.67389380 -0.04773643 0.34408220
v -0.67463990 -0.07188383 0.33818674
v -0.67389380 -0.09634142 0.33375090
v -0.67166000 -0.12085405 0.33082428
v -0.66795223 -0.14516769 0.32944686
v -0.66279356 -0.16903282 0.32964808
v -0.65621664 -0.19220742 0.33144603
v -0.64826403 -0.21445965 0.33484645
v -0.63898859 -0.23557052 0.33984185
v -0.62845382 -0.25533627 0.34641064
v -0.61673433 -0.27357007 0.35451623
v -0.60391610 -0.29010384 0.36410646
v -0.59009652 -0.30478985 0.37511318
v -0.57538482 -0.31750102 0.38745170
v -0.55990147 -0.32813249 0.40102117
v -0.54377831 -0.33660109 0.41570448
v -0.52715744 -0.34284604 0.43136925
v -0.51019097 -0.34682833 0.44786831
v -0.49303927 -0.34853053 0.46504137
v -0.47586985 -0.34795608 0.48271647
v -0.45885589 -0.34512839 0.50071158
v -0.44217371 -0.34009003 0.51883738
v -0.42600125 -0.33290179 0.53689905
v -0.41051517 -0.32364140 0.55469946
v -0.39588850 -0.31240266 0.57204177
v -0.38228845 -0.29929437 0.58873190
v -0.36987302 -0.28443897 0.60458231
v -0.35878923 -0.26797204 0.61941388
v -0.34917003 -0.25004055 0.63305943
v -0.34113235 -0.23080279 0.64536579
v -0.33477487 -0.21042653 0.65619640
v -0.33017630 -0.18908852 0.66543324
v -0.32739394 -0.16697379 0.67297840
v -0.34665899 -0.14751872 0.69402102
v -0.34757728 -0.12468387 0.69793591
v -0.35032083 -0.10166754 0.70002334
v -0.35485544 -0.07867370 0.70027491
v -0.36112512 -0.05590856 0.69870404
v -0.36905267 -0.03357929 0.69534562
v -0.37854140 -0.01189236 0.69025461
v -0.38947671 0.00894803 0.68350476
v -0.40172810 0.02874185 0.67518697
v -0.41515143 0.04729494 0.66540734
v -0.42959133 0.06442130 0.65428516
v -0.44488366 0.07994486 0.64195083
v -0.46085810 0.09370185 0.62854365
v -0.47734067 0.10554281 0.61420972
v -0.49415610 0.11533466 0.59909994
v -0.51113033 0.12296280 0.58336791
v -0.52809243 0.12833294 0.56716832
v -0.54487666 0.13137276 0.55065526
v -0.56132415 0.13203351 0.53398077
v -0.57728424 0.13029119 0.51729379
v -0.59261565 0.12614727 0.50073905
v -0.60718742 0.11962966 0.48445637
v -0.62087949 0.11079245 0.46858000
v -0.63358298 0.09971604 0.45323834
v -0.64520052 0.08650649 0.43855349
v -0.65564611 0.07129439 0.42464110
v -0.66484502 0.05423358 0.41161030
v -0.67273347 0.03549944 0.39956356
v -0.67925837 0.01528656 0.38859651
v -0.68437689 -0.00619340 0.37879792
v -0.68805618 -0.02871456 0.37024941
v -0.69027297 -0.05203974 0.36302518
v -0.69101343 -0.07592343 0.35719155
v -0.69027297 -0.10011496 0.35280648
v -0.68805618 -0.12436193 0.34991894
v -0.68437689 -0.14841304 0.34856821
v -0.67925837 -0.17202140 0.34878297
v -0.67273347 -0.19494748 0.35058055
v -0.66484501 -0.21696186 0.35396594
v -0.65564613 -0.23784772 0.35893090
v -0.64520053 -0.25740336 0.36545318
v -0.63358299 -0.27544377 0.37349565
v -0.62087952 -0.29180255 0.38300576
v -0.60718744 -0.30633328 0.39391513
v -0.59261568 -0.31891015 0.40613914
v -0.57728422 -0.32942925 0.41957721
v -0.56132416 -0.33780816 0.43411283
v -0.54487663 -0.34398667 0.44961453
v -0.52809242 -0.34792611 0.46593635
v -0.51113036 -0.34960921 0.48291960
v -0.49415609 -0.34903935 0.50039421
v -0.47734068 -0.34623975 0.51818036
v -0.46085808 -0.34125263 0.53609124
v -0.44488367 -0.33413820 0.55393474
v -0.42959138 -0.32497355 0.57151668
v -0.41515142 -0.31385163 0.58864327
v -0.40172812 -0.30088029 0.60512360
v -0.38947669 -0.28618084 0.62077320
v -0.37854140 -0.26988765 0.63541601
v -0.36905266 -0.25214629 0.64888778
v -0.36112511 -0.23311352 0.66103798
v -0.35485546 -0.21295551 0.67173241
v -0.35032081 -0.19184721 0.68085508
v -0.34757728 -0.16997174 0.68830967
v -0.36666608 -0.15080284 0.70947158
v -0.36757272 -0.12820673 0.71334763
v -0.37028144 -0.10543188 0.71541934
v -0.37475873 -0.08268008 0.71567806
v -0.38094952 -0.06015532 0.71413676
v -0.38877797 -0.03806249 0.71082940
v -0.39814908 -0.01660574 0.70580970
v -0.40895018 0.00401299 0.69914995
v -0.42105290 0.02359590 0.69093932
v -0.43431543 0.04195107 0.68128200
v -0.44858483 0.05889457 0.67029527
v -0.46369942 0.07425235 0.65810741
v -0.47949135 0.08786248 0.64485561
v -0.49578900 0.09957720 0.63068389
v -0.51241945 0.10926489 0.61574109
v -0.52921071 0.11681221 0.60017894
v -0.54599384 0.12212590 0.58415032
v -0.56260484 0.12513441 0.56780770
v -0.57888637 0.12578944 0.55130166
v -0.59468907 0.12406720 0.53477985
v -0.60987273 0.11996909 0.51838589
v -0.62430725 0.11352257 0.50225865
v -0.63787323 0.10478107 0.48653153
v -0.65046227 0.09382403 0.47133225
v -0.66197728 0.08075622 0.45678234
v -0.67233248 0.06570675 0.44299694
v -0.68145322 0.04882770 0.43008469
v -0.68927567 0.03029246 0.41814769
v -0.69574676 0.01029348 0.40728111
v -0.70082356 -0.01095987 0.39757336
v -0.70447311 -0.03324421 0.38910559
v -0.70667208 -0.05632486 0.38195155
v -0.70740660 -0.07995892 0.37617704
v -0.70667208 -0.10389836 0.37183949
v -0.70447311 -0.12789339 0.36898729
v -0.70082356 -0.15169530 0.36765912
v -0.69574676 -0.17505971 0.36788308
v -0.68927567 -0.19774951 0.36967587
v -0.68145321 -0.21953755 0.37304190
v -0.67233250 -0.24020915 0.37797248
v -0.66197730 -0.25956458 0.38444491
v -0.65046227 -0.27742062 0.39242177
v -0.63787326 -0.29361242 0.40185035
v -0.62430726 -0.30799501 0.41266231
v -0.60987276 -0.32044372 0.42477323
v -0.59468905 -0.33085557 0.43808305
v -0.57888638 -0.33914896 0.45247594
v -0.56260481 -0.34526417 0.46782142
v -0.54599383 -0.34916290 0.48397480
v -0.52921074 -0.35082802 0.50077890
v -0.51241943 -0.35026291 0.51806546
v -0.49578902 -0.34749054 0.53565669
v -0.47949132 -0.34255278 0.55336804
v -0.46369943 -0.33550930 0.57100987
v -0.44858487 -0.32643654 0.58839057
v -0.43431542 -0.31542656 0.60531905
v -0.42105292 -0.30258629 0.62160713
v -0.40895014 -0.28803593 0.63707306
v -0.39814908 -0.27190858 0.65154341
v -0.38877796 -0.25434851 0.66485639
v -0.38094951 -0.23551097 0.67686378
v -0.37475875 -0.21556052 0.68743345
v -0.37028143 -0.19467042 0.69645111
v -0.36757272 -0.17302197 0.70382186
v -0.38653692 -0.15411530 0.72505548
v -0.38743288 -0.13174870 0.72889368
v -0.39010975 -0.10920577 0.73094865
v -0.39453454 -0.08668622 0.73121169
v -0.40065299 -0.06439193 0.72969535
v -0.40839043 -0.04252560 0.72643287
v -0.41765332 -0.02128923 0.72147698
v -0.42833061 -0.00088261 0.71489871
v -0.44029582 0.01849861 0.70678580
v -0.45340915 0.03666454 0.69724080
v -0.46751978 0.05343325 0.68637923
v -0.48246819 0.06863259 0.67432758
v -0.49808873 0.08210235 0.66122115
v -0.51421195 0.09369633 0.64720211
v -0.53066696 0.10328434 0.63241748
v -0.54728378 0.11075426 0.61701721
v -0.56389530 0.11601376 0.60115252
v -0.58033917 0.11899205 0.58497433
v -0.59645959 0.11964128 0.56863178
v -0.61210848 0.11793786 0.55227121
v -0.62714682 0.11388311 0.53603504
v -0.64144543 0.10750416 0.52006110
v -0.65488570 0.09885381 0.50448188
v -0.66735988 0.08801058 0.48942422
v -0.67877138 0.07507808 0.47500889
v -0.68903474 0.06018399 0.46135041
v -0.69807559 0.04347878 0.44855678
v -0.70583028 0.02513396 0.43672953
v -0.71224585 0.00533995 0.42596328
v -0.71727943 -0.01569611 0.41634590
v -0.72089809 -0.03775313 0.40795803
v -0.72307854 -0.06059889 0.40087285
v -0.72380690 -0.08399295 0.39515566
v -0.72307854 -0.10768983 0.39086336
v -0.72089809 -0.13144226 0.38804379
v -0.71727943 -0.15500401 0.38673509
v -0.71224585 -0.17813316 0.38696487
v -0.70583028 -0.20059490 0.38874938
v -0.69807558 -0.22216435 0.39209260
v -0.68903475 -0.24262890 0.39698553
v -0.67877139 -0.26179074 0.40340520
v -0.66735989 -0.27946842 0.41131413
v -0.65488574 -0.29549866 0.42065963
v -0.64144544 -0.30973783 0.43137357
v -0.62714685 -0.32206245 0.44337192
v -0.61210846 -0.33237051 0.45655523
v -0.59645960 -0.34058112 0.47080848
v -0.58033914 -0.34663515 0.48600225
v -0.56389529 -0.35049461 0.50199312
v -0.54728381 -0.35214255 0.51862542
v -0.53066695 -0.35158231 0.53573260
v -0.51421196 -0.34883667 0.55313880
v -0.49808871 -0.34394709 0.57066157
v -0.48246820 -0.33697273 0.58811349
v -0.46751982 -0.32798931 0.60530532
v -0.45340914 -0.31708810 0.62204836
v -0.44029584 -0.30437503 0.63815687
v -0.42833059 -0.28996917 0.65345149
v -0.41765332 -0.27400246 0.66776112
v -0.40839042 -0.25661776 0.68092619
v -0.40065298 -0.23796889 0.69280044
v -0.39453455 -0.21821882 0.70325356
v -0.39010974 -0.19753914 0.71217282
v -0.38743288 -0.17610937 0.71946452
v -0.40631224 -0.15744761 0.74073275
v -0.40719824 -0.13530440 0.74453364
v -0.40984536 -0.11298705 0.74657107
v -0.41422106 -0.09069325 0.74683632
v -0.42027186 -0.06862278 0.74534156
v -0.42792409 -0.04697631 0.74211948
v -0.43708542 -0.02595375 0.73722196
v -0.44764630 -0.00575280 0.73071898
v -0.45948191 0.01343289 0.72269701
v -0.47245423 0.03141544 0.71325718
v -0.48641433 0.04801480 0.70251351
v -0.50120468 0.06306061 0.69059082
v -0.51666159 0.07639436 0.67762277
v -0.53261760 0.08787134 0.66374980
v -0.54890375 0.09736271 0.64911726
v -0.56535191 0.10475750 0.63387345
v -0.58179671 0.10996431 0.61816801
v -0.59807745 0.11291307 0.60215033
v -0.61403979 0.11355641 0.58596812
v -0.62953703 0.11187091 0.56976640
v -0.64443131 0.10785788 0.55368638
v -0.65859452 0.10154410 0.53786472
v -0.67190893 0.09298178 0.52243288
v -0.68426750 0.08224859 0.50751680
v -0.69557431 0.06944706 0.49323634
v -0.70574439 0.05470349 0.47970521
v -0.71470376 0.03816677 0.46703070
v -0.72238911 0.02000669 0.45531360
v -0.72874766 0.00041165 0.44464795
v -0.73373674 -0.02041331 0.43512093
v -0.73732356 -0.04224935 0.42681258
v -0.73948486 -0.06486659 0.41979555
v -0.74020683 -0.08802704 0.41413455
v -0.73948486 -0.11148764 0.40988594
v -0.73732356 -0.13500360 0.40709705
v -0.73373674 -0.15833113 0.40580559
v -0.72874766 -0.18123066 0.40603868
v -0.72238911 -0.20346974 0.40781222
v -0.71470375 -0.22482561 0.41112995
v -0.70574442 -0.24508777 0.41598258
v -0.69557432 -0.26406032 0.42234715
v -0.68426751 -0.28156350 0.43018614
v -0.67190896 -0.29743563 0.43944707
v -0.65859454 -0.31153442 0.45006215
v -0.64443134 -0.32373758 0.46194790
v -0.62953701 -0.33394401 0.47500553
v -0.61403980 -0.34207365 0.48912095
v -0.59807742 -0.34806783 0.50416584
v -0.58179670 -0.35188898 0.51999807
v -0.56535194 -0.35352029 0.53646347
v -0.54890374 -0.35296504 0.55339716
v -0.53261762 -0.35024583 0.57062511
v -0.51666158 -0.34540372 0.58796683
v -0.50120469 -0.33849734 0.60523703
v -0.48641438 -0.32960171 0.62224860
v -0.47245422 -0.31880727 0.63881506
v -0.45948193 -0.30621892 0.65475290
v -0.44764628 -0.29195472 0.66988491
v -0.43708542 -0.27614527 0.68404211
v -0.42792408 -0.25893214 0.69706689
v -0.42027185 -0.24046769 0.70881481
v -0.41422107 -0.22091333 0.71915717
v -0.40984535 -0.20043898 0.72798260
v -0.40719824 -0.17922242 0.73519858
v -0.42602238 -0.16079348 0.75647385
v -0.42689890 -0.13886976 0.76023778
v -0.42951776 -0.11677390 0.76225702
v -0.43384679 -0.09470162 0.76252289
v -0.43983319 -0.07285070 0.76104730
v -0.44740419 -0.05141978 0.75786245
v -0.45646862 -0.03060674 0.75301947
v -0.46691821 -0.01060729 0.74658744
v -0.47862967 0.00838693 0.73865168
v -0.49146662 0.02618992 0.72931209
v -0.50528188 0.04262350 0.71868126
v -0.51991970 0.05751903 0.70688256
v -0.53521826 0.07071959 0.69404809
v -0.55101193 0.08208201 0.68031673
v -0.56713360 0.09147870 0.66583223
v -0.58341690 0.09879982 0.65074130
v -0.59969816 0.10395493 0.63519206
v -0.61581827 0.10687462 0.61933241
v -0.63162438 0.10751197 0.60330866
v -0.64697116 0.10584380 0.58726444
v -0.66172196 0.10187136 0.57133973
v -0.67574980 0.09562116 0.55566998
v -0.68893789 0.08714481 0.54038556
v -0.70118007 0.07651918 0.52561133
v -0.71238108 0.06384575 0.51146627
v -0.72245661 0.04924950 0.49806311
v -0.73133314 0.03287783 0.48550837
v -0.73894779 0.01489876 0.47390204
v -0.74524810 -0.00450119 0.46333739
v -0.75019163 -0.02511907 0.45390095
v -0.75374579 -0.04673821 0.44567210
v -0.75588744 -0.06913105 0.43872286
v -0.75660285 -0.09206196 0.43311735
v -0.75588744 -0.11529029 0.42891141
v -0.75374579 -0.13857368 0.42615187
v -0.75019163 -0.16167073 0.42487600
v -0.74524810 -0.18434424 0.42511057
v -0.73894779 -0.20636400 0.42687119
v -0.73133313 -0.22750947 0.43016135
v -0.72245662 -0.24757216 0.43497171
v -0.71238109 -0.26635805 0.44127927
v -0.70118008 -0.28368914 0.44904668
v -0.68893792 -0.29940530 0.45822177
v -0.67574982 -0.31336560 0.46873715
v -0.66172200 -0.32544889 0.48050997
v -0.64697114 -0.33555508 0.49344224
v -0.63162439 -0.34360481 0.50742082
v -0.61581824 -0.34954002 0.52231852
v -0.59969815 -0.35332345 0.53799455
v -0.58341693 -0.35493845 0.55429622
v -0.56713359 -0.35438832 0.57106028
v -0.55101194 -0.35169539 0.58811449
v -0.53521824 -0.34690035 0.60528025
v -0.51991971 -0.34006130 0.62237424
v -0.50528191 -0.33125253 0.63921142
v -0.49146661 -0.32056364 0.65560735
v -0.47862970 -0.30809855 0.67138059
v -0.46691819 -0.29397420 0.68635596
v -0.45646862 -0.27831997 0.70036639
v -0.44740418 -0.26127608 0.71325613
v -0.43983318 -0.24299339 0.72488237
v -0.43384680 -0.22363180 0.73511792
v -0.42951775 -0.20335958 0.74385268
v -0.42689890 -0.18235275 0.75099518
v -0.44568910 -0.16414838 0.77225742
v -0.44655649 -0.14244172 0.77598454
v -0.44914808 -0.12056480 0.77798514
v -0.45343209 -0.09871141 0.77825051
v -0.45935629 -0.07707735 0.77679241
v -0.46684879 -0.05585925 0.77364258
v -0.47581942 -0.03525304 0.76885152
v -0.48616120 -0.01545241 0.76248745
v -0.49775218 0.00335288 0.75463471
v -0.51045756 0.02097877 0.74539198
v -0.52413175 0.03724879 0.73487060
v -0.53862073 0.05199609 0.72319256
v -0.55376443 0.06506530 0.71048849
v -0.56939898 0.07631467 0.69689578
v -0.58535902 0.08561794 0.68255666
v -0.60147990 0.09286637 0.66761633
v -0.61759961 0.09797037 0.65222138
v -0.63356062 0.10086124 0.63651827
v -0.64921156 0.10149255 0.62065187
v -0.66440847 0.09984132 0.60476447
v -0.67901599 0.09590874 0.58899471
v -0.69290826 0.08972106 0.57347685
v -0.70596951 0.08132936 0.55834009
v -0.71809452 0.07080971 0.54370818
v -0.72918879 0.05826254 0.52969908
v -0.73916869 0.04381161 0.51642458
v -0.74796129 0.02760277 0.50399025
v -0.75550417 0.00980236 0.49249527
v -0.76174525 -0.00940496 0.48203211
v -0.76664243 -0.02981827 0.47268655
v -0.77016331 -0.05122307 0.46453727
v -0.77228495 -0.07339406 0.45765564
v -0.77299366 -0.09609796 0.45210524
v -0.77228495 -0.11909650 0.44794129
v -0.77016331 -0.14214972 0.44521022
v -0.76664243 -0.16501859 0.44394883
v -0.76174525 -0.18746826 0.44418359
v -0.75550417 -0.20927076 0.44592984
v -0.74796128 -0.23020771 0.44919095
v -0.73916870 -0.25007266 0.45395754
v -0.72918880 -0.26867349 0.46020667
v -0.71809453 -0.28583393 0.46790123
v -0.70596955 -0.30139539 0.47698939
v -0.69290827 -0.31521830 0.48740432
v -0.67901602 -0.32718270 0.49906382
v -0.66440845 -0.33718943 0.51187073
v -0.64921157 -0.34515991 0.52571294
v -0.63356059 -0.35103664 0.54046444
v -0.61759960 -0.35478272 0.55598575
v -0.60147993 -0.35638167 0.57212568
v -0.58535901 -0.35583669 0.58872259
v -0.56939900 -0.35316997 0.60560599
v -0.55376441 -0.34842180 0.62259912
v -0.53862075 -0.34164972 0.63952055
v -0.52413179 -0.33292729 0.65618720
v -0.51045755 -0.32234330 0.67241663
v -0.49775221 -0.31000062 0.68802934
v -0.48616118 -0.29601510 0.70285203
v -0.47581942 -0.28051485 0.71671951
v -0.46684878 -0.26363877 0.72947768
v -0.45935628 -0.24553627 0.74098537
v -0.45343210 -0.22636568 0.75111674
v -0.44914807 -0.20629361 0.75976293
v -0.44655649 -0.18549439 0.76683341
v -0.46532754 -0.16750915 0.78806857
v -0.46618603 -0.14601807 0.79175897
v -0.46875101 -0.12435856 0.79374055
v -0.47299106 -0.10272245 0.79400468
v -0.47885452 -0.08130360 0.79256294
v -0.48627030 -0.06029667 0.78944665
v -0.49514923 -0.03989559 0.78470574
v -0.50538547 -0.02029217 0.77840765
v -0.51685844 -0.00167420 0.77063574
v -0.52943472 0.01577604 0.76148766
v -0.54297032 0.03188395 0.75107352
v -0.55731287 0.04648427 0.73951394
v -0.57230395 0.05942326 0.72693821
v -0.58778144 0.07056055 0.71348225
v -0.60358166 0.07977116 0.69928682
v -0.61954165 0.08694743 0.68449564
v -0.63550102 0.09200070 0.66925383
v -0.65130382 0.09486293 0.65370637
v -0.66680017 0.09548812 0.63799672
v -0.68184748 0.09385357 0.62226580
v -0.69631170 0.08996041 0.60665093
v -0.71006812 0.08383460 0.59128510
v -0.72300207 0.07552671 0.57629630
v -0.73500925 0.06511205 0.56180717
v -0.74599603 0.05269002 0.54793456
v -0.75587948 0.03838312 0.53478927
v -0.76458730 0.02233575 0.52247595
v -0.77205759 0.00471257 0.51109284
v -0.77823873 -0.01430362 0.50073159
v -0.78308894 -0.03451389 0.49147720
v -0.78657610 -0.05570590 0.48340764
v -0.78867742 -0.07765659 0.47659360
v -0.78937935 -0.10013501 0.47109806
v -0.78867742 -0.12290524 0.46697571
v -0.78657610 -0.14572971 0.46427249
v -0.78308894 -0.16837178 0.46302483
v -0.77823873 -0.19059887 0.46325888
v -0.77205759 -0.21218531 0.46498977
v -0.76458729 -0.23291485 0.46822077
v -0.75587949 -0.25258309 0.47294248
v -0.74599604 -0.27099977 0.47913216
v -0.73500926 -0.28799037 0.48675292
v -0.72300211 -0.30339785 0.49575336
v -0.71006813 -0.31708402 0.50606720
v -0.69631172 -0.32893005 0.51761298
v -0.68184746 -0.33883778 0.53029443
v -0.66680017 -0.34672938 0.54400048
v -0.65130379 -0.35254794 0.55860628
v -0.63550101 -0.35625688 0.57397375
v -0.61954168 -0.35783988 0.58995315
v -0.60358165 -0.35730016 0.60638445
v -0.58778146 -0.35465964 0.62309889
v -0.57230393 -0.34995824 0.63992151
v -0.55731288 -0.34325293 0.65667273
v -0.54297035 -0.33461657 0.67317139
v -0.52943471 -0.32413707 0.68923691
v -0.51685846 -0.31191634 0.70469172
v -0.50538545 -0.29806907 0.71936437
v -0.49514923 -0.28272215 0.73309137
v -0.48627029 -0.26601309 0.74572029
v -0.47885451 -0.24808985 0.75711144
v -0.47299107 -0.22910921 0.76714033
v -0.46875100 -0.20923615 0.77569928
v -0.46618603 -0.18864326 0.78269870
v -0.48494809 -0.17087365 0.80389730
v -0.48579781 -0.14959731 0.80755102
v -0.48833661 -0.12815430 0.80951335
v -0.49253340 -0.10673453 0.80977571
v -0.49833710 -0.08552990 0.80834954
v -0.50567732 -0.06473315 0.80526582
v -0.51446588 -0.04453623 0.80057391
v -0.52459806 -0.02512902 0.79434050
v -0.53595453 -0.00669745 0.78664807
v -0.54840332 0.01057807 0.77759320
v -0.56180192 0.02652469 0.76728482
v -0.57599956 0.04097882 0.75584232
v -0.59083946 0.05378824 0.74339361
v -0.60616117 0.06481403 0.73007321
v -0.62180269 0.07393246 0.71602043
v -0.63760271 0.08103692 0.70137752
v -0.65340247 0.08603967 0.68628816
v -0.66904757 0.08887334 0.67089585
v -0.68438961 0.08949241 0.65534265
v -0.69928743 0.08787435 0.63976807
v -0.71360824 0.08402030 0.62430813
v -0.72722856 0.07795598 0.60909451
v -0.74003480 0.06973139 0.59425398
v -0.75192364 0.05942112 0.57990802
v -0.76280235 0.04712353 0.56617234
v -0.77258871 0.03295991 0.55315678
v -0.78121114 0.01707318 0.54096489
v -0.78860827 -0.00037362 0.52969407
v -0.79472894 -0.01919957 0.51943508
v -0.79953174 -0.03920772 0.51027212
v -0.80298482 -0.06018786 0.50228242
v -0.80506565 -0.08191916 0.49553599
v -0.80576072 -0.10417297 0.49009519
v -0.80506565 -0.12671576 0.48601417
v -0.80298482 -0.14931231 0.48333844
v -0.79953174 -0.17172833 0.48210399
v -0.79472894 -0.19373359 0.48233673
v -0.78860827 -0.21510465 0.48405158
v -0.78121113 -0.23562740 0.48725173
v -0.77258873 -0.25509947 0.49192785
v -0.76280236 -0.27333252 0.49805730
v -0.75192365 -0.29015373 0.50560358
v -0.74003484 -0.30540761 0.51451568
v -0.72722858 -0.31895737 0.52472795
v -0.71360827 -0.33068532 0.53615969
v -0.69928741 -0.34049431 0.54871553
v -0.68438962 -0.34830725 0.56228545
v -0.66904754 -0.35406776 0.57674584
v -0.65340246 -0.35773969 0.59195995
v -0.63760274 -0.35930684 0.60777954
v -0.62180268 -0.35877241 0.62404618
v -0.60616119 -0.35615809 0.64059281
v -0.59083945 -0.35150342 0.65724622
v -0.57599957 -0.34486479 0.67382872
v -0.56180196 -0.33631438 0.69016095
v -0.54840331 -0.32593920 0.70606425
v -0.53595455 -0.31384019 0.72136285
v -0.52459804 -0.30013086 0.73588707
v -0.51446588 -0.28493689 0.74947518
v -0.50567731 -0.26839440 0.76197630
v -0.49833709 -0.25064992 0.77325221
v -0.49253341 -0.23185865 0.78317975
v -0.48833660 -0.21218394 0.79165231
v -0.48579781 -0.19179667 0.79858127
v -0.50455749 -0.17424046 0.81973694
v -0.50539855 -0.15317839 0.82335397
v -0.50791144 -0.13195137 0.82529688
v -0.51206541 -0.11074738 0.82555715
v -0.51780991 -0.08975643 0.82414608
v -0.52507532 -0.06916926 0.82109430
v -0.53377437 -0.04917594 0.81645062
v -0.54380341 -0.02996438 0.81028107
v -0.55504439 -0.01171863 0.80266721
v -0.56736667 0.00538272 0.79370465
v -0.58062926 0.02116854 0.78350114
v -0.59468293 0.03547691 0.77217484
v -0.60937254 0.04815717 0.75985233
v -0.62453926 0.05907179 0.74666675
v -0.64002275 0.06809829 0.73275599
v -0.65566336 0.07513116 0.71826084
v -0.67130393 0.08008351 0.70332352
v -0.68679160 0.08288867 0.68808609
v -0.70197947 0.08350156 0.67268919
v -0.71672778 0.08189991 0.65727095
v -0.73090508 0.07808480 0.64196600
v -0.74438908 0.07208170 0.62690476
v -0.75706730 0.06394014 0.61221275
v -0.76883744 0.05373389 0.59801026
v -0.77960763 0.04156035 0.58441189
v -0.78929649 0.02753956 0.57152637
v -0.79783309 0.01181301 0.55945627
v -0.80515664 -0.00545795 0.54829805
v -0.81121647 -0.02409417 0.53814159
v -0.81597155 -0.04390072 0.52907027
v -0.81939036 -0.06466950 0.52116054
v -0.82145051 -0.08618193 0.51448176
v -0.82213869 -0.10821164 0.50909564
v -0.82145051 -0.13052746 0.50505583
v -0.81939036 -0.15289654 0.50240730
v -0.81597155 -0.17508695 0.50118577
v -0.81121647 -0.19687078 0.50141679
v -0.80515664 -0.21802681 0.50311515
v -0.79783308 -0.23834312 0.50628396
v -0.78929651 -0.25761932 0.51091396
v -0.77960764 -0.27566898 0.51698270
v -0.76883745 -0.29232103 0.52445401
v -0.75706734 -0.30742155 0.53327735
v -0.74438909 -0.32083505 0.54338772
v -0.73090511 -0.33244508 0.55470515
v -0.71672777 -0.34215544 0.56713522
v -0.70197948 -0.34988981 0.58056900
v -0.68679157 -0.35559240 0.59488409
v -0.67130392 -0.35922737 0.60994511
v -0.65566339 -0.36077872 0.62560531
v -0.64002274 -0.36024960 0.64170785
v -0.62453927 -0.35766150 0.65808735
v -0.60937253 -0.35305354 0.67457238
v -0.59468294 -0.34648159 0.69098704
v -0.58062930 -0.33801706 0.70715384
v -0.56736666 -0.32774612 0.72289594
v -0.55504440 -0.31576869 0.73803937
v -0.54380339 -0.30219716 0.75241622
v -0.53377437 -0.28715595 0.76586641
v -0.52507531 -0.27077983 0.77824066
v -0.51780990 -0.25321383 0.78940215
v -0.51206542 -0.23461161 0.79922899
v -0.50791143 -0.21513489 0.80761569
v -0.50539855 -0.19495283 0.81447454
v -0.52416004 -0.17760869 0.83558319
v -0.52499247 -0.15676061 0.83916356
v -0.52747964 -0.13574927 0.84108692
v -0.53159107 -0.11476079 0.84134489
v -0.53727677 -0.09398317 0.83994858
v -0.54446782 -0.07360527 0.83692833
v -0.55307786 -0.05381519 0.83233245
v -0.56300434 -0.03479894 0.82622624
v -0.57413041 -0.01673872 0.81869042
v -0.58632682 0.00018875 0.80981958
v -0.59945402 0.01581406 0.79972038
v -0.61336430 0.02997694 0.78850975
v -0.62790414 0.04252827 0.77631294
v -0.64291635 0.05333192 0.76326174
v -0.65824222 0.06226664 0.74949262
v -0.67372374 0.06922802 0.73514492
v -0.68920534 0.07413005 0.72035941
v -0.70453573 0.07690673 0.70527672
v -0.71956950 0.07751344 0.69003605
v -0.73416829 0.07592812 0.67477415
v -0.74820195 0.07215185 0.65962429
v -0.76154946 0.06620985 0.64471558
v -0.77409945 0.05815112 0.63017228
v -0.78575062 0.04804868 0.61611348
v -0.79641201 0.03599894 0.60265265
v -0.80600307 0.02212071 0.58989742
v -0.81445354 0.00655406 0.57794936
v -0.82170324 -0.01054132 0.56690397
v -0.82770199 -0.02898811 0.55685021
v -0.83240916 -0.04859335 0.54787066
v -0.83579351 -0.06915108 0.54004102
v -0.83783291 -0.09044492 0.53342991
v -0.83851416 -0.11225081 0.52809846
v -0.83783291 -0.13433994 0.52409974
v -0.83579351 -0.15648180 0.52147830
v -0.83240916 -0.17844683 0.52026945
v -0.82770199 -0.20000943 0.52049851
v -0.82170324 -0.22095063 0.52218009
v -0.81445353 -0.24106064 0.52531724
v -0.80600309 -0.26014114 0.52990079
v -0.79641202 -0.27800757 0.53590850
v -0.78575063 -0.29449058 0.54330450
v -0.77409949 -0.30943779 0.55203881
v -0.76154947 -0.32271514 0.56204701
v -0.74820198 -0.33420733 0.57324996
v -0.73416827 -0.34381914 0.58555414
v -0.71956951 -0.35147499 0.59885174
v -0.70453570 -0.35711968 0.61302159
v -0.68920533 -0.36071774 0.62792966
v -0.67372377 -0.36225331 0.64343070
v -0.65824221 -0.36172952 0.65936946
v -0.64291636 -0.35916765 0.67558224
v -0.62790412 -0.35460642 0.69189938
v -0.61336431 -0.34810111 0.70814676
v -0.59945405 -0.33972247 0.72414872
v -0.58632681 -0.32955574 0.73973024
v -0.57413043 -0.31769984 0.75471914
v -0.56300431 -0.30426605 0.76894926
v -0.55307786 -0.28937750 0.78226214
v -0.54446781 -0.27316762 0.79451005
v -0.53727676 -0.25577996 0.80555762
v -0.53159108 -0.23736663 0.81528420
v -0.52747963 -0.21808772 0.82358536
v -0.52499247 -0.19811065 0.83037434
v -0.54375857 -0.18097777 0.85143347
v -0.54458241 -0.16034354 0.85497716
v -0.54704395 -0.13954774 0.85688091
v -0.55111301 -0.11877457 0.85713642
v -0.55674012 -0.09821013 0.85575470
v -0.56385709 -0.07804131 0.85276575
v -0.57237845 -0.05845430 0.84821737
v -0.58220272 -0.03963318 0.84217417
v -0.59321426 -0.02175828 0.83471605
v -0.60528516 -0.00500453 0.82593660
v -0.61827731 0.01046043 0.81594137
v -0.63204457 0.02447797 0.80484607
v -0.64643496 0.03690049 0.79277468
v -0.66129293 0.04759329 0.77985760
v -0.67646142 0.05643633 0.76622988
v -0.69178402 0.06332628 0.75202946
v -0.70710679 0.06817802 0.73739565
v -0.72227998 0.07092622 0.72246762
v -0.73715966 0.07152672 0.70738317
v -0.75160889 0.06995769 0.69227763
v -0.76549885 0.06622024 0.67728293
v -0.77870975 0.06033923 0.66252684
v -0.79113134 0.05236322 0.64813240
v -0.80266336 0.04236448 0.63421745
v -0.81321578 0.03043842 0.62089431
v -0.82270883 0.01670262 0.60826955
v -0.83107297 0.00129569 0.59644371
v -0.83824864 -0.01562427 0.58551128
v -0.84418614 -0.03388178 0.57556038
v -0.84884526 -0.05328589 0.56667270
v -0.85219507 -0.07363273 0.55892320
v -0.85421365 -0.09470813 0.55237981
v -0.85488796 -0.11629035 0.54710299
v -0.85421365 -0.13815292 0.54314533
v -0.85219507 -0.16006769 0.54055088
v -0.84884526 -0.18180746 0.53935460
v -0.84418614 -0.20314894 0.53958153
v -0.83824864 -0.22387541 0.54124614
v -0.83107297 -0.24377922 0.54435143
v -0.82270884 -0.26266409 0.54888831
v -0.81321579 -0.28034733 0.55483475
v -0.80266337 -0.29666135 0.56215527
v -0.79113138 -0.31145534 0.57080034
v -0.77870976 -0.32459656 0.58070621
v -0.76549888 -0.33597095 0.59179453
v -0.75160887 -0.34548418 0.60397275
v -0.73715967 -0.35306156 0.61713413
v -0.72227995 -0.35864839 0.63115875
v -0.70710678 -0.36220955 0.64591395
v -0.69178405 -0.36372937 0.66125595
v -0.67646141 -0.36321093 0.67703111
v -0.66129294 -0.36067529 0.69307742
v -0.64643494 -0.35616078 0.70922694
v -0.63204458 -0.34972214 0.72530737
v -0.61827735 -0.34142936 0.74114485
v -0.60528515 -0.33136682 0.75656616
v -0.59321428 -0.31963245 0.77140092
v -0.58220270 -0.30633636 0.78548468
v -0.57237845 -0.29160044 0.79866062
v -0.56385708 -0.27555675 0.81078255
v -0.55674011 -0.25834737 0.82171649
v -0.55111302 -0.24012286 0.83134303
v -0.54704393 -0.22104164 0.83955886
v -0.54458241 -0.20126945 0.84627809
f 1 2 66
f 1 66 65
f 2 3 67
f 2 67 66
f 3 4 68
f 3 68 67
f 4 5 69
f 4 69 68
f 5 6 70
f 5 70 69
f 6 7 71
f 6 71 70
f 7 8 72
f 7 72 71
f 8 9 73
f 8 73 72
f 9 10 74
f 9 74 73
f 10 11 75
f 10 75 74
f 11 12 76
f 11 76 75
f 12 13 77
f 12 77 76
f 13 14 78
f 13 78 77
f 14 15 79
f 14 79 78
f 15 16 80
f 15 80 79
f 16 17 81
f 16 81 80
f 17 18 82
f 17 82 81
f 18 19 83
f 18 83 82
f 19 20 84
f 19 84 83
f 20 21 85
f 20 85 84
f 21 22 86
f 21 86 85
f 22 23 87
f 22 87 86
f 23 24 88
f 23 88 87
f 24 25 89
f 24 89 88
f 25 26 90
f 25 90 89
f 26 27 91
f 26 91 90
f 27 28 92
f 27 92 91
f 28 29 93
f 28 93 92
f 29 30 94
f 29 94 93
f 30 31 95
f 30 95 94
f 31 32 96
f 31 96 95
f 32 33 97
f 32 97 96
f 33 34 98
f 33 98 97
f 34 35 99
f 34 99 98
f 35 36 100
f 35 100 99
f 36 37 101
f 36 101 100
f 37 38 102
f 37 102 101
f 38 39 103
f 38 103 102
f 39 40 104
f 39 104 103
f 40 41 105
f 40 105 104
f 41 42 106
f 41 106 105
f 42 43 107
f 42 107 106
f 43 44 108
f 43 108 107
f 44 45 109
f 44 109 108
f 45 46 110
f 45 110 109
f 46 47 111
f 46 111 110
f 47 48 112
f 47 112 111
f 48 49 113
f 48 113 112
f 49 50 114
f 49 114 113
f 50 51 115
f 50 115 114
f 51 52 116
f 51 116 115
f 52 53 117
f 52 117 116
f 53 54 118
f 53 118 117
f 54 55 119
f 54 119 118
f 55 56 120
f 55 120 119
f 56 57 121
f 56 121 120
f 57 58 122
f 57 122 121
f 58 59 123
f 58 123 122
f 59 60 124
f 59 124 123
f 60 61 125
f 60 125 124
f 61 62 126
f 61 126 125
f 62 63 127
f 62 127 126
f 63 64 128
f 63 128 127
f 64 1 65
f 64 65 128
f 65 66 130
f 65 130 129
f 66 67 131
f 66 131 130
f 67 68 132
f 67 132 131
f 68 69 133
f 68 133 132
f 69 70 134
f 69 134 133
f 70 71 135
f 70 135 134
f 71 72 136
f 71 136 135
f 72 73 137
f 72 137 136
f 73 74 138
f 73 138 137
f 74 75 139
f 74 139 138
f 75 76 140
f 75 140 139
f 76 77 141
f 76 141 140
f 77 78 142
f 77 142 141
f 78 79 143
f 78 143 142
f 79 80 144
f 79 144 143
f 80 81 145
f 80 145 144
f 81 82 146
f 81 146 145
f 82 83 147
f 82 147 146
f 83 84 148
f 83 148 147
f 84 85 149
f 84 149 148
f 85 86 150
f 85 150 149
f 86 87 151
f 86 151 150
f 87 88 152
f 87 152 151
f 88 89 153
f 88 153 152
f 89 90 154
f 89 154 153
f 90 91 155
f 90 155 154
f 91 92 156
f 91 156 155
f 92 93 157
f 92 157 156
f 93 94 158
f 93 158 157
f 94 95 159
f 94 159 158
f 95 96 160
f 95 160 159
f 96 97 161
f 96 161 160
f 97 98 162
f 97 162 161
f 98 99 163
f 98 163 162
f 99 100 164
f 99 164 163
f 100 101 165
f 100 165 164
f 101 102 166
f 101 166 165
f 102 103 167
f 102 167 166
f 103 104 168
f 103 168 167
f 104 105 169
f 104 169 168
f 105 106 170
f 105 170 169
f 106 107 171
f 106 171 170
f 107 108 172
f 107 172 171
f 108 109 173
f 108 173 172
f 109 110 174
f 109 174 173
f 110 111 175
f 110 175 174
f 111 112 176
f 111 176 175
f 112 113 177
f 112 177 176
f 113 114 178
f 113 178 177
f 114 115 179
f 114 179 178
f 115 116 180
f 115 180 179
f 116 117 181
f 116 181 180
f 117 118 182
f 117 182 181
f 118 119 183
f 118 183 182
f 119 120 184
f 119 184 183
f 120 121 185
f 120 185 184
f 121 122 186
f 121 186 185
f 122 123 187
f 122 187 186
f 123 124 188
f 123 188 187
f 124 125 189
f 124 189 188
f 125 126 190
f 125 190 189
f 126 127 191
f 126 191 190
f 127 128 192
f 127 192 191
f 128 65 129
f 128 129 192
f 129 130 194
f 129 194 193
f 130 131 195
f 130 195 194
f 131 132 196
f 131 196 195
f 132 133 197
f 132 197 196
f 133 134 198
f 133 198 197
f 134 135 199
f 134 199 198
f 135 136 200
f 135 200 199
f 136 137 201
f 136 201 200
f 137 138 202
f 137 202 201
f 138 139 203
f 138 203 202
f 139 140 204
f 139 204 203
f 140 141 205
f 140 205 204
f 141 142 206
f 141 206 205
f 142 143 207
f 142 207 206
f 143 144 208
f 143 208 207
f 144 145 209
f 144 209 208
f 145 146 210
f 145 210 209
f 146 147 211
f 146 211 210
f 147 148 212
f 147 212 211
f 148 149 213
f 148 213 212
f 149 150 214
f 149 214 213
f 150 151 215
f 150 215 214
f 151 152 216
f 151 216 215
f 152 153 217
f 152 217 216
f 153 154 218
f 153 218 217
f 154 155 219
f 154 219 218
f 155 156 220
f 155 220 219
f 156 157 221
f 156 221 220
f 157 158 222
f 157 222 221
f 158 159 223
f 158 223 222
f 159 160 224
f 159 224 223
f 160 161 225
f 160 225 224
f 161 162 226
f 161 226 225
f 162 163 227
f 162 227 226
f 163 164 228
f 163 228 227
f 164 165 229
f 164 229 228
f 165 166 230
f 165 230 229
f 166 167 231
f 166 231 230
f 167 168 232
f 167 232 231
f 168 169 233
f 168 233 232
f 169 170 234
f 169 234 233
f 170 171 235
f 170 235 234
f 171 172 236
f 171 236 235
f 172 173 237
f 172 237 236
f 173 174 238
f 173 238 237
f 174 175 239
f 174 239 238
f 175 176 240
f 175 240 239
f 176 177 241
f 176 241 240
f 177 178 242
f 177 242 241
f 178 179 243
f 178 243 242
f 179 180 244
f 179 244 243
f 180 181 245
f 180 245 244
f 181 182 246
f 181 246 245
f 182 183 247
f 182 247 246
f 183 184 248
f 183 248 247
f 184 185 249
f 184 249 248
f 185 186 250
f 185 250 249
f 186 187 251
f 186 251 250
f 187 188 252
f 187 252 251
f 188 189 253
f 188 253 252
f 189 190 254
f 189 254 253
f 190 191 255
f 190 255 254
f 191 192 256
f 191 256 255
f 192 129 193
f 192 193 256
f 193 194 258
f 193 258 257
f 194 195 259
f 194 259 258
f 195 196 260
f 195 260 259
f 196 197 261
f 196 261 260
f 197 198 262
f 197 262 261
f 198 199 263
f 198 263 262
f 199 200 264
f 199 264 263
f 200 201 265
f 200 265 264
f 201 202 266
f 201 266 265
f 202 203 267
f 202 267 266
f 203 204 268
f 203 268 267
f 204 205 269
f 204 269 268
f 205 206 270
f 205 270 269
f 206 207 271
f 206 271 270
f 207 208 272
f 207 272 271
f 208 209 273
f 208 273 272
f 209 210 274
f 209 274 273
f 210 211 275
f 210 275 274
f 211 212 276
f 211 276 275
f 212 213 277
f 212 277 276
f 213 214 278
f 213 278 277
f 214 215 279
f 214 279 278
f 215 216 280
f 215 280 279
f 216 217 281
f 216 281 280
f 217 218 282
f 217 282 281
f 218 219 283
f 218 283 282
f 219 220 284
f 219 284 283
f 220 221 285
f 220 285 284
f 221 222 286
f 221 286 285
f 222 223 287
f 222 287 286
f 223 224 288
f 223 288 287
f 224 225 289
f 224 289 288
f 225 226 290
f 225 290 289
f 226 227 291
f 226 291 290
f 227 228 292
f 227 292 291
f 228 229 293
f 228 293 292
f 229 230 294
f 229 294 293
f 230 231 295
f 230 295 294
f 231 232 296
f 231 296 295
f 232 233 297
f 232 297 296
f 233 234 298
f 233 298 297
f 234 235 299
f 234 299 298
f 235 236 300
f 235 300 299
f 236 237 301
f 236 301 300
f 237 238 302
f 237 302 301
f 238 239 303
f 238 303 302
f 239 240 304
f 239 304 303
f 240 241 305
f 240 305 304
f 241 242 306
f 241 306 305
f 242 243 307
f 242 307 306
f 243 244 308
f 243 308 307
f 244 245 309
f 244 309 308
f 245 246 310
f 245 310 309
f 246 247 311
f 246 311 310
f 247 248 312
f 247 312 311
f 248 249 313
f 248 313 312
f 249 250 314
f 249 314 313
f 250 251 315
f 250 315 314
f 251 252 316
f 251 316 315
f 252 253 317
f 252 317 316
f 253 254 318
f 253 318 317
f 254 255 319
f 254 319 318
f 255 256 320
f 255 320 319
f 256 193 257
f 256 257 320
f 257 258 322
f 257 322 321
f 258 259 323
f 258 323 322
f 259 260 324
f 259 324 323
f 260 261 325
f 260 325 324
f 261 262 326
f 261 326 325
f 262 263 327
f 262 327 326
f 263 264 328
f 263 328 327
f 264 265 329
f 264 329 328
f 265 266 330
f 265 330 329
f 266 267 331
f 266 331 330
f 267 268 332
f 267 332 331
f 268 269 333
f 268 333 332
f 269 270 334
f 269 334 333
f 270 271 335
f 270 335 334
f 271 272 336
f 271 336 335
f 272 273 337
f 272 337 336
f 273 274 338
f 273 338 337
f 274 275 339
f 274 339 338
f 275 276 340
f 275 340 339
f 276 277 341
f 276 341 340
f 277 278 342
f 277 342 341
f 278 279 343
f 278 343 342
f 279 280 344
f 279 344 343
f 280 281 345
f 280 345 344
f 281 282 346
f 281 346 345
f 282 283 347
f 282 347 346
f 283 284 348
f 283 348 347
f 284 285 349
f 284 349 348
f 285 286 350
f 285 350 349
f 286 287 351
f 286 351 350
f 287 288 352
f 287 352 351
f 288 289 353
f 288 353 352
f 289 290 354
f 289 354 353
f 290 291 355
f 290 355 354
f 291 292 356
f 291 356 355
f 292 293 357
f 292 357 356
f 293 294 358
f 293 358 357
f 294 295 359
f 294 359 358
f 295 296 360
f 295 360 359
f 296 297 361
f 296 361 360
f 297 298 362
f 297 362 361
f 298 299 363
f 298 363 362
f 299 300 364
f 299 364 363
f 300 301 365
f 300 365 364
f 301 302 366
f 301 366 365
f 302 303 367
f 302 367 366
f 303 304 368
f 303 368 367
f 304 305 369
f 304 369 368
f 305 306 370
f 305 370 369
f 306 307 371
f 306 371 370
f 307 308 372
f 307 372 371
f 308 309 373
f 308 373 372
f 309 310 374
f 309 374 373
f 310 311 375
f 310 375 374
f 311 312 376
f 311 376 375
f 312 313 377
f 312 377 376
f 313 314 378
f 313 378 377
f 314 315 379
f 314 379 378
f 315 316 380
f 315 380 379
f 316 317 381
f 316 381 380
f 317 318 382
f 317 382 381
f 318 319 383
f 318 383 382
f 319 320 384
f 319 384 383
f 320 257 321
f 320 321 384
f 321 322 386
f 321 386 385
f 322 323 387
f 322 387 386
f 323 324 388
f 323 388 387
f 324 325 389
f 324 389 388
f 325 326 390
f 325 390 389
f 326 327 391
f 326 391 390
f 327 328 392
f 327 392 391
f 328 329 393
f 328 393 392
f 329 330 394
f 329 394 393
f 330 331 395
f 330 395 394
f 331 332 396
f 331 396 395
f 332 333 397
f 332 397 396
f 333 334 398
f 333 398 397
f 334 335 399
f 334 399 398
f 335 336 400
f 335 400 399
f 336 337 401
f 336 401 400
f 337 338 402
f 337 402 401
f 338 339 403
f 338 403 402
f 339 340 404
f 339 404 403
f 340 341 405
f 340 405 404
f 341 342 406
f 341 406 405
f 342 343 407
f 342 407 406
f 343 344 408
f 343 408 407
f 344 345 409
f 344 409 408
f 345 346 410
f 345 410 409
f 346 347 411
f 346 411 410
f 347 348 412
f 347 412 411
f 348 349 413
f 348 413 412
f 349 350 414
f 349 414 413
f 350 351 415
f 350 415 414
f 351 352 416
f 351 416 415
f 352 353 417
f 352 417 416
f 353 354 418
f 353 418 417
f 354 355 419
f 354 419 418
f 355 356 420
f 355 420 419
f 356 357 421
f 356 421 420
f 357 358 422
f 357 422 421
f 358 359 423
f 358 423 422
f 359 360 424
f 359 424 423
f 360 361 425
f 360 425 424
f 361 362 426
f 361 426 425
f 362 363 427
f 362 427 426
f 363 364 428
f 363 428 427
f 364 365 429
f 364 429 428
f 365 366 430
f 365 430 429
f 366 367 431
f 366 431 430
f 367 368 432
f 367 432 431
f 368 369 433
f 368 433 432
f 369 370 434
f 369 434 433
f 370 371 435
f 370 435 434
f 371 372 436
f 371 436 435
f 372 373 437
f 372 437 436
f 373 374 438
f 373 438 437
f 374 375 439
f 374 439 438
f 375 376 440
f 375 440 439
f 376 377 441
f 376 441 440
f 377 378 442
f 377 442 441
f 378 379 443
f 378 443 442
f 379 380 444
f 379 444 443
f 380 381 445
f 380 445 444
f 381 382 446
f 381 446 445
f 382 383 447
f 382 447 446
f 383 384 448
f 383 448 447
f 384 321 385
f 384 385 448
f 385 386 450
f 385 450 449
f 386 387 451
f 386 451 450
f 387 388 452
f 387 452 451
f 388 389 453
f 388 453 452
f 389 390 454
f 389 454 453
f 390 391 455
f 390 455 454
f 391 392 456
f 391 456 455
f 392 393 457
f 392 457 456
f 393 394 458
f 393 458 457
f 394 395 459
f 394 459 458
f 395 396 460
f 395 460 459
f 396 397 461
f 396 461 460
f 397 398 462
f 397 462 461
f 398 399 463
f 398 463 462
f 399 400 464
f 399 464 463
f 400 401 465
f 400 465 464
f 401 402 466
f 401 466 465
f 402 403 467
f 402 467 466
f 403 404 468
f 403 468 467
f 404 405 469
f 404 469 468
f 405 406 470
f 405 470 469
f 406 407 471
f 406 471 470
f 407 408 472
f 407 472 471
f 408 409 473
f 408 473 472
f 409 410 474
f 409 474 473
f 410 411 475
f 410 475 474
f 411 412 476
f 411 476 475
f 412 413 477
f 412 477 476
f 413 414 478
f 413 478 477
f 414 415 479
f 414 479 478
f 415 416 480
f 415 480 479
f 416 417 481
f 416 481 480
f 417 418 482
f 417 482 481
f 418 419 483
f 418 483 482
f 419 420 484
f 419 484 483
f 420 421 485
f 420 485 484
f 421 422 486
f 421 486 485
f 422 423 487
f 422 487 486
f 423 424 488
f 423 488 487
f 424 425 489
f 424 489 488
f 425 426 490
f 425 490 489
f 426 427 491
f 426 491 490
f 427 428 492
f 427 492 491
f 428 429 493
f 428 493 492
f 429 430 494
f 429 494 493
f 430 431 495
f 430 495 494
f 431 432 496
f 431 496 495
f 432 433 497
f 432 497 496
f 433 434 498
f 433 498 497
f 434 435 499
f 434 499 498
f 435 436 500
f 435 500 499
f 436 437 501
f 436 501 500
f 437 438 502
f 437 502 501
f 438 439 503
f 438 503 502
f 439 440 504
f 439 504 503
f 440 441 505
f 440 505 504
f 441 442 506
f 441 506 505
f 442 443 507
f 442 507 506
f 443 444 508
f 443 508 507
f 444 445 509
f 444 509 508
f 445 446 510
f 445 510 509
f 446 447 511
f 446 511 510
f 447 448 512
f 447 512 511
f 448 385 449
f 448 449 512
f 449 450 514
f 449 514 513
f 450 451 515
f 450 515 514
f 451 452 516
f 451 516 515
f 452 453 517
f 452 517 516
f 453 454 518
f 453 518 517
f 454 455 519
f 454 519 518
f 455 456 520
f 455 520 519
f 456 457 521
f 456 521 520
f 457 458 522
f 457 522 521
f 458 459 523
f 458 523 522
f 459 460 524
f 459 524 523
f 460 461 525
f 460 525 524
f 461 462 526
f 461 526 525
f 462 463 527
f 462 527 526
f 463 464 528
f 463 528 527
f 464 465 529
f 464 529 528
f 465 466 530
f 465 530 529
f 466 467 531
f 466 531 530
f 467 468 532
f 467 532 531
f 468 469 533
f 468 533 532
f 469 470 534
f 469 534 533
f 470 471 535
f 470 535 534
f 471 472 536
f 471 536 535
f 472 473 537
f 472 537 536
f 473 474 538
f 473 538 537
f 474 475 539
f 474 539 538
f 475 476 540
f 475 540 539
f 476 477 541
f 476 541 540
f 477 478 542
f 477 542 541
f 478 479 543
f 478 543 542
f 479 480 544
f 479 544 543
f 480 481 545
f 480 545 544
f 481 482 546
f 481 546 545
f 482 483 547
f 482 547 546
f 483 484 548
f 483 548 547
f 484 485 549
f 484 549 548
f 485 486 550
f 485 550 549
f 486 487 551
f 486 551 550
f 487 488 552
f 487 552 551
f 488 489 553
f 488 553 552
f 489 490 554
f 489 554 553
f 490 491 555
f 490 555 554
f 491 492 556
f 491 556 555
f 492 493 557
f 492 557 556
f 493 494 558
f 493 558 557
f 494 495 559
f 494 559 558
f 495 496 560
f 495 560 559
f 496 497 561
f 496 561 560
f 497 498 562
f 497 562 561
f 498 499 563
f 498 563 562
f 499 500 564
f 499 564 563
f 500 501 565
f 500 565 564
f 501 502 566
f 501 566 565
f 502 503 567
f 502 567 566
f 503 504 568
f 503 568 567
f 504 505 569
f 504 569 568
f 505 506 570
f 505 570 569
f 506 507 571
f 506 571 570
f 507 508 572
f 507 572 571
f 508 509 573
f 508 573 572
f 509 510 574
f 509 574 573
f 510 511 575
f 510 575 574
f 511 512 576
f 511 576 575
f 512 449 513
f 512 513 576
f 513 514 578
f 513 578 577
f 514 515 579
f 514 579 578
f 515 516 580
f 515 580 579
f 516 517 581
f 516 581 580
f 517 518 582
f 517 582 581
f 518 519 583
f 518 583 582
f 519 520 584
f 519 584 583
f 520 521 585
f 520 585 584
f 521 522 586
f 521 586 585
f 522 523 587
f 522 587 586
f 523 524 588
f 523 588 587
f 524 525 589
f 524 589 588
f 525 526 590
f 525 590 589
f 526 527 591
f 526 591 590
f 527 528 592
f 527 592 591
f 528 529 593
f 528 593 592
f 529 530 594
f 529 594 593
f 530 531 595
f 530 595 594
f 531 532 596
f 531 596 595
f 532 533 597
f 532 597 596
f 533 534 598
f 533 598 597
f 534 535 599
f 534 599 598
f 535 536 600
f 535 600 599
f 536 537 601
f 536 601 600
f 537 538 602
f 537 602 601
f 538 539 603
f 538 603 602
f 539 540 604
f 539 604 603
f 540 541 605
f 540 605 604
f 541 542 606
f 541 606 605
f 542 543 607
f 542 607 606
f 543 544 608
f 543 608 607
f 544 545 609
f 544 609 608
f 545 546 610
f 545 610 609
f 546 547 611
f 546 611 610
f 547 548 612
f 547 612 611
f 548 549 613
f 548 613 612
f 549 550 614
f 549 614 613
f 550 551 615
f 550 615 614
f 551 552 616
f 551 616 615
f 552 553 617
f 552 617 616
f 553 554 618
f 553 618 617
f 554 555 619
f 554 619 618
f 555 556 620
f 555 620 619
f 556 557 621
f 556 621 620
f 557 558 622
f 557 622 621
f 558 559 623
f 558 623 622
f 559 560 624
f 559 624 623
f 560 561 625
f 560 625 624
f 561 562 626
f 561 626 625
f 562 563 627
f 562 627 626
f 563 564 628
f 563 628 627
f 564 565 629
f 564 629 628
f 565 566 630
f 565 630 629
f 566 567 631
f 566 631 630
f 567 568 632
f 567 632 631
f 568 569 633
f 568 633 632
f 569 570 634
f 569 634 633
f 570 571 635
f 570 635 634
f 571 572 636
f 571 636 635
f 572 573 637
f 572 637 636
f 573 574 638
f 573 638 637
f 574 575 639
f 574 639 638
f 575 576 640
f 575 640 639
f 576 513 577
f 576 577 640
f 577 578 642
f 577 642 641
f 578 579 643
f 578 643 642
f 579 580 644
f 579 644 643
f 580 581 645
f 580 645 644
f 581 582 646
f 581 646 645
f 582 583 647
f 582 647 646
f 583 584 648
f 583 648 647
f 584 585 649
f 584 649 648
f 585 586 650
f 585 650 649
f 586 587 651
f 586 651 650
f 587 588 652
f 587 652 651
f 588 589 653
f 588 653 652
f 589 590 654
f 589 654 653
f 590 591 655
f 590 655 654
f 591 592 656
f 591 656 655
f 592 593 657
f 592 657 656
f 593 594 658
f 593 658 657
f 594 595 659
f 594 659 658
f 595 596 660
f 595 660 659
f 596 597 661
f 596 661 660
f 597 598 662
f 597 662 661
f 598 599 663
f 598 663 662
f 599 600 664
f 599 664 663
f 600 601 665
f 600 665 664
f 601 602 666
f 601 666 665
f 602 603 667
f 602 667 666
f 603 604 668
f 603 668 667
f 604 605 669
f 604 669 668
f 605 606 670
f 605 670 669
f 606 607 671
f 606 671 670
f 607 608 672
f 607 672 671
f 608 609 673
f 608 673 672
f 609 610 674
f 609 674 673
f 610 611 675
f 610 675 674
f 611 612 676
f 611 676 675
f 612 613 677
f 612 677 676
f 613 614 678
f 613 678 677
f 614 615 679
f 614 679 678
f 615 616 680
f 615 680 679
f 616 617 681
f 616 681 680
f 617 618 682
f 617 682 681
f 618 619 683
f 618 683 682
f 619 620 684
f 619 684 683
f 620 621 685
f 620 685 684
f 621 622 686
f 621 686 685
f 622 623 687
f 622 687 686
f 623 624 688
f 623 688 687
f 624 625 689
f 624 689 688
f 625 626 690
f 625 690 689
f 626 627 691
f 626 691 690
f 627 628 692
f 627 692 691
f 628 629 693
f 628 693 692
f 629 630 694
f 629 694 693
f 630 631 695
f 630 695 694
f 631 632 696
f 631 696 695
f 632 633 697
f 632 697 696
f 633 634 698
f 633 698 697
f 634 635 699
f 634 699 698
f 635 636 700
f 635 700 699
f 636 637 701
f 636 701 700
f 637 638 702
f 637 702 701
f 638 639 703
f 638 703 702
f 639 640 704
f 639 704 703
f 640 577 641
f 640 641 704
f 641 642 706
f 641 706 705
f 642 643 707
f 642 707 706
f 643 644 708
f 643 708 707
f 644 645 709
f 644 709 708
f 645 646 710
f 645 710 709
f 646 647 711
f 646 711 710
f 647 648 712
f 647 712 711
f 648 649 713
f 648 713 712
f 649 650 714
f 649 714 713
f 650 651 715
f 650 715 714
f 651 652 716
f 651 716 715
f 652 653 717
f 652 717 716
f 653 654 718
f 653 718 717
f 654 655 719
f 654 719 718
f 655 656 720
f 655 720 719
f 656 657 721
f 656 721 720
f 657 658 722
f 657 722 721
f 658 659 723
f 658 723 722
f 659 660 724
f 659 724 723
f 660 661 725
f 660 725 724
f 661 662 726
f 661 726 725
f 662 663 727
f 662 727 726
f 663 664 728
f 663 728 727
f 664 665 729
f 664 729 728
f 665 666 730
f 665 730 729
f 666 667 731
f 666 731 730
f 667 668 732
f 667 732 731
f 668 669 733
f 668 733 732
f 669 670 734
f 669 734 733
f 670 671 735
f 670 735 734
f 671 672 736
f 671 736 735
f 672 673 737
f 672 737 736
f 673 674 738
f 673 738 737
f 674 675 739
f 674 739 738
f 675 676 740
f 675 740 739
f 676 677 741
f 676 741 740
f 677 678 742
f 677 742 741
f 678 679 743
f 678 743 742
f 679 680 744
f 679 744 743
f 680 681 745
f 680 745 744
f 681 682 746
f 681 746 745
f 682 683 747
f 682 747 746
f 683 684 748
f 683 748 747
f 684 685 749
f 684 749 748
f 685 686 750
f 685 750 749
f 686 687 751
f 686 751 750
f 687 688 752
f 687 752 751
f 688 689 753
f 688 753 752
f 689 690 754
f 689 754 753
f 690 691 755
f 690 755 754
f 691 692 756
f 691 756 755
f 692 693 757
f 692 757 756
f 693 694 758
f 693 758 757
f 694 695 759
f 694 759 758
f 695 696 760
f 695 760 759
f 696 697 761
f 696 761 760
f 697 698 762
f 697 762 761
f 698 699 763
f 698 763 762
f 699 700 764
f 699 764 763
f 700 701 765
f 700 765 764
f 701 702 766
f 701 766 765
f 702 703 767
f 702 767 766
f 703 704 768
f 703 768 767
f 704 641 705
f 704 705 768
f 705 706 770
f 705 770 769
f 706 707 771
f 706 771 770
f 707 708 772
f 707 772 771
f 708 709 773
f 708 773 772
f 709 710 774
f 709 774 773
f 710 711 775
f 710 775 774
f 711 712 776
f 711 776 775
f 712 713 777
f 712 777 776
f 713 714 778
f 713 778 777
f 714 715 779
f 714 779 778
f 715 716 780
f 715 780 779
f 716 717 781
f 716 781 780
f 717 718 782
f 717 782 781
f 718 719 783
f 718 783 782
f 719 720 784
f 719 784 783
f 720 721 785
f 720 785 784
f 721 722 786
f 721 786 785
f 722 723 787
f 722 787 786
f 723 724 788
f 723 788 787
f 724 725 789
f 724 789 788
f 725 726 790
f 725 790 789
f 726 727 791
f 726 791 790
f 727 728 792
f 727 792 791
f 728 729 793
f 728 793 792
f 729 730 794
f 729 794 793
f 730 731 795
f 730 795 794
f 731 732 796
f 731 796 795
f 732 733 797
f 732 797 796
f 733 734 798
f 733 798 797
f 734 735 799
f 734 799 798
f 735 736 800
f 735 800 799
f 736 737 801
f 736 801 800
f 737 738 802
f 737 802 801
f 738 739 803
f 738 803 802
f 739 740 804
f 739 804 803
f 740 741 805
f 740 805 804
f 741 742 806
f 741 806 805
f 742 743 807
f 742 807 806
f 743 744 808
f 743 808 807
f 744 745 809
f 744 809 808
f 745 746 810
f 745 810 809
f 746 747 811
f 746 811 810
f 747 748 812
f 747 812 811
f 748 749 813
f 748 813 812
f 749 750 814
f 749 814 813
f 750 751 815
f 750 815 814
f 751 752 816
f 751 816 815
f 752 753 817
f 752 817 816
f 753 754 818
f 753 818 817
f 754 755 819
f 754 819 818
f 755 756 820
f 755 820 819
f 756 757 821
f 756 821 820
f 757 758 822
f 757 822 821
f 758 759 823
f 758 823 822
f 759 760 824
f 759 824 823
f 760 761 825
f 760 825 824
f 761 762 826
f 761 826 825
f 762 763 827
f 762 827 826
f 763 764 828
f 763 828 827
f 764 765 829
f 764 829 828
f 765 766 830
f 765 830 829
f 766 767 831
f 766 831 830
f 767 768 832
f 767 832 831
f 768 705 769
f 768 769 832
f 769 770 834
f 769 834 833
f 770 771 835
f 770 835 834
f 771 772 836
f 771 836 835
f 772 773 837
f 772 837 836
f 773 774 838
f 773 838 837
f 774 775 839
f 774 839 838
f 775 776 840
f 775 840 839
f 776 777 841
f 776 841 840
f 777 778 842
f 777 842 841
f 778 779 843
f 778 843 842
f 779 780 844
f 779 844 843
f 780 781 845
f 780 845 844
f 781 782 846
f 781 846 845
f 782 783 847
f 782 847 846
f 783 784 848
f 783 848 847
f 784 785 849
f 784 849 848
f 785 786 850
f 785 850 849
f 786 787 851
f 786 851 850
f 787 788 852
f 787 852 851
f 788 789 853
f 788 853 852
f 789 790 854
f 789 854 853
f 790 791 855
f 790 855 854
f 791 792 856
f 791 856 855
f 792 793 857
f 792 857 856
f 793 794 858
f 793 858 857
f 794 795 859
f 794 859 858
f 795 796 860
f 795 860 859
f 796 797 861
f 796 861 860
f 797 798 862
f 797 862 861
f 798 799 863
f 798 863 862
f 799 800 864
f 799 864 863
f 800 801 865
f 800 865 864
f 801 802 866
f 801 866 865
f 802 803 867
f 802 867 866
f 803 804 868
f 803 868 867
f 804 805 869
f 804 869 868
f 805 806 870
f 805 870 869
f 806 807 871
f 806 871 870
f 807 808 872
f 807 872 871
f 808 809 873
f 808 873 872
f 809 810 874
f 809 874 873
f 810 811 875
f 810 875 874
f 811 812 876
f 811 876 875
f 812 813 877
f 812 877 876
f 813 814 878
f 813 878 877
f 814 815 879
f 814 879 878
f 815 816 880
f 815 880 879
f 816 817 881
f 816 881 880
f 817 818 882
f 817 882 881
f 818 819 883
f 818 883 882
f 819 820 884
f 819 884 883
f 820 821 885
f 820 885 884
f 821 822 886
f 821 886 885
f 822 823 887
f 822 887 886
f 823 824 888
f 823 888 887
f 824 825 889
f 824 889 888
f 825 826 890
f 825 890 889
f 826 827 891
f 826 891 890
f 827 828 892
f 827 892 891
f 828 829 893
f 828 893 892
f 829 830 894
f 829 894 893
f 830 831 895
f 830 895 894
f 831 832 896
f 831 896 895
f 832 769 833
f 832 833 896
f 833 834 898
f 833 898 897
f 834 835 899
f 834 899 898
f 835 836 900
f 835 900 899
f 836 837 901
f 836 901 900
f 837 838 902
f 837 902 901
f 838 839 903
f 838 903 902
f 839 840 904
f 839 904 903
f 840 841 905
f 840 905 904
f 841 842 906
f 841 906 905
f 842 843 907
f 842 907 906
f 843 844 908
f 843 908 907
f 844 845 909
f 844 909 908
f 845 846 910
f 845 910 909
f 846 847 911
f 846 911 910
f 847 848 912
f 847 912 911
f 848 849 913
f 848 913 912
f 849 850 914
f 849 914 913
f 850 851 915
f 850 915 914
f 851 852 916
f 851 916 915
f 852 853 917
f 852 917 916
f 853 854 918
f 853 918 917
f 854 855 919
f 854 919 918
f 855 856 920
f 855 920 919
f 856 857 921
f 856 921 920
f 857 858 922
f 857 922 921
f 858 859 923
f 858 923 922
f 859 860 924
f 859 924 923
f 860 861 925
f 860 925 924
f 861 862 926
f 861 926 925
f 862 863 927
f 862 927 926
f 863 864 928
f 863 928 927
f 864 865 929
f 864 929 928
f 865 866 930
f 865 930 929
f 866 867 931
f 866 931 930
f 867 868 932
f 867 932 931
f 868 869 933
f 868 933 932
f 869 870 934
f 869 934 933
f 870 871 935
f 870 935 934
f 871 872 936
f 871 936 935
f 872 873 937
f 872 937 936
f 873 874 938
f 873 938 937
f 874 875 939
f 874 939 938
f 875 876 940
f 875 940 939
f 876 877 941
f 876 941 940
f 877 878 942
f 877 942 941
f 878 879 943
f 878 943 942
f 879 880 944
f 879 944 943
f 880 881 945
f 880 945 944
f 881 882 946
f 881 946 945
f 882 883 947
f 882 947 946
f 883 884 948
f 883 948 947
f 884 885 949
f 884 949 948
f 885 886 950
f 885 950 949
f 886 887 951
f 886 951 950
f 887 888 952
f 887 952 951
f 888 889 953
f 888 953 952
f 889 890 954
f 889 954 953
f 890 891 955
f 890 955 954
f 891 892 956
f 891 956 955
f 892 893 957
f 892 957 956
f 893 894 958
f 893 958 957
f 894 895 959
f 894 959 958
f 895 896 960
f 895 960 959
f 896 833 897
f 896 897 960
f 897 898 962
f 897 962 961
f 898 899 963
f 898 963 962
f 899 900 964
f 899 964 963
f 900 901 965
f 900 965 964
f 901 902 966
f 901 966 965
f 902 903 967
f 902 967 966
f 903 904 968
f 903 968 967
f 904 905 969
f 904 969 968
f 905 906 970
f 905 970 969
f 906 907 971
f 906 971 970
f 907 908 972
f 907 972 971
f 908 909 973
f 908 973 972
f 909 910 974
f 909 974 973
f 910 911 975
f 910 975 974
f 911 912 976
f 911 976 975
f 912 913 977
f 912 977 976
f 913 914 978
f 913 978 977
f 914 915 979
f 914 979 978
f 915 916 980
f 915 980 979
f 916 917 981
f 916 981 980
f 917 918 982
f 917 982 981
f 918 919 983
f 918 983 982
f 919 920 984
f 919 984 983
f 920 921 985
f 920 985 984
f 921 922 986
f 921 986 985
f 922 923 987
f 922 987 986
f 923 924 988
f 923 988 987
f 924 925 989
f 924 989 988
f 925 926 990
f 925 990 989
f 926 927 991
f 926 991 990
f 927 928 992
f 927 992 991
f 928 929 993
f 928 993 992
f 929 930 994
f 929 994 993
f 930 931 995
f 930 995 994
f 931 932 996
f 931 996 995
f 932 933 997
f 932 997 996
f 933 934 998
f 933 998 997
f 934 935 999
f 934 999 998
f 935 936 1000
f 935 1000 999
f 936 937 1001
f 936 1001 1000
f 937 938 1002
f 937 1002 1001
f 938 939 1003
f 938 1003 1002
f 939 940 1004
f 939 1004 1003
f 940 941 1005
f 940 1005 1004
f 941 942 1006
f 941 1006 1005
f 942 943 1007
f 942 1007 1006
f 943 944 1008
f 943 1008 1007
f 944 945 1009
f 944 1009 1008
f 945 946 1010
f 945 1010 1009
f 946 947 1011
f 946 1011 1010
f 947 948 1012
f 947 1012 1011
f 948 949 1013
f 948 1013 1012
f 949 950 1014
f 949 1014 1013
f 950 951 1015
f 950 1015 1014
f 951 952 1016
f 951 1016 1015
f 952 953 1017
f 952 1017 1016
f 953 954 1018
f 953 1018 1017
f 954 955 1019
f 954 1019 1018
f 955 956 1020
f 955 1020 1019
f 956 957 1021
f 956 1021 1020
f 957 958 1022
f 957 1022 1021
f 958 959 1023
f 958 1023 1022
f 959 960 1024
f 959 1024 1023
f 960 897 961
f 960 961 1024
f 961 962 1026
f 961 1026 1025
f 962 963 1027
f 962 1027 1026
f 963 964 1028
f 963 1028 1027
f 964 965 1029
f 964 1029 1028
f 965 966 1030
f 965 1030 1029
f 966 967 1031
f 966 1031 1030
f 967 968 1032
f 967 1032 1031
f 968 969 1033
f 968 1033 1032
f 969 970 1034
f 969 1034 1033
f 970 971 1035
f 970 1035 1034
f 971 972 1036
f 971 1036 1035
f 972 973 1037
f 972 1037 1036
f 973 974 1038
f 973 1038 1037
f 974 975 1039
f 974 1039 1038
f 975 976 1040
f 975 1040 1039
f 976 977 1041
f 976 1041 1040
f 977 978 1042
f 977 1042 1041
f 978 979 1043
f 978 1043 1042
f 979 980 1044
f 979 1044 1043
f 980 981 1045
f 980 1045 1044
f 981 982 1046
f 981 1046 1045
f 982 983 1047
f 982 1047 1046
f 983 984 1048
f 983 1048 1047
f 984 985 1049
f 984 1049 1048
f 985 986 1050
f 985 1050 1049
f 986 987 1051
f 986 1051 1050
f 987 988 1052
f 987 1052 1051
f 988 989 1053
f 988 1053 1052
f 989 990 1054
f 989 1054 1053
f 990 991 1055
f 990 1055 1054
f 991 992 1056
f 991 1056 1055
f 992 993 1057
f 992 1057 1056
f 993 994 1058
f 993 1058 1057
f 994 995 1059
f 994 1059 1058
f 995 996 1060
f 995 1060 1059
f 996 997 1061
f 996 1061 1060
f 997 998 1062
f 997 1062 1061
f 998 999 1063
f 998 1063 1062
f 999 1000 1064
f 999 1064 1063
f 1000 1001 1065
f 1000 1065 1064
f 1001 1002 1066
f 1001 1066 1065
f 1002 1003 1067
f 1002 1067 1066
f 1003 1004 1068
f 1003 1068 1067
f 1004 1005 1069
f 1004 1069 1068
f 1005 1006 1070
f 1005 1070 1069
f 1006 1007 1071
f 1006 1071 1070
f 1007 1008 1072
f 1007 1072 1071
f 1008 1009 1073
f 1008 1073 1072
f 1009 1010 1074
f 1009 1074 1073
f 1010 1011 1075
f 1010 1075 1074
f 1011 1012 1076
f 1011 1076 1075
f 1012 1013 1077
f 1012 1077 1076
f 1013 1014 1078
f 1013 1078 1077
f 1014 1015 1079
f 1014 1079 1078
f 1015 1016 1080
f 1015 1080 1079
f 1016 1017 1081
f 1016 1081 1080
f 1017 1018 1082
f 1017 1082 1081
f 1018 1019 1083
f 1018 1083 1082
f 1019 1020 1084
f 1019 1084 1083
f 1020 1021 1085
f 1020 1085 1084
f 1021 1022 1086
f 1021 1086 1085
f 1022 1023 1087
f 1022 1087 1086
f 1023 1024 1088
f 1023 1088 1087
f 1024 961 1025
f 1024 1025 1088
f 1025 1026 1090
f 1025 1090 1089
f 1026 1027 1091
f 1026 1091 1090
f 1027 1028 1092
f 1027 1092 1091
f 1028 1029 1093
f 1028 1093 1092
f 1029 1030 1094
f 1029 1094 1093
f 1030 1031 1095
f 1030 1095 1094
f 1031 1032 1096
f 1031 1096 1095
f 1032 1033 1097
f 1032 1097 1096
f 1033 1034 1098
f 1033 1098 1097
f 1034 1035 1099
f 1034 1099 1098
f 1035 1036 1100
f 1035 1100 1099
f 1036 1037 1101
f 1036 1101 1100
f 1037 1038 1102
f 1037 1102 1101
f 1038 1039 1103
f 1038 1103 1102
f 1039 1040 1104
f 1039 1104 1103
f 1040 1041 1105
f 1040 1105 1104
f 1041 1042 1106
f 1041 1106 1105
f 1042 1043 1107
f 1042 1107 1106
f 1043 1044 1108
f 1043 1108 1107
f 1044 1045 1109
f 1044 1109 1108
f 1045 1046 1110
f 1045 1110 1109
f 1046 1047 1111
f 1046 1111 1110
f 1047 1048 1112
f 1047 1112 1111
f 1048 1049 1113
f 1048 1113 1112
f 1049 1050 1114
f 1049 1114 1113
f 1050 1051 1115
f 1050 1115 1114
f 1051 1052 1116
f 1051 1116 1115
f 1052 1053 1117
f 1052 1117 1116
f 1053 1054 1118
f 1053 1118 1117
f 1054 1055 1119
f 1054 1119 1118
f 1055 1056 1120
f 1055 1120 1119
f 1056 1057 1121
f 1056 1121 1120
f 1057 1058 1122
f 1057 1122 1121
f 1058 1059 1123
f 1058 1123 1122
f 1059 1060 1124
f 1059 1124 1123
f 1060 1061 1125
f 1060 1125 1124
f 1061 1062 1126
f 1061 1126 1125
f 1062 1063 1127
f 1062 1127 1126
f 1063 1064 1128
f 1063 1128 1127
f 1064 1065 1129
f 1064 1129 1128
f 1065 1066 1130
f 1065 1130 1129
f 1066 1067 1131
f 1066 1131 1130
f 1067 1068 1132
f 1067 1132 1131
f 1068 1069 1133
f 1068 1133 1132
f 1069 1070 1134
f 1069 1134 1133
f 1070 1071 1135
f 1070 1135 1134
f 1071 1072 1136
f 1071 1136 1135
f 1072 1073 1137
f 1072 1137 1136
f 1073 1074 1138
f 1073 1138 1137
f 1074 1075 1139
f 1074 1139 1138
f 1075 1076 1140
f 1075 1140 1139
f 1076 1077 1141
f 1076 1141 1140
f 1077 1078 1142
f 1077 1142 1141
f 1078 1079 1143
f 1078 1143 1142
f 1079 1080 1144
f 1079 1144 1143
f 1080 1081 1145
f 1080 1145 1144
f 1081 1082 1146
f 1081 1146 1145
f 1082 1083 1147
f 1082 1147 1146
f 1083 1084 1148
f 1083 1148 1147
f 1084 1085 1149
f 1084 1149 1148
f 1085 1086 1150
f 1085 1150 1149
f 1086 1087 1151
f 1086 1151 1150
f 1087 1088 1152
f 1087 1152 1151
f 1088 1025 1089
f 1088 1089 1152
f 1089 1090 1154
f 1089 1154 1153
f 1090 1091 1155
f 1090 1155 1154
f 1091 1092 1156
f 1091 1156 1155
f 1092 1093 1157
f 1092 1157 1156
f 1093 1094 1158
f 1093 1158 1157
f 1094 1095 1159
f 1094 1159 1158
f 1095 1096 1160
f 1095 1160 1159
f 1096 1097 1161
f 1096 1161 1160
f 1097 1098 1162
f 1097 1162 1161
f 1098 1099 1163
f 1098 1163 1162
f 1099 1100 1164
f 1099 1164 1163
f 1100 1101 1165
f 1100 1165 1164
f 1101 1102 1166
f 1101 1166 1165
f 1102 1103 1167
f 1102 1167 1166
f 1103 1104 1168
f 1103 1168 1167
f 1104 1105 1169
f 1104 1169 1168
f 1105 1106 1170
f 1105 1170 1169
f 1106 1107 1171
f 1106 1171 1170
f 1107 1108 1172
f 1107 1172 1171
f 1108 1109 1173
f 1108 1173 1172
f 1109 1110 1174
f 1109 1174 1173
f 1110 1111 1175
f 1110 1175 1174
f 1111 1112 1176
f 1111 1176 1175
f 1112 1113 1177
f 1112 1177 1176
f 1113 1114 1178
f 1113 1178 1177
f 1114 1115 1179
f 1114 1179 1178
f 1115 1116 1180
f 1115 1180 1179
f 1116 1117 1181
f 1116 1181 1180
f 1117 1118 1182
f 1117 1182 1181
f 1118 1119 1183
f 1118 1183 1182
f 1119 1120 1184
f 1119 1184 1183
f 1120 1121 1185
f 1120 1185 1184
f 1121 1122 1186
f 1121 1186 1185
f 1122 1123 1187
f 1122 1187 1186
f 1123 1124 1188
f 1123 1188 1187
f 1124 1125 1189
f 1124 1189 1188
f 1125 1126 1190
f 1125 1190 1189
f 1126 1127 1191
f 1126 1191 1190
f 1127 1128 1192
f 1127 1192 1191
f 1128 1129 1193
f 1128 1193 1192
f 1129 1130 1194
f 1129 1194 1193
f 1130 1131 1195
f 1130 1195 1194
f 1131 1132 1196
f 1131 1196 1195
f 1132 1133 1197
f 1132 1197 1196
f 1133 1134 1198
f 1133 1198 1197
f 1134 1135 1199
f 1134 1199 1198
f 1135 1136 1200
f 1135 1200 1199
f 1136 1137 1201
f 1136 1201 1200
f 1137 1138 1202
f 1137 1202 1201
f 1138 1139 1203
f 1138 1203 1202
f 1139 1140 1204
f 1139 1204 1203
f 1140 1141 1205
f 1140 1205 1204
f 1141 1142 1206
f 1141 1206 1205
f 1142 1143 1207
f 1142 1207 1206
f 1143 1144 1208
f 1143 1208 1207
f 1144 1145 1209
f 1144 1209 1208
f 1145 1146 1210
f 1145 1210 1209
f 1146 1147 1211
f 1146 1211 1210
f 1147 1148 1212
f 1147 1212 1211
f 1148 1149 1213
f 1148 1213 1212
f 1149 1150 1214
f 1149 1214 1213
f 1150 1151 1215
f 1150 1215 1214
f 1151 1152 1216
f 1151 1216 1215
f 1152 1089 1153
f 1152 1153 1216
f 1153 1154 1218
f 1153 1218 1217
f 1154 1155 1219
f 1154 1219 1218
f 1155 1156 1220
f 1155 1220 1219
f 1156 1157 1221
f 1156 1221 1220
f 1157 1158 1222
f 1157 1222 1221
f 1158 1159 1223
f 1158 1223 1222
f 1159 1160 1224
f 1159 1224 1223
f 1160 1161 1225
f 1160 1225 1224
f 1161 1162 1226
f 1161 1226 1225
f 1162 1163 1227
f 1162 1227 1226
f 1163 1164 1228
f 1163 1228 1227
f 1164 1165 1229
f 1164 1229 1228
f 1165 1166 1230
f 1165 1230 1229
f 1166 1167 1231
f 1166 1231 1230
f 1167 1168 1232
f 1167 1232 1231
f 1168 1169 1233
f 1168 1233 1232
f 1169 1170 1234
f 1169 1234 1233
f 1170 1171 1235
f 1170 1235 1234
f 1171 1172 1236
f 1171 1236 1235
f 1172 1173 1237
f 1172 1237 1236
f 1173 1174 1238
f 1173 1238 1237
f 1174 1175 1239
f 1174 1239 1238
f 1175 1176 1240
f 1175 1240 1239
f 1176 1177 1241
f 1176 1241 1240
f 1177 1178 1242
f 1177 1242 1241
f 1178 1179 1243
f 1178 1243 1242
f 1179 1180 1244
f 1179 1244 1243
f 1180 1181 1245
f 1180 1245 1244
f 1181 1182 1246
f 1181 1246 1245
f 1182 1183 1247
f 1182 1247 1246
f 1183 1184 1248
f 1183 1248 1247
f 1184 1185 1249
f 1184 1249 1248
f 1185 1186 1250
f 1185 1250 1249
f 1186 1187 1251
f 1186 1251 1250
f 1187 1188 1252
f 1187 1252 1251
f 1188 1189 1253
f 1188 1253 1252
f 1189 1190 1254
f 1189 1254 1253
f 1190 1191 1255
f 1190 1255 1254
f 1191 1192 1256
f 1191 1256 1255
f 1192 1193 1257
f 1192 1257 1256
f 1193 1194 1258
f 1193 1258 1257
f 1194 1195 1259
f 1194 1259 1258
f 1195 1196 1260
f 1195 1260 1259
f 1196 1197 1261
f 1196 1261 1260
f 1197 1198 1262
f 1197 1262 1261
f 1198 1199 1263
f 1198 1263 1262
f 1199 1200 1264
f 1199 1264 1263
f 1200 1201 1265
f 1200 1265 1264
f 1201 1202 1266
f 1201 1266 1265
f 1202 1203 1267
f 1202 1267 1266
f 1203 1204 1268
f 1203 1268 1267
f 1204 1205 1269
f 1204 1269 1268
f 1205 1206 1270
f 1205 1270 1269
f 1206 1207 1271
f 1206 1271 1270
f 1207 1208 1272
f 1207 1272 1271
f 1208 1209 1273
f 1208 1273 1272
f 1209 1210 1274
f 1209 1274 1273
f 1210 1211 1275
f 1210 1275 1274
f 1211 1212 1276
f 1211 1276 1275
f 1212 1213 1277
f 1212 1277 1276
f 1213 1214 1278
f 1213 1278 1277
f 1214 1215 1279
f 1214 1279 1278
f 1215 1216 1280
f 1215 1280 1279
f 1216 1153 1217
f 1216 1217 1280
f 1217 1218 1282
f 1217 1282 1281
f 1218 1219 1283
f 1218 1283 1282
f 1219 1220 1284
f 1219 1284 1283
f 1220 1221 1285
f 1220 1285 1284
f 1221 1222 1286
f 1221 1286 1285
f 1222 1223 1287
f 1222 1287 1286
f 1223 1224 1288
f 1223 1288 1287
f 1224 1225 1289
f 1224 1289 1288
f 1225 1226 1290
f 1225 1290 1289
f 1226 1227 1291
f 1226 1291 1290
f 1227 1228 1292
f 1227 1292 1291
f 1228 1229 1293
f 1228 1293 1292
f 1229 1230 1294
f 1229 1294 1293
f 1230 1231 1295
f 1230 1295 1294
f 1231 1232 1296
f 1231 1296 1295
f 1232 1233 1297
f 1232 1297 1296
f 1233 1234 1298
f 1233 1298 1297
f 1234 1235 1299
f 1234 1299 1298
f 1235 1236 1300
f 1235 1300 1299
f 1236 1237 1301
f 1236 1301 1300
f 1237 1238 1302
f 1237 1302 1301
f 1238 1239 1303
f 1238 1303 1302
f 1239 1240 1304
f 1239 1304 1303
f 1240 1241 1305
f 1240 1305 1304
f 1241 1242 1306
f 1241 1306 1305
f 1242 1243 1307
f 1242 1307 1306
f 1243 1244 1308
f 1243 1308 1307
f 1244 1245 1309
f 1244 1309 1308
f 1245 1246 1310
f 1245 1310 1309
f 1246 1247 1311
f 1246 1311 1310
f 1247 1248 1312
f 1247 1312 1311
f 1248 1249 1313
f 1248 1313 1312
f 1249 1250 1314
f 1249 1314 1313
f 1250 1251 1315
f 1250 1315 1314
f 1251 1252 1316
f 1251 1316 1315
f 1252 1253 1317
f 1252 1317 1316
f 1253 1254 1318
f 1253 1318 1317
f 1254 1255 1319
f 1254 1319 1318
f 1255 1256 1320
f 1255 1320 1319
f 1256 1257 1321
f 1256 1321 1320
f 1257 1258 1322
f 1257 1322 1321
f 1258 1259 1323
f 1258 1323 1322
f 1259 1260 1324
f 1259 1324 1323
f 1260 1261 1325
f 1260 1325 1324
f 1261 1262 1326
f 1261 1326 1325
f 1262 1263 1327
f 1262 1327 1326
f 1263 1264 1328
f 1263 1328 1327
f 1264 1265 1329
f 1264 1329 1328
f 1265 1266 1330
f 1265 1330 1329
f 1266 1267 1331
f 1266 1331 1330
f 1267 1268 1332
f 1267 1332 1331
f 1268 1269 1333
f 1268 1333 1332
f 1269 1270 1334
f 1269 1334 1333
f 1270 1271 1335
f 1270 1335 1334
f 1271 1272 1336
f 1271 1336 1335
f 1272 1273 1337
f 1272 1337 1336
f 1273 1274 1338
f 1273 1338 1337
f 1274 1275 1339
f 1274 1339 1338
f 1275 1276 1340
f 1275 1340 1339
f 1276 1277 1341
f 1276 1341 1340
f 1277 1278 1342
f 1277 1342 1341
f 1278 1279 1343
f 1278 1343 1342
f 1279 1280 1344
f 1279 1344 1343
f 1280 1217 1281
f 1280 1281 1344
f 1281 1282 1346
f 1281 1346 1345
f 1282 1283 1347
f 1282 1347 1346
f 1283 1284 1348
f 1283 1348 1347
f 1284 1285 1349
f 1284 1349 1348
f 1285 1286 1350
f 1285 1350 1349
f 1286 1287 1351
f 1286 1351 1350
f 1287 1288 1352
f 1287 1352 1351
f 1288 1289 1353
f 1288 1353 1352
f 1289 1290 1354
f 1289 1354 1353
f 1290 1291 1355
f 1290 1355 1354
f 1291 1292 1356
f 1291 1356 1355
f 1292 1293 1357
f 1292 1357 1356
f 1293 1294 1358
f 1293 1358 1357
f 1294 1295 1359
f 1294 1359 1358
f 1295 1296 1360
f 1295 1360 1359
f 1296 1297 1361
f 1296 1361 1360
f 1297 1298 1362
f 1297 1362 1361
f 1298 1299 1363
f 1298 1363 1362
f 1299 1300 1364
f 1299 1364 1363
f 1300 1301 1365
f 1300 1365 1364
f 1301 1302 1366
f 1301 1366 1365
f 1302 1303 1367
f 1302 1367 1366
f 1303 1304 1368
f 1303 1368 1367
f 1304 1305 1369
f 1304 1369 1368
f 1305 1306 1370
f 1305 1370 1369
f 1306 1307 1371
f 1306 1371 1370
f 1307 1308 1372
f 1307 1372 1371
f 1308 1309 1373
f 1308 1373 1372
f 1309 1310 1374
f 1309 1374 1373
f 1310 1311 1375
f 1310 1375 1374
f 1311 1312 1376
f 1311 1376 1375
f 1312 1313 1377
f 1312 1377 1376
f 1313 1314 1378
f 1313 1378 1377
f 1314 1315 1379
f 1314 1379 1378
f 1315 1316 1380
f 1315 1380 1379
f 1316 1317 1381
f 1316 1381 1380
f 1317 1318 1382
f 1317 1382 1381
f 1318 1319 1383
f 1318 1383 1382
f 1319 1320 1384
f 1319 1384 1383
f 1320 1321 1385
f 1320 1385 1384
f 1321 1322 1386
f 1321 1386 1385
f 1322 1323 1387
f 1322 1387 1386
f 1323 1324 1388
f 1323 1388 1387
f 1324 1325 1389
f 1324 1389 1388
f 1325 1326 1390
f 1325 1390 1389
f 1326 1327 1391
f 1326 1391 1390
f 1327 1328 1392
f 1327 1392 1391
f 1328 1329 1393
f 1328 1393 1392
f 1329 1330 1394
f 1329 1394 1393
f 1330 1331 1395
f 1330 1395 1394
f 1331 1332 1396
f 1331 1396 1395
f 1332 1333 1397
f 1332 1397 1396
f 1333 1334 1398
f 1333 1398 1397
f 1334 1335 1399
f 1334 1399 1398
f 1335 1336 1400
f 1335 1400 1399
f 1336 1337 1401
f 1336 1401 1400
f 1337 1338 1402
f 1337 1402 1401
f 1338 1339 1403
f 1338 1403 1402
f 1339 1340 1404
f 1339 1404 1403
f 1340 1341 1405
f 1340 1405 1404
f 1341 1342 1406
f 1341 1406 1405
f 1342 1343 1407
f 1342 1407 1406
f 1343 1344 1408
f 1343 1408 1407
f 1344 1281 1345
f 1344 1345 1408
f 1345 1346 1410
f 1345 1410 1409
f 1346 1347 1411
f 1346 1411 1410
f 1347 1348 1412
f 1347 1412 1411
f 1348 1349 1413
f 1348 1413 1412
f 1349 1350 1414
f 1349 1414 1413
f 1350 1351 1415
f 1350 1415 1414
f 1351 1352 1416
f 1351 1416 1415
f 1352 1353 1417
f 1352 1417 1416
f 1353 1354 1418
f 1353 1418 1417
f 1354 1355 1419
f 1354 1419 1418
f 1355 1356 1420
f 1355 1420 1419
f 1356 1357 1421
f 1356 1421 1420
f 1357 1358 1422
f 1357 1422 1421
f 1358 1359 1423
f 1358 1423 1422
f 1359 1360 1424
f 1359 1424 1423
f 1360 1361 1425
f 1360 1425 1424
f 1361 1362 1426
f 1361 1426 1425
f 1362 1363 1427
f 1362 1427 1426
f 1363 1364 1428
f 1363 1428 1427
f 1364 1365 1429
f 1364 1429 1428
f 1365 1366 1430
f 1365 1430 1429
f 1366 1367 1431
f 1366 1431 1430
f 1367 1368 1432
f 1367 1432 1431
f 1368 1369 1433
f 1368 1433 1432
f 1369 1370 1434
f 1369 1434 1433
f 1370 1371 1435
f 1370 1435 1434
f 1371 1372 1436
f 1371 1436 1435
f 1372 1373 1437
f 1372 1437 1436
f 1373 1374 1438
f 1373 1438 1437
f 1374 1375 1439
f 1374 1439 1438
f 1375 1376 1440
f 1375 1440 1439
f 1376 1377 1441
f 1376 1441 1440
f 1377 1378 1442
f 1377 1442 1441
f 1378 1379 1443
f 1378 1443 1442
f 1379 1380 1444
f 1379 1444 1443
f 1380 1381 1445
f 1380 1445 1444
f 1381 1382 1446
f 1381 1446 1445
f 1382 1383 1447
f 1382 1447 1446
f 1383 1384 1448
f 1383 1448 1447
f 1384 1385 1449
f 1384 1449 1448
f 1385 1386 1450
f 1385 1450 1449
f 1386 1387 1451
f 1386 1451 1450
f 1387 1388 1452
f 1387 1452 1451
f 1388 1389 1453
f 1388 1453 1452
f 1389 1390 1454
f 1389 1454 1453
f 1390 1391 1455
f 1390 1455 1454
f 1391 1392 1456
f 1391 1456 1455
f 1392 1393 1457
f 1392 1457 1456
f 1393 1394 1458
f 1393 1458 1457
f 1394 1395 1459
f 1394 1459 1458
f 1395 1396 1460
f 1395 1460 1459
f 1396 1397 1461
f 1396 1461 1460
f 1397 1398 1462
f 1397 1462 1461
f 1398 1399 1463
f 1398 1463 1462
f 1399 1400 1464
f 1399 1464 1463
f 1400 1401 1465
f 1400 1465 1464
f 1401 1402 1466
f 1401 1466 1465
f 1402 1403 1467
f 1402 1467 1466
f 1403 1404 1468
f 1403 1468 1467
f 1404 1405 1469
f 1404 1469 1468
f 1405 1406 1470
f 1405 1470 1469
f 1406 1407 1471
f 1406 1471 1470
f 1407 1408 1472
f 1407 1472 1471
f 1408 1345 1409
f 1408 1409 1472
f 1409 1410 1474
f 1409 1474 1473
f 1410 1411 1475
f 1410 1475 1474
f 1411 1412 1476
f 1411 1476 1475
f 1412 1413 1477
f 1412 1477 1476
f 1413 1414 1478
f 1413 1478 1477
f 1414 1415 1479
f 1414 1479 1478
f 1415 1416 1480
f 1415 1480 1479
f 1416 1417 1481
f 1416 1481 1480
f 1417 1418 1482
f 1417 1482 1481
f 1418 1419 1483
f 1418 1483 1482
f 1419 1420 1484
f 1419 1484 1483
f 1420 1421 1485
f 1420 1485 1484
f 1421 1422 1486
f 1421 1486 1485
f 1422 1423 1487
f 1422 1487 1486
f 1423 1424 1488
f 1423 1488 1487
f 1424 1425 1489
f 1424 1489 1488
f 1425 1426 1490
f 1425 1490 1489
f 1426 1427 1491
f 1426 1491 1490
f 1427 1428 1492
f 1427 1492 1491
f 1428 1429 1493
f 1428 1493 1492
f 1429 1430 1494
f 1429 1494 1493
f 1430 1431 1495
f 1430 1495 1494
f 1431 1432 1496
f 1431 1496 1495
f 1432 1433 1497
f 1432 1497 1496
f 1433 1434 1498
f 1433 1498 1497
f 1434 1435 1499
f 1434 1499 1498
f 1435 1436 1500
f 1435 1500 1499
f 1436 1437 1501
f 1436 1501 1500
f 1437 1438 1502
f 1437 1502 1501
f 1438 1439 1503
f 1438 1503 1502
f 1439 1440 1504
f 1439 1504 1503
f 1440 1441 1505
f 1440 1505 1504
f 1441 1442 1506
f 1441 1506 1505
f 1442 1443 1507
f 1442 1507 1506
f 1443 1444 1508
f 1443 1508 1507
f 1444 1445 1509
f 1444 1509 1508
f 1445 1446 1510
f 1445 1510 1509
f 1446 1447 1511
f 1446 1511 1510
f 1447 1448 1512
f 1447 1512 1511
f 1448 1449 1513
f 1448 1513 1512
f 1449 1450 1514
f 1449 1514 1513
f 1450 1451 1515
f 1450 1515 1514
f 1451 1452 1516
f 1451 1516 1515
f 1452 1453 1517
f 1452 1517 1516
f 1453 1454 1518
f 1453 1518 1517
f 1454 1455 1519
f 1454 1519 1518
f 1455 1456 1520
f 1455 1520 1519
f 1456 1457 1521
f 1456 1521 1520
f 1457 1458 1522
f 1457 1522 1521
f 1458 1459 1523
f 1458 1523 1522
f 1459 1460 1524
f 1459 1524 1523
f 1460 1461 1525
f 1460 1525 1524
f 1461 1462 1526
f 1461 1526 1525
f 1462 1463 1527
f 1462 1527 1526
f 1463 1464 1528
f 1463 1528 1527
f 1464 1465 1529
f 1464 1529 1528
f 1465 1466 1530
f 1465 1530 1529
f 1466 1467 1531
f 1466 1531 1530
f 1467 1468 1532
f 1467 1532 1531
f 1468 1469 1533
f 1468 1533 1532
f 1469 1470 1534
f 1469 1534 1533
f 1470 1471 1535
f 1470 1535 1534
f 1471 1472 1536
f 1471 1536 1535
f 1472 1409 1473
f 1472 1473 1536
f 1473 1474 1538
f 1473 1538 1537
f 1474 1475 1539
f 1474 1539 1538
f 1475 1476 1540
f 1475 1540 1539
f 1476 1477 1541
f 1476 1541 1540
f 1477 1478 1542
f 1477 1542 1541
f 1478 1479 1543
f 1478 1543 1542
f 1479 1480 1544
f 1479 1544 1543
f 1480 1481 1545
f 1480 1545 1544
f 1481 1482 1546
f 1481 1546 1545
f 1482 1483 1547
f 1482 1547 1546
f 1483 1484 1548
f 1483 1548 1547
f 1484 1485 1549
f 1484 1549 1548
f 1485 1486 1550
f 1485 1550 1549
f 1486 1487 1551
f 1486 1551 1550
f 1487 1488 1552
f 1487 1552 1551
f 1488 1489 1553
f 1488 1553 1552
f 1489 1490 1554
f 1489 1554 1553
f 1490 1491 1555
f 1490 1555 1554
f 1491 1492 1556
f 1491 1556 1555
f 1492 1493 1557
f 1492 1557 1556
f 1493 1494 1558
f 1493 1558 1557
f 1494 1495 1559
f 1494 1559 1558
f 1495 1496 1560
f 1495 1560 1559
f 1496 1497 1561
f 1496 1561 1560
f 1497 1498 1562
f 1497 1562 1561
f 1498 1499 1563
f 1498 1563 1562
f 1499 1500 1564
f 1499 1564 1563
f 1500 1501 1565
f 1500 1565 1564
f 1501 1502 1566
f 1501 1566 1565
f 1502 1503 1567
f 1502 1567 1566
f 1503 1504 1568
f 1503 1568 1567
f 1504 1505 1569
f 1504 1569 1568
f 1505 1506 1570
f 1505 1570 1569
f 1506 1507 1571
f 1506 1571 1570
f 1507 1508 1572
f 1507 1572 1571
f 1508 1509 1573
f 1508 1573 1572
f 1509 1510 1574
f 1509 1574 1573
f 1510 1511 1575
f 1510 1575 1574
f 1511 1512 1576
f 1511 1576 1575
f 1512 1513 1577
f 1512 1577 1576
f 1513 1514 1578
f 1513 1578 1577
f 1514 1515 1579
f 1514 1579 1578
f 1515 1516 1580
f 1515 1580 1579
f 1516 1517 1581
f 1516 1581 1580
f 1517 1518 1582
f 1517 1582 1581
f 1518 1519 1583
f 1518 1583 1582
f 1519 1520 1584
f 1519 1584 1583
f 1520 1521 1585
f 1520 1585 1584
f 1521 1522 1586
f 1521 1586 1585
f 1522 1523 1587
f 1522 1587 1586
f 1523 1524 1588
f 1523 1588 1587
f 1524 1525 1589
f 1524 1589 1588
f 1525 1526 1590
f 1525 1590 1589
f 1526 1527 1591
f 1526 1591 1590
f 1527 1528 1592
f 1527 1592 1591
f 1528 1529 1593
f 1528 1593 1592
f 1529 1530 1594
f 1529 1594 1593
f 1530 1531 1595
f 1530 1595 1594
f 1531 1532 1596
f 1531 1596 1595
f 1532 1533 1597
f 1532 1597 1596
f 1533 1534 1598
f 1533 1598 1597
f 1534 1535 1599
f 1534 1599 1598
f 1535 1536 1600
f 1535 1600 1599
f 1536 1473 1537
f 1536 1537 1600
f 1537 1538 1602
f 1537 1602 1601
f 1538 1539 1603
f 1538 1603 1602
f 1539 1540 1604
f 1539 1604 1603
f 1540 1541 1605
f 1540 1605 1604
f 1541 1542 1606
f 1541 1606 1605
f 1542 1543 1607
f 1542 1607 1606
f 1543 1544 1608
f 1543 1608 1607
f 1544 1545 1609
f 1544 1609 1608
f 1545 1546 1610
f 1545 1610 1609
f 1546 1547 1611
f 1546 1611 1610
f 1547 1548 1612
f 1547 1612 1611
f 1548 1549 1613
f 1548 1613 1612
f 1549 1550 1614
f 1549 1614 1613
f 1550 1551 1615
f 1550 1615 1614
f 1551 1552 1616
f 1551 1616 1615
f 1552 1553 1617
f 1552 1617 1616
f 1553 1554 1618
f 1553 1618 1617
f 1554 1555 1619
f 1554 1619 1618
f 1555 1556 1620
f 1555 1620 1619
f 1556 1557 1621
f 1556 1621 1620
f 1557 1558 1622
f 1557 1622 1621
f 1558 1559 1623
f 1558 1623 1622
f 1559 1560 1624
f 1559 1624 1623
f 1560 1561 1625
f 1560 1625 1624
f 1561 1562 1626
f 1561 1626 1625
f 1562 1563 1627
f 1562 1627 1626
f 1563 1564 1628
f 1563 1628 1627
f 1564 1565 1629
f 1564 1629 1628
f 1565 1566 1630
f 1565 1630 1629
f 1566 1567 1631
f 1566 1631 1630
f 1567 1568 1632
f 1567 1632 1631
f 1568 1569 1633
f 1568 1633 1632
f 1569 1570 1634
f 1569 1634 1633
f 1570 1571 1635
f 1570 1635 1634
f 1571 1572 1636
f 1571 1636 1635
f 1572 1573 1637
f 1572 1637 1636
f 1573 1574 1638
f 1573 1638 1637
f 1574 1575 1639
f 1574 1639 1638
f 1575 1576 1640
f 1575 1640 1639
f 1576 1577 1641
f 1576 1641 1640
f 1577 1578 1642
f 1577 1642 1641
f 1578 1579 1643
f 1578 1643 1642
f 1579 1580 1644
f 1579 1644 1643
f 1580 1581 1645
f 1580 1645 1644
f 1581 1582 1646
f 1581 1646 1645
f 1582 1583 1647
f 1582 1647 1646
f 1583 1584 1648
f 1583 1648 1647
f 1584 1585 1649
f 1584 1649 1648
f 1585 1586 1650
f 1585 1650 1649
f 1586 1587 1651
f 1586 1651 1650
f 1587 1588 1652
f 1587 1652 1651
f 1588 1589 1653
f 1588 1653 1652
f 1589 1590 1654
f 1589 1654 1653
f 1590 1591 1655
f 1590 1655 1654
f 1591 1592 1656
f 1591 1656 1655
f 1592 1593 1657
f 1592 1657 1656
f 1593 1594 1658
f 1593 1658 1657
f 1594 1595 1659
f 1594 1659 1658
f 1595 1596 1660
f 1595 1660 1659
f 1596 1597 1661
f 1596 1661 1660
f 1597 1598 1662
f 1597 1662 1661
f 1598 1599 1663
f 1598 1663 1662
f 1599 1600 1664
f 1599 1664 1663
f 1600 1537 1601
f 1600 1601 1664
f 1601 1602 1666
f 1601 1666 1665
f 1602 1603 1667
f 1602 1667 1666
f 1603 1604 1668
f 1603 1668 1667
f 1604 1605 1669
f 1604 1669 1668
f 1605 1606 1670
f 1605 1670 1669
f 1606 1607 1671
f 1606 1671 1670
f 1607 1608 1672
f 1607 1672 1671
f 1608 1609 1673
f 1608 1673 1672
f 1609 1610 1674
f 1609 1674 1673
f 1610 1611 1675
f 1610 1675 1674
f 1611 1612 1676
f 1611 1676 1675
f 1612 1613 1677
f 1612 1677 1676
f 1613 1614 1678
f 1613 1678 1677
f 1614 1615 1679
f 1614 1679 1678
f 1615 1616 1680
f 1615 1680 1679
f 1616 1617 1681
f 1616 1681 1680
f 1617 1618 1682
f 1617 1682 1681
f 1618 1619 1683
f 1618 1683 1682
f 1619 1620 1684
f 1619 1684 1683
f 1620 1621 1685
f 1620 1685 1684
f 1621 1622 1686
f 1621 1686 1685
f 1622 1623 1687
f 1622 1687 1686
f 1623 1624 1688
f 1623 1688 1687
f 1624 1625 1689
f 1624 1689 1688
f 1625 1626 1690
f 1625 1690 1689
f 1626 1627 1691
f 1626 1691 1690
f 1627 1628 1692
f 1627 1692 1691
f 1628 1629 1693
f 1628 1693 1692
f 1629 1630 1694
f 1629 1694 1693
f 1630 1631 1695
f 1630 1695 1694
f 1631 1632 1696
f 1631 1696 1695
f 1632 1633 1697
f 1632 1697 1696
f 1633 1634 1698
f 1633 1698 1697
f 1634 1635 1699
f 1634 1699 1698
f 1635 1636 1700
f 1635 1700 1699
f 1636 1637 1701
f 1636 1701 1700
f 1637 1638 1702
f 1637 1702 1701
f 1638 1639 1703
f 1638 1703 1702
f 1639 1640 1704
f 1639 1704 1703
f 1640 1641 1705
f 1640 1705 1704
f 1641 1642 1706
f 1641 1706 1705
f 1642 1643 1707
f 1642 1707 1706
f 1643 1644 1708
f 1643 1708 1707
f 1644 1645 1709
f 1644 1709 1708
f 1645 1646 1710
f 1645 1710 1709
f 1646 1647 1711
f 1646 1711 1710
f 1647 1648 1712
f 1647 1712 1711
f 1648 1649 1713
f 1648 1713 1712
f 1649 1650 1714
f 1649 1714 1713
f 1650 1651 1715
f 1650 1715 1714
f 1651 1652 1716
f 1651 1716 1715
f 1652 1653 1717
f 1652 1717 1716
f 1653 1654 1718
f 1653 1718 1717
f 1654 1655 1719
f 1654 1719 1718
f 1655 1656 1720
f 1655 1720 1719
f 1656 1657 1721
f 1656 1721 1720
f 1657 1658 1722
f 1657 1722 1721
f 1658 1659 1723
f 1658 1723 1722
f 1659 1660 1724
f 1659 1724 1723
f 1660 1661 1725
f 1660 1725 1724
f 1661 1662 1726
f 1661 1726 1725
f 1662 1663 1727
f 1662 1727 1726
f 1663 1664 1728
f 1663 1728 1727
f 1664 1601 1665
f 1664 1665 1728
f 1665 1666 1730
f 1665 1730 1729
f 1666 1667 1731
f 1666 1731 1730
f 1667 1668 1732
f 1667 1732 1731
f 1668 1669 1733
f 1668 1733 1732
f 1669 1670 1734
f 1669 1734 1733
f 1670 1671 1735
f 1670 1735 1734
f 1671 1672 1736
f 1671 1736 1735
f 1672 1673 1737
f 1672 1737 1736
f 1673 1674 1738
f 1673 1738 1737
f 1674 1675 1739
f 1674 1739 1738
f 1675 1676 1740
f 1675 1740 1739
f 1676 1677 1741
f 1676 1741 1740
f 1677 1678 1742
f 1677 1742 1741
f 1678 1679 1743
f 1678 1743 1742
f 1679 1680 1744
f 1679 1744 1743
f 1680 1681 1745
f 1680 1745 1744
f 1681 1682 1746
f 1681 1746 1745
f 1682 1683 1747
f 1682 1747 1746
f 1683 1684 1748
f 1683 1748 1747
f 1684 1685 1749
f 1684 1749 1748
f 1685 1686 1750
f 1685 1750 1749
f 1686 1687 1751
f 1686 1751 1750
f 1687 1688 1752
f 1687 1752 1751
f 1688 1689 1753
f 1688 1753 1752
f 1689 1690 1754
f 1689 1754 1753
f 1690 1691 1755
f 1690 1755 1754
f 1691 1692 1756
f 1691 1756 1755
f 1692 1693 1757
f 1692 1757 1756
f 1693 1694 1758
f 1693 1758 1757
f 1694 1695 1759
f 1694 1759 1758
f 1695 1696 1760
f 1695 1760 1759
f 1696 1697 1761
f 1696 1761 1760
f 1697 1698 1762
f 1697 1762 1761
f 1698 1699 1763
f 1698 1763 1762
f 1699 1700 1764
f 1699 1764 1763
f 1700 1701 1765
f 1700 1765 1764
f 1701 1702 1766
f 1701 1766 1765
f 1702 1703 1767
f 1702 1767 1766
f 1703 1704 1768
f 1703 1768 1767
f 1704 1705 1769
f 1704 1769 1768
f 1705 1706 1770
f 1705 1770 1769
f 1706 1707 1771
f 1706 1771 1770
f 1707 1708 1772
f 1707 1772 1771
f 1708 1709 1773
f 1708 1773 1772
f 1709 1710 1774
f 1709 1774 1773
f 1710 1711 1775
f 1710 1775 1774
f 1711 1712 1776
f 1711 1776 1775
f 1712 1713 1777
f 1712 1777 1776
f 1713 1714 1778
f 1713 1778 1777
f 1714 1715 1779
f 1714 1779 1778
f 1715 1716 1780
f 1715 1780 1779
f 1716 1717 1781
f 1716 1781 1780
f 1717 1718 1782
f 1717 1782 1781
f 1718 1719 1783
f 1718 1783 1782
f 1719 1720 1784
f 1719 1784 1783
f 1720 1721 1785
f 1720 1785 1784
f 1721 1722 1786
f 1721 1786 1785
f 1722 1723 1787
f 1722 1787 1786
f 1723 1724 1788
f 1723 1788 1787
f 1724 1725 1789
f 1724 1789 1788
f 1725 1726 1790
f 1725 1790 1789
f 1726 1727 1791
f 1726 1791 1790
f 1727 1728 1792
f 1727 1792 1791
f 1728 1665 1729
f 1728 1729 1792
f 1729 1730 1794
f 1729 1794 1793
f 1730 1731 1795
f 1730 1795 1794
f 1731 1732 1796
f 1731 1796 1795
f 1732 1733 1797
f 1732 1797 1796
f 1733 1734 1798
f 1733 1798 1797
f 1734 1735 1799
f 1734 1799 1798
f 1735 1736 1800
f 1735 1800 1799
f 1736 1737 1801
f 1736 1801 1800
f 1737 1738 1802
f 1737 1802 1801
f 1738 1739 1803
f 1738 1803 1802
f 1739 1740 1804
f 1739 1804 1803
f 1740 1741 1805
f 1740 1805 1804
f 1741 1742 1806
f 1741 1806 1805
f 1742 1743 1807
f 1742 1807 1806
f 1743 1744 1808
f 1743 1808 1807
f 1744 1745 1809
f 1744 1809 1808
f 1745 1746 1810
f 1745 1810 1809
f 1746 1747 1811
f 1746 1811 1810
f 1747 1748 1812
f 1747 1812 1811
f 1748 1749 1813
f 1748 1813 1812
f 1749 1750 1814
f 1749 1814 1813
f 1750 1751 1815
f 1750 1815 1814
f 1751 1752 1816
f 1751 1816 1815
f 1752 1753 1817
f 1752 1817 1816
f 1753 1754 1818
f 1753 1818 1817
f 1754 1755 1819
f 1754 1819 1818
f 1755 1756 1820
f 1755 1820 1819
f 1756 1757 1821
f 1756 1821 1820
f 1757 1758 1822
f 1757 1822 1821
f 1758 1759 1823
f 1758 1823 1822
f 1759 1760 1824
f 1759 1824 1823
f 1760 1761 1825
f 1760 1825 1824
f 1761 1762 1826
f 1761 1826 1825
f 1762 1763 1827
f 1762 1827 1826
f 1763 1764 1828
f 1763 1828 1827
f 1764 1765 1829
f 1764 1829 1828
f 1765 1766 1830
f 1765 1830 1829
f 1766 1767 1831
f 1766 1831 1830
f 1767 1768 1832
f 1767 1832 1831
f 1768 1769 1833
f 1768 1833 1832
f 1769 1770 1834
f 1769 1834 1833
f 1770 1771 1835
f 1770 1835 1834
f 1771 1772 1836
f 1771 1836 1835
f 1772 1773 1837
f 1772 1837 1836
f 1773 1774 1838
f 1773 1838 1837
f 1774 1775 1839
f 1774 1839 1838
f 1775 1776 1840
f 1775 1840 1839
f 1776 1777 1841
f 1776 1841 1840
f 1777 1778 1842
f 1777 1842 1841
f 1778 1779 1843
f 1778 1843 1842
f 1779 1780 1844
f 1779 1844 1843
f 1780 1781 1845
f 1780 1845 1844
f 1781 1782 1846
f 1781 1846 1845
f 1782 1783 1847
f 1782 1847 1846
f 1783 1784 1848
f 1783 1848 1847
f 1784 1785 1849
f 1784 1849 1848
f 1785 1786 1850
f 1785 1850 1849
f 1786 1787 1851
f 1786 1851 1850
f 1787 1788 1852
f 1787 1852 1851
f 1788 1789 1853
f 1788 1853 1852
f 1789 1790 1854
f 1789 1854 1853
f 1790 1791 1855
f 1790 1855 1854
f 1791 1792 1856
f 1791 1856 1855
f 1792 1729 1793
f 1792 1793 1856
f 1793 1794 1858
f 1793 1858 1857
f 1794 1795 1859
f 1794 1859 1858
f 1795 1796 1860
f 1795 1860 1859
f 1796 1797 1861
f 1796 1861 1860
f 1797 1798 1862
f 1797 1862 1861
f 1798 1799 1863
f 1798 1863 1862
f 1799 1800 1864
f 1799 1864 1863
f 1800 1801 1865
f 1800 1865 1864
f 1801 1802 1866
f 1801 1866 1865
f 1802 1803 1867
f 1802 1867 1866
f 1803 1804 1868
f 1803 1868 1867
f 1804 1805 1869
f 1804 1869 1868
f 1805 1806 1870
f 1805 1870 1869
f 1806 1807 1871
f 1806 1871 1870
f 1807 1808 1872
f 1807 1872 1871
f 1808 1809 1873
f 1808 1873 1872
f 1809 1810 1874
f 1809 1874 1873
f 1810 1811 1875
f 1810 1875 1874
f 1811 1812 1876
f 1811 1876 1875
f 1812 1813 1877
f 1812 1877 1876
f 1813 1814 1878
f 1813 1878 1877
f 1814 1815 1879
f 1814 1879 1878
f 1815 1816 1880
f 1815 1880 1879
f 1816 1817 1881
f 1816 1881 1880
f 1817 1818 1882
f 1817 1882 1881
f 1818 1819 1883
f 1818 1883 1882
f 1819 1820 1884
f 1819 1884 1883
f 1820 1821 1885
f 1820 1885 1884
f 1821 1822 1886
f 1821 1886 1885
f 1822 1823 1887
f 1822 1887 1886
f 1823 1824 1888
f 1823 1888 1887
f 1824 1825 1889
f 1824 1889 1888
f 1825 1826 1890
f 1825 1890 1889
f 1826 1827 1891
f 1826 1891 1890
f 1827 1828 1892
f 1827 1892 1891
f 1828 1829 1893
f 1828 1893 1892
f 1829 1830 1894
f 1829 1894 1893
f 1830 1831 1895
f 1830 1895 1894
f 1831 1832 1896
f 1831 1896 1895
f 1832 1833 1897
f 1832 1897 1896
f 1833 1834 1898
f 1833 1898 1897
f 1834 1835 1899
f 1834 1899 1898
f 1835 1836 1900
f 1835 1900 1899
f 1836 1837 1901
f 1836 1901 1900
f 1837 1838 1902
f 1837 1902 1901
f 1838 1839 1903
f 1838 1903 1902
f 1839 1840 1904
f 1839 1904 1903
f 1840 1841 1905
f 1840 1905 1904
f 1841 1842 1906
f 1841 1906 1905
f 1842 1843 1907
f 1842 1907 1906
f 1843 1844 1908
f 1843 1908 1907
f 1844 1845 1909
f 1844 1909 1908
f 1845 1846 1910
f 1845 1910 1909
f 1846 1847 1911
f 1846 1911 1910
f 1847 1848 1912
f 1847 1912 1911
f 1848 1849 1913
f 1848 1913 1912
f 1849 1850 1914
f 1849 1914 1913
f 1850 1851 1915
f 1850 1915 1914
f 1851 1852 1916
f 1851 1916 1915
f 1852 1853 1917
f 1852 1917 1916
f 1853 1854 1918
f 1853 1918 1917
f 1854 1855 1919
f 1854 1919 1918
f 1855 1856 1920
f 1855 1920 1919
f 1856 1793 1857
f 1856 1857 1920
f 1857 1858 1922
f 1857 1922 1921
f 1858 1859 1923
f 1858 1923 1922
f 1859 1860 1924
f 1859 1924 1923
f 1860 1861 1925
f 1860 1925 1924
f 1861 1862 1926
f 1861 1926 1925
f 1862 1863 1927
f 1862 1927 1926
f 1863 1864 1928
f 1863 1928 1927
f 1864 1865 1929
f 1864 1929 1928
f 1865 1866 1930
f 1865 1930 1929
f 1866 1867 1931
f 1866 1931 1930
f 1867 1868 1932
f 1867 1932 1931
f 1868 1869 1933
f 1868 1933 1932
f 1869 1870 1934
f 1869 1934 1933
f 1870 1871 1935
f 1870 1935 1934
f 1871 1872 1936
f 1871 1936 1935
f 1872 1873 1937
f 1872 1937 1936
f 1873 1874 1938
f 1873 1938 1937
f 1874 1875 1939
f 1874 1939 1938
f 1875 1876 1940
f 1875 1940 1939
f 1876 1877 1941
f 1876 1941 1940
f 1877 1878 1942
f 1877 1942 1941
f 1878 1879 1943
f 1878 1943 1942
f 1879 1880 1944
f 1879 1944 1943
f 1880 1881 1945
f 1880 1945 1944
f 1881 1882 1946
f 1881 1946 1945
f 1882 1883 1947
f 1882 1947 1946
f 1883 1884 1948
f 1883 1948 1947
f 1884 1885 1949
f 1884 1949 1948
f 1885 1886 1950
f 1885 1950 1949
f 1886 1887 1951
f 1886 1951 1950
f 1887 1888 1952
f 1887 1952 1951
f 1888 1889 1953
f 1888 1953 1952
f 1889 1890 1954
f 1889 1954 1953
f 1890 1891 1955
f 1890 1955 1954
f 1891 1892 1956
f 1891 1956 1955
f 1892 1893 1957
f 1892 1957 1956
f 1893 1894 1958
f 1893 1958 1957
f 1894 1895 1959
f 1894 1959 1958
f 1895 1896 1960
f 1895 1960 1959
f 1896 1897 1961
f 1896 1961 1960
f 1897 1898 1962
f 1897 1962 1961
f 1898 1899 1963
f 1898 1963 1962
f 1899 1900 1964
f 1899 1964 1963
f 1900 1901 1965
f 1900 1965 1964
f 1901 1902 1966
f 1901 1966 1965
f 1902 1903 1967
f 1902 1967 1966
f 1903 1904 1968
f 1903 1968 1967
f 1904 1905 1969
f 1904 1969 1968
f 1905 1906 1970
f 1905 1970 1969
f 1906 1907 1971
f 1906 1971 1970
f 1907 1908 1972
f 1907 1972 1971
f 1908 1909 1973
f 1908 1973 1972
f 1909 1910 1974
f 1909 1974 1973
f 1910 1911 1975
f 1910 1975 1974
f 1911 1912 1976
f 1911 1976 1975
f 1912 1913 1977
f 1912 1977 1976
f 1913 1914 1978
f 1913 1978 1977
f 1914 1915 1979
f 1914 1979 1978
f 1915 1916 1980
f 1915 1980 1979
f 1916 1917 1981
f 1916 1981 1980
f 1917 1918 1982
f 1917 1982 1981
f 1918 1919 1983
f 1918 1983 1982
f 1919 1920 1984
f 1919 1984 1983
f 1920 1857 1921
f 1920 1921 1984
f 1921 1922 1986
f 1921 1986 1985
f 1922 1923 1987
f 1922 1987 1986
f 1923 1924 1988
f 1923 1988 1987
f 1924 1925 1989
f 1924 1989 1988
f 1925 1926 1990
f 1925 1990 1989
f 1926 1927 1991
f 1926 1991 1990
f 1927 1928 1992
f 1927 1992 1991
f 1928 1929 1993
f 1928 1993 1992
f 1929 1930 1994
f 1929 1994 1993
f 1930 1931 1995
f 1930 1995 1994
f 1931 1932 1996
f 1931 1996 1995
f 1932 1933 1997
f 1932 1997 1996
f 1933 1934 1998
f 1933 1998 1997
f 1934 1935 1999
f 1934 1999 1998
f 1935 1936 2000
f 1935 2000 1999
f 1936 1937 2001
f 1936 2001 2000
f 1937 1938 2002
f 1937 2002 2001
f 1938 1939 2003
f 1938 2003 2002
f 1939 1940 2004
f 1939 2004 2003
f 1940 1941 2005
f 1940 2005 2004
f 1941 1942 2006
f 1941 2006 2005
f 1942 1943 2007
f 1942 2007 2006
f 1943 1944 2008
f 1943 2008 2007
f 1944 1945 2009
f 1944 2009 2008
f 1945 1946 2010
f 1945 2010 2009
f 1946 1947 2011
f 1946 2011 2010
f 1947 1948 2012
f 1947 2012 2011
f 1948 1949 2013
f 1948 2013 2012
f 1949 1950 2014
f 1949 2014 2013
f 1950 1951 2015
f 1950 2015 2014
f 1951 1952 2016
f 1951 2016 2015
f 1952 1953 2017
f 1952 2017 2016
f 1953 1954 2018
f 1953 2018 2017
f 1954 1955 2019
f 1954 2019 2018
f 1955 1956 2020
f 1955 2020 2019
f 1956 1957 2021
f 1956 2021 2020
f 1957 1958 2022
f 1957 2022 2021
f 1958 1959 2023
f 1958 2023 2022
f 1959 1960 2024
f 1959 2024 2023
f 1960 1961 2025
f 1960 2025 2024
f 1961 1962 2026
f 1961 2026 2025
f 1962 1963 2027
f 1962 2027 2026
f 1963 1964 2028
f 1963 2028 2027
f 1964 1965 2029
f 1964 2029 2028
f 1965 1966 2030
f 1965 2030 2029
f 1966 1967 2031
f 1966 2031 2030
f 1967 1968 2032
f 1967 2032 2031
f 1968 1969 2033
f 1968 2033 2032
f 1969 1970 2034
f 1969 2034 2033
f 1970 1971 2035
f 1970 2035 2034
f 1971 1972 2036
f 1971 2036 2035
f 1972 1973 2037
f 1972 2037 2036
f 1973 1974 2038
f 1973 2038 2037
f 1974 1975 2039
f 1974 2039 2038
f 1975 1976 2040
f 1975 2040 2039
f 1976 1977 2041
f 1976 2041 2040
f 1977 1978 2042
f 1977 2042 2041
f 1978 1979 2043
f 1978 2043 2042
f 1979 1980 2044
f 1979 2044 2043
f 1980 1981 2045
f 1980 2045 2044
f 1981 1982 2046
f 1981 2046 2045
f 1982 1983 2047
f 1982 2047 2046
f 1983 1984 2048
f 1983 2048 2047
f 1984 1921 1985
f 1984 1985 2048
f 1985 1986 2050
f 1985 2050 2049
f 1986 1987 2051
f 1986 2051 2050
f 1987 1988 2052
f 1987 2052 2051
f 1988 1989 2053
f 1988 2053 2052
f 1989 1990 2054
f 1989 2054 2053
f 1990 1991 2055
f 1990 2055 2054
f 1991 1992 2056
f 1991 2056 2055
f 1992 1993 2057
f 1992 2057 2056
f 1993 1994 2058
f 1993 2058 2057
f 1994 1995 2059
f 1994 2059 2058
f 1995 1996 2060
f 1995 2060 2059
f 1996 1997 2061
f 1996 2061 2060
f 1997 1998 2062
f 1997 2062 2061
f 1998 1999 2063
f 1998 2063 2062
f 1999 2000 2064
f 1999 2064 2063
f 2000 2001 2065
f 2000 2065 2064
f 2001 2002 2066
f 2001 2066 2065
f 2002 2003 2067
f 2002 2067 2066
f 2003 2004 2068
f 2003 2068 2067
f 2004 2005 2069
f 2004 2069 2068
f 2005 2006 2070
f 2005 2070 2069
f 2006 2007 2071
f 2006 2071 2070
f 2007 2008 2072
f 2007 2072 2071
f 2008 2009 2073
f 2008 2073 2072
f 2009 2010 2074
f 2009 2074 2073
f 2010 2011 2075
f 2010 2075 2074
f 2011 2012 2076
f 2011 2076 2075
f 2012 2013 2077
f 2012 2077 2076
f 2013 2014 2078
f 2013 2078 2077
f 2014 2015 2079
f 2014 2079 2078
f 2015 2016 2080
f 2015 2080 2079
f 2016 2017 2081
f 2016 2081 2080
f 2017 2018 2082
f 2017 2082 2081
f 2018 2019 2083
f 2018 2083 2082
f 2019 2020 2084
f 2019 2084 2083
f 2020 2021 2085
f 2020 2085 2084
f 2021 2022 2086
f 2021 2086 2085
f 2022 2023 2087
f 2022 2087 2086
f 2023 2024 2088
f 2023 2088 2087
f 2024 2025 2089
f 2024 2089 2088
f 2025 2026 2090
f 2025 2090 2089
f 2026 2027 2091
f 2026 2091 2090
f 2027 2028 2092
f 2027 2092 2091
f 2028 2029 2093
f 2028 2093 2092
f 2029 2030 2094
f 2029 2094 2093
f 2030 2031 2095
f 2030 2095 2094
f 2031 2032 2096
f 2031 2096 2095
f 2032 2033 2097
f 2032 2097 2096
f 2033 2034 2098
f 2033 2098 2097
f 2034 2035 2099
f 2034 2099 2098
f 2035 2036 2100
f 2035 2100 2099
f 2036 2037 2101
f 2036 2101 2100
f 2037 2038 2102
f 2037 2102 2101
f 2038 2039 2103
f 2038 2103 2102
f 2039 2040 2104
f 2039 2104 2103
f 2040 2041 2105
f 2040 2105 2104
f 2041 2042 2106
f 2041 2106 2105
f 2042 2043 2107
f 2042 2107 2106
f 2043 2044 2108
f 2043 2108 2107
f 2044 2045 2109
f 2044 2109 2108
f 2045 2046 2110
f 2045 2110 2109
f 2046 2047 2111
f 2046 2111 2110
f 2047 2048 2112
f 2047 2112 2111
f 2048 1985 2049
f 2048 2049 2112
f 2049 2050 2114
f 2049 2114 2113
f 2050 2051 2115
f 2050 2115 2114
f 2051 2052 2116
f 2051 2116 2115
f 2052 2053 2117
f 2052 2117 2116
f 2053 2054 2118
f 2053 2118 2117
f 2054 2055 2119
f 2054 2119 2118
f 2055 2056 2120
f 2055 2120 2119
f 2056 2057 2121
f 2056 2121 2120
f 2057 2058 2122
f 2057 2122 2121
f 2058 2059 2123
f 2058 2123 2122
f 2059 2060 2124
f 2059 2124 2123
f 2060 2061 2125
f 2060 2125 2124
f 2061 2062 2126
f 2061 2126 2125
f 2062 2063 2127
f 2062 2127 2126
f 2063 2064 2128
f 2063 2128 2127
f 2064 2065 2129
f 2064 2129 2128
f 2065 2066 2130
f 2065 2130 2129
f 2066 2067 2131
f 2066 2131 2130
f 2067 2068 2132
f 2067 2132 2131
f 2068 2069 2133
f 2068 2133 2132
f 2069 2070 2134
f 2069 2134 2133
f 2070 2071 2135
f 2070 2135 2134
f 2071 2072 2136
f 2071 2136 2135
f 2072 2073 2137
f 2072 2137 2136
f 2073 2074 2138
f 2073 2138 2137
f 2074 2075 2139
f 2074 2139 2138
f 2075 2076 2140
f 2075 2140 2139
f 2076 2077 2141
f 2076 2141 2140
f 2077 2078 2142
f 2077 2142 2141
f 2078 2079 2143
f 2078 2143 2142
f 2079 2080 2144
f 2079 2144 2143
f 2080 2081 2145
f 2080 2145 2144
f 2081 2082 2146
f 2081 2146 2145
f 2082 2083 2147
f 2082 2147 2146
f 2083 2084 2148
f 2083 2148 2147
f 2084 2085 2149
f 2084 2149 2148
f 2085 2086 2150
f 2085 2150 2149
f 2086 2087 2151
f 2086 2151 2150
f 2087 2088 2152
f 2087 2152 2151
f 2088 2089 2153
f 2088 2153 2152
f 2089 2090 2154
f 2089 2154 2153
f 2090 2091 2155
f 2090 2155 2154
f 2091 2092 2156
f 2091 2156 2155
f 2092 2093 2157
f 2092 2157 2156
f 2093 2094 2158
f 2093 2158 2157
f 2094 2095 2159
f 2094 2159 2158
f 2095 2096 2160
f 2095 2160 2159
f 2096 2097 2161
f 2096 2161 2160
f 2097 2098 2162
f 2097 2162 2161
f 2098 2099 2163
f 2098 2163 2162
f 2099 2100 2164
f 2099 2164 2163
f 2100 2101 2165
f 2100 2165 2164
f 2101 2102 2166
f 2101 2166 2165
f 2102 2103 2167
f 2102 2167 2166
f 2103 2104 2168
f 2103 2168 2167
f 2104 2105 2169
f 2104 2169 2168
f 2105 2106 2170
f 2105 2170 2169
f 2106 2107 2171
f 2106 2171 2170
f 2107 2108 2172
f 2107 2172 2171
f 2108 2109 2173
f 2108 2173 2172
f 2109 2110 2174
f 2109 2174 2173
f 2110 2111 2175
f 2110 2175 2174
f 2111 2112 2176
f 2111 2176 2175
f 2112 2049 2113
f 2112 2113 2176
f 2113 2114 2178
f 2113 2178 2177
f 2114 2115 2179
f 2114 2179 2178
f 2115 2116 2180
f 2115 2180 2179
f 2116 2117 2181
f 2116 2181 2180
f 2117 2118 2182
f 2117 2182 2181
f 2118 2119 2183
f 2118 2183 2182
f 2119 2120 2184
f 2119 2184 2183
f 2120 2121 2185
f 2120 2185 2184
f 2121 2122 2186
f 2121 2186 2185
f 2122 2123 2187
f 2122 2187 2186
f 2123 2124 2188
f 2123 2188 2187
f 2124 2125 2189
f 2124 2189 2188
f 2125 2126 2190
f 2125 2190 2189
f 2126 2127 2191
f 2126 2191 2190
f 2127 2128 2192
f 2127 2192 2191
f 2128 2129 2193
f 2128 2193 2192
f 2129 2130 2194
f 2129 2194 2193
f 2130 2131 2195
f 2130 2195 2194
f 2131 2132 2196
f 2131 2196 2195
f 2132 2133 2197
f 2132 2197 2196
f 2133 2134 2198
f 2133 2198 2197
f 2134 2135 2199
f 2134 2199 2198
f 2135 2136 2200
f 2135 2200 2199
f 2136 2137 2201
f 2136 2201 2200
f 2137 2138 2202
f 2137 2202 2201
f 2138 2139 2203
f 2138 2203 2202
f 2139 2140 2204
f 2139 2204 2203
f 2140 2141 2205
f 2140 2205 2204
f 2141 2142 2206
f 2141 2206 2205
f 2142 2143 2207
f 2142 2207 2206
f 2143 2144 2208
f 2143 2208 2207
f 2144 2145 2209
f 2144 2209 2208
f 2145 2146 2210
f 2145 2210 2209
f 2146 2147 2211
f 2146 2211 2210
f 2147 2148 2212
f 2147 2212 2211
f 2148 2149 2213
f 2148 2213 2212
f 2149 2150 2214
f 2149 2214 2213
f 2150 2151 2215
f 2150 2215 2214
f 2151 2152 2216
f 2151 2216 2215
f 2152 2153 2217
f 2152 2217 2216
f 2153 2154 2218
f 2153 2218 2217
f 2154 2155 2219
f 2154 2219 2218
f 2155 2156 2220
f 2155 2220 2219
f 2156 2157 2221
f 2156 2221 2220
f 2157 2158 2222
f 2157 2222 2221
f 2158 2159 2223
f 2158 2223 2222
f 2159 2160 2224
f 2159 2224 2223
f 2160 2161 2225
f 2160 2225 2224
f 2161 2162 2226
f 2161 2226 2225
f 2162 2163 2227
f 2162 2227 2226
f 2163 2164 2228
f 2163 2228 2227
f 2164 2165 2229
f 2164 2229 2228
f 2165 2166 2230
f 2165 2230 2229
f 2166 2167 2231
f 2166 2231 2230
f 2167 2168 2232
f 2167 2232 2231
f 2168 2169 2233
f 2168 2233 2232
f 2169 2170 2234
f 2169 2234 2233
f 2170 2171 2235
f 2170 2235 2234
f 2171 2172 2236
f 2171 2236 2235
f 2172 2173 2237
f 2172 2237 2236
f 2173 2174 2238
f 2173 2238 2237
f 2174 2175 2239
f 2174 2239 2238
f 2175 2176 2240
f 2175 2240 2239
f 2176 2113 2177
f 2176 2177 2240
f 2177 2178 2242
f 2177 2242 2241
f 2178 2179 2243
f 2178 2243 2242
f 2179 2180 2244
f 2179 2244 2243
f 2180 2181 2245
f 2180 2245 2244
f 2181 2182 2246
f 2181 2246 2245
f 2182 2183 2247
f 2182 2247 2246
f 2183 2184 2248
f 2183 2248 2247
f 2184 2185 2249
f 2184 2249 2248
f 2185 2186 2250
f 2185 2250 2249
f 2186 2187 2251
f 2186 2251 2250
f 2187 2188 2252
f 2187 2252 2251
f 2188 2189 2253
f 2188 2253 2252
f 2189 2190 2254
f 2189 2254 2253
f 2190 2191 2255
f 2190 2255 2254
f 2191 2192 2256
f 2191 2256 2255
f 2192 2193 2257
f 2192 2257 2256
f 2193 2194 2258
f 2193 2258 2257
f 2194 2195 2259
f 2194 2259 2258
f 2195 2196 2260
f 2195 2260 2259
f 2196 2197 2261
f 2196 2261 2260
f 2197 2198 2262
f 2197 2262 2261
f 2198 2199 2263
f 2198 2263 2262
f 2199 2200 2264
f 2199 2264 2263
f 2200 2201 2265
f 2200 2265 2264
f 2201 2202 2266
f 2201 2266 2265
f 2202 2203 2267
f 2202 2267 2266
f 2203 2204 2268
f 2203 2268 2267
f 2204 2205 2269
f 2204 2269 2268
f 2205 2206 2270
f 2205 2270 2269
f 2206 2207 2271
f 2206 2271 2270
f 2207 2208 2272
f 2207 2272 2271
f 2208 2209 2273
f 2208 2273 2272
f 2209 2210 2274
f 2209 2274 2273
f 2210 2211 2275
f 2210 2275 2274
f 2211 2212 2276
f 2211 2276 2275
f 2212 2213 2277
f 2212 2277 2276
f 2213 2214 2278
f 2213 2278 2277
f 2214 2215 2279
f 2214 2279 2278
f 2215 2216 2280
f 2215 2280 2279
f 2216 2217 2281
f 2216 2281 2280
f 2217 2218 2282
f 2217 2282 2281
f 2218 2219 2283
f 2218 2283 2282
f 2219 2220 2284
f 2219 2284 2283
f 2220 2221 2285
f 2220 2285 2284
f 2221 2222 2286
f 2221 2286 2285
f 2222 2223 2287
f 2222 2287 2286
f 2223 2224 2288
f 2223 2288 2287
f 2224 2225 2289
f 2224 2289 2288
f 2225 2226 2290
f 2225 2290 2289
f 2226 2227 2291
f 2226 2291 2290
f 2227 2228 2292
f 2227 2292 2291
f 2228 2229 2293
f 2228 2293 2292
f 2229 2230 2294
f 2229 2294 2293
f 2230 2231 2295
f 2230 2295 2294
f 2231 2232 2296
f 2231 2296 2295
f 2232 2233 2297
f 2232 2297 2296
f 2233 2234 2298
f 2233 2298 2297
f 2234 2235 2299
f 2234 2299 2298
f 2235 2236 2300
f 2235 2300 2299
f 2236 2237 2301
f 2236 2301 2300
f 2237 2238 2302
f 2237 2302 2301
f 2238 2239 2303
f 2238 2303 2302
f 2239 2240 2304
f 2239 2304 2303
f 2240 2177 2241
f 2240 2241 2304
f 2241 2242 2306
f 2241 2306 2305
f 2242 2243 2307
f 2242 2307 2306
f 2243 2244 2308
f 2243 2308 2307
f 2244 2245 2309
f 2244 2309 2308
f 2245 2246 2310
f 2245 2310 2309
f 2246 2247 2311
f 2246 2311 2310
f 2247 2248 2312
f 2247 2312 2311
f 2248 2249 2313
f 2248 2313 2312
f 2249 2250 2314
f 2249 2314 2313
f 2250 2251 2315
f 2250 2315 2314
f 2251 2252 2316
f 2251 2316 2315
f 2252 2253 2317
f 2252 2317 2316
f 2253 2254 2318
f 2253 2318 2317
f 2254 2255 2319
f 2254 2319 2318
f 2255 2256 2320
f 2255 2320 2319
f 2256 2257 2321
f 2256 2321 2320
f 2257 2258 2322
f 2257 2322 2321
f 2258 2259 2323
f 2258 2323 2322
f 2259 2260 2324
f 2259 2324 2323
f 2260 2261 2325
f 2260 2325 2324
f 2261 2262 2326
f 2261 2326 2325
f 2262 2263 2327
f 2262 2327 2326
f 2263 2264 2328
f 2263 2328 2327
f 2264 2265 2329
f 2264 2329 2328
f 2265 2266 2330
f 2265 2330 2329
f 2266 2267 2331
f 2266 2331 2330
f 2267 2268 2332
f 2267 2332 2331
f 2268 2269 2333
f 2268 2333 2332
f 2269 2270 2334
f 2269 2334 2333
f 2270 2271 2335
f 2270 2335 2334
f 2271 2272 2336
f 2271 2336 2335
f 2272 2273 2337
f 2272 2337 2336
f 2273 2274 2338
f 2273 2338 2337
f 2274 2275 2339
f 2274 2339 2338
f 2275 2276 2340
f 2275 2340 2339
f 2276 2277 2341
f 2276 2341 2340
f 2277 2278 2342
f 2277 2342 2341
f 2278 2279 2343
f 2278 2343 2342
f 2279 2280 2344
f 2279 2344 2343
f 2280 2281 2345
f 2280 2345 2344
f 2281 2282 2346
f 2281 2346 2345
f 2282 2283 2347
f 2282 2347 2346
f 2283 2284 2348
f 2283 2348 2347
f 2284 2285 2349
f 2284 2349 2348
f 2285 2286 2350
f 2285 2350 2349
f 2286 2287 2351
f 2286 2351 2350
f 2287 2288 2352
f 2287 2352 2351
f 2288 2289 2353
f 2288 2353 2352
f 2289 2290 2354
f 2289 2354 2353
f 2290 2291 2355
f 2290 2355 2354
f 2291 2292 2356
f 2291 2356 2355
f 2292 2293 2357
f 2292 2357 2356
f 2293 2294 2358
f 2293 2358 2357
f 2294 2295 2359
f 2294 2359 2358
f 2295 2296 2360
f 2295 2360 2359
f 2296 2297 2361
f 2296 2361 2360
f 2297 2298 2362
f 2297 2362 2361
f 2298 2299 2363
f 2298 2363 2362
f 2299 2300 2364
f 2299 2364 2363
f 2300 2301 2365
f 2300 2365 2364
f 2301 2302 2366
f 2301 2366 2365
f 2302 2303 2367
f 2302 2367 2366
f 2303 2304 2368
f 2303 2368 2367
f 2304 2241 2305
f 2304 2305 2368
f 2305 2306 2370
f 2305 2370 2369
f 2306 2307 2371
f 2306 2371 2370
f 2307 2308 2372
f 2307 2372 2371
f 2308 2309 2373
f 2308 2373 2372
f 2309 2310 2374
f 2309 2374 2373
f 2310 2311 2375
f 2310 2375 2374
f 2311 2312 2376
f 2311 2376 2375
f 2312 2313 2377
f 2312 2377 2376
f 2313 2314 2378
f 2313 2378 2377
f 2314 2315 2379
f 2314 2379 2378
f 2315 2316 2380
f 2315 2380 2379
f 2316 2317 2381
f 2316 2381 2380
f 2317 2318 2382
f 2317 2382 2381
f 2318 2319 2383
f 2318 2383 2382
f 2319 2320 2384
f 2319 2384 2383
f 2320 2321 2385
f 2320 2385 2384
f 2321 2322 2386
f 2321 2386 2385
f 2322 2323 2387
f 2322 2387 2386
f 2323 2324 2388
f 2323 2388 2387
f 2324 2325 2389
f 2324 2389 2388
f 2325 2326 2390
f 2325 2390 2389
f 2326 2327 2391
f 2326 2391 2390
f 2327 2328 2392
f 2327 2392 2391
f 2328 2329 2393
f 2328 2393 2392
f 2329 2330 2394
f 2329 2394 2393
f 2330 2331 2395
f 2330 2395 2394
f 2331 2332 2396
f 2331 2396 2395
f 2332 2333 2397
f 2332 2397 2396
f 2333 2334 2398
f 2333 2398 2397
f 2334 2335 2399
f 2334 2399 2398
f 2335 2336 2400
f 2335 2400 2399
f 2336 2337 2401
f 2336 2401 2400
f 2337 2338 2402
f 2337 2402 2401
f 2338 2339 2403
f 2338 2403 2402
f 2339 2340 2404
f 2339 2404 2403
f 2340 2341 2405
f 2340 2405 2404
f 2341 2342 2406
f 2341 2406 2405
f 2342 2343 2407
f 2342 2407 2406
f 2343 2344 2408
f 2343 2408 2407
f 2344 2345 2409
f 2344 2409 2408
f 2345 2346 2410
f 2345 2410 2409
f 2346 2347 2411
f 2346 2411 2410
f 2347 2348 2412
f 2347 2412 2411
f 2348 2349 2413
f 2348 2413 2412
f 2349 2350 2414
f 2349 2414 2413
f 2350 2351 2415
f 2350 2415 2414
f 2351 2352 2416
f 2351 2416 2415
f 2352 2353 2417
f 2352 2417 2416
f 2353 2354 2418
f 2353 2418 2417
f 2354 2355 2419
f 2354 2419 2418
f 2355 2356 2420
f 2355 2420 2419
f 2356 2357 2421
f 2356 2421 2420
f 2357 2358 2422
f 2357 2422 2421
f 2358 2359 2423
f 2358 2423 2422
f 2359 2360 2424
f 2359 2424 2423
f 2360 2361 2425
f 2360 2425 2424
f 2361 2362 2426
f 2361 2426 2425
f 2362 2363 2427
f 2362 2427 2426
f 2363 2364 2428
f 2363 2428 2427
f 2364 2365 2429
f 2364 2429 2428
f 2365 2366 2430
f 2365 2430 2429
f 2366 2367 2431
f 2366 2431 2430
f 2367 2368 2432
f 2367 2432 2431
f 2368 2305 2369
f 2368 2369 2432
f 2369 2370 2434
f 2369 2434 2433
f 2370 2371 2435
f 2370 2435 2434
f 2371 2372 2436
f 2371 2436 2435
f 2372 2373 2437
f 2372 2437 2436
f 2373 2374 2438
f 2373 2438 2437
f 2374 2375 2439
f 2374 2439 2438
f 2375 2376 2440
f 2375 2440 2439
f 2376 2377 2441
f 2376 2441 2440
f 2377 2378 2442
f 2377 2442 2441
f 2378 2379 2443
f 2378 2443 2442
f 2379 2380 2444
f 2379 2444 2443
f 2380 2381 2445
f 2380 2445 2444
f 2381 2382 2446
f 2381 2446 2445
f 2382 2383 2447
f 2382 2447 2446
f 2383 2384 2448
f 2383 2448 2447
f 2384 2385 2449
f 2384 2449 2448
f 2385 2386 2450
f 2385 2450 2449
f 2386 2387 2451
f 2386 2451 2450
f 2387 2388 2452
f 2387 2452 2451
f 2388 2389 2453
f 2388 2453 2452
f 2389 2390 2454
f 2389 2454 2453
f 2390 2391 2455
f 2390 2455 2454
f 2391 2392 2456
f 2391 2456 2455
f 2392 2393 2457
f 2392 2457 2456
f 2393 2394 2458
f 2393 2458 2457
f 2394 2395 2459
f 2394 2459 2458
f 2395 2396 2460
f 2395 2460 2459
f 2396 2397 2461
f 2396 2461 2460
f 2397 2398 2462
f 2397 2462 2461
f 2398 2399 2463
f 2398 2463 2462
f 2399 2400 2464
f 2399 2464 2463
f 2400 2401 2465
f 2400 2465 2464
f 2401 2402 2466
f 2401 2466 2465
f 2402 2403 2467
f 2402 2467 2466
f 2403 2404 2468
f 2403 2468 2467
f 2404 2405 2469
f 2404 2469 2468
f 2405 2406 2470
f 2405 2470 2469
f 2406 2407 2471
f 2406 2471 2470
f 2407 2408 2472
f 2407 2472 2471
f 2408 2409 2473
f 2408 2473 2472
f 2409 2410 2474
f 2409 2474 2473
f 2410 2411 2475
f 2410 2475 2474
f 2411 2412 2476
f 2411 2476 2475
f 2412 2413 2477
f 2412 2477 2476
f 2413 2414 2478
f 2413 2478 2477
f 2414 2415 2479
f 2414 2479 2478
f 2415 2416 2480
f 2415 2480 2479
f 2416 2417 2481
f 2416 2481 2480
f 2417 2418 2482
f 2417 2482 2481
f 2418 2419 2483
f 2418 2483 2482
f 2419 2420 2484
f 2419 2484 2483
f 2420 2421 2485
f 2420 2485 2484
f 2421 2422 2486
f 2421 2486 2485
f 2422 2423 2487
f 2422 2487 2486
f 2423 2424 2488
f 2423 2488 2487
f 2424 2425 2489
f 2424 2489 2488
f 2425 2426 2490
f 2425 2490 2489
f 2426 2427 2491
f 2426 2491 2490
f 2427 2428 2492
f 2427 2492 2491
f 2428 2429 2493
f 2428 2493 2492
f 2429 2430 2494
f 2429 2494 2493
f 2430 2431 2495
f 2430 2495 2494
f 2431 2432 2496
f 2431 2496 2495
f 2432 2369 2433
f 2432 2433 2496
f 2433 2434 2498
f 2433 2498 2497
f 2434 2435 2499
f 2434 2499 2498
f 2435 2436 2500
f 2435 2500 2499
f 2436 2437 2501
f 2436 2501 2500
f 2437 2438 2502
f 2437 2502 2501
f 2438 2439 2503
f 2438 2503 2502
f 2439 2440 2504
f 2439 2504 2503
f 2440 2441 2505
f 2440 2505 2504
f 2441 2442 2506
f 2441 2506 2505
f 2442 2443 2507
f 2442 2507 2506
f 2443 2444 2508
f 2443 2508 2507
f 2444 2445 2509
f 2444 2509 2508
f 2445 2446 2510
f 2445 2510 2509
f 2446 2447 2511
f 2446 2511 2510
f 2447 2448 2512
f 2447 2512 2511
f 2448 2449 2513
f 2448 2513 2512
f 2449 2450 2514
f 2449 2514 2513
f 2450 2451 2515
f 2450 2515 2514
f 2451 2452 2516
f 2451 2516 2515
f 2452 2453 2517
f 2452 2517 2516
f 2453 2454 2518
f 2453 2518 2517
f 2454 2455 2519
f 2454 2519 2518
f 2455 2456 2520
f 2455 2520 2519
f 2456 2457 2521
f 2456 2521 2520
f 2457 2458 2522
f 2457 2522 2521
f 2458 2459 2523
f 2458 2523 2522
f 2459 2460 2524
f 2459 2524 2523
f 2460 2461 2525
f 2460 2525 2524
f 2461 2462 2526
f 2461 2526 2525
f 2462 2463 2527
f 2462 2527 2526
f 2463 2464 2528
f 2463 2528 2527
f 2464 2465 2529
f 2464 2529 2528
f 2465 2466 2530
f 2465 2530 2529
f 2466 2467 2531
f 2466 2531 2530
f 2467 2468 2532
f 2467 2532 2531
f 2468 2469 2533
f 2468 2533 2532
f 2469 2470 2534
f 2469 2534 2533
f 2470 2471 2535
f 2470 2535 2534
f 2471 2472 2536
f 2471 2536 2535
f 2472 2473 2537
f 2472 2537 2536
f 2473 2474 2538
f 2473 2538 2537
f 2474 2475 2539
f 2474 2539 2538
f 2475 2476 2540
f 2475 2540 2539
f 2476 2477 2541
f 2476 2541 2540
f 2477 2478 2542
f 2477 2542 2541
f 2478 2479 2543
f 2478 2543 2542
f 2479 2480 2544
f 2479 2544 2543
f 2480 2481 2545
f 2480 2545 2544
f 2481 2482 2546
f 2481 2546 2545
f 2482 2483 2547
f 2482 2547 2546
f 2483 2484 2548
f 2483 2548 2547
f 2484 2485 2549
f 2484 2549 2548
f 2485 2486 2550
f 2485 2550 2549
f 2486 2487 2551
f 2486 2551 2550
f 2487 2488 2552
f 2487 2552 2551
f 2488 2489 2553
f 2488 2553 2552
f 2489 2490 2554
f 2489 2554 2553
f 2490 2491 2555
f 2490 2555 2554
f 2491 2492 2556
f 2491 2556 2555
f 2492 2493 2557
f 2492 2557 2556
f 2493 2494 2558
f 2493 2558 2557
f 2494 2495 2559
f 2494 2559 2558
f 2495 2496 2560
f 2495 2560 2559
f 2496 2433 2497
f 2496 2497 2560
f 2497 2498 2562
f 2497 2562 2561
f 2498 2499 2563
f 2498 2563 2562
f 2499 2500 2564
f 2499 2564 2563
f 2500 2501 2565
f 2500 2565 2564
f 2501 2502 2566
f 2501 2566 2565
f 2502 2503 2567
f 2502 2567 2566
f 2503 2504 2568
f 2503 2568 2567
f 2504 2505 2569
f 2504 2569 2568
f 2505 2506 2570
f 2505 2570 2569
f 2506 2507 2571
f 2506 2571 2570
f 2507 2508 2572
f 2507 2572 2571
f 2508 2509 2573
f 2508 2573 2572
f 2509 2510 2574
f 2509 2574 2573
f 2510 2511 2575
f 2510 2575 2574
f 2511 2512 2576
f 2511 2576 2575
f 2512 2513 2577
f 2512 2577 2576
f 2513 2514 2578
f 2513 2578 2577
f 2514 2515 2579
f 2514 2579 2578
f 2515 2516 2580
f 2515 2580 2579
f 2516 2517 2581
f 2516 2581 2580
f 2517 2518 2582
f 2517 2582 2581
f 2518 2519 2583
f 2518 2583 2582
f 2519 2520 2584
f 2519 2584 2583
f 2520 2521 2585
f 2520 2585 2584
f 2521 2522 2586
f 2521 2586 2585
f 2522 2523 2587
f 2522 2587 2586
f 2523 2524 2588
f 2523 2588 2587
f 2524 2525 2589
f 2524 2589 2588
f 2525 2526 2590
f 2525 2590 2589
f 2526 2527 2591
f 2526 2591 2590
f 2527 2528 2592
f 2527 2592 2591
f 2528 2529 2593
f 2528 2593 2592
f 2529 2530 2594
f 2529 2594 2593
f 2530 2531 2595
f 2530 2595 2594
f 2531 2532 2596
f 2531 2596 2595
f 2532 2533 2597
f 2532 2597 2596
f 2533 2534 2598
f 2533 2598 2597
f 2534 2535 2599
f 2534 2599 2598
f 2535 2536 2600
f 2535 2600 2599
f 2536 2537 2601
f 2536 2601 2600
f 2537 2538 2602
f 2537 2602 2601
f 2538 2539 2603
f 2538 2603 2602
f 2539 2540 2604
f 2539 2604 2603
f 2540 2541 2605
f 2540 2605 2604
f 2541 2542 2606
f 2541 2606 2605
f 2542 2543 2607
f 2542 2607 2606
f 2543 2544 2608
f 2543 2608 2607
f 2544 2545 2609
f 2544 2609 2608
f 2545 2546 2610
f 2545 2610 2609
f 2546 2547 2611
f 2546 2611 2610
f 2547 2548 2612
f 2547 2612 2611
f 2548 2549 2613
f 2548 2613 2612
f 2549 2550 2614
f 2549 2614 2613
f 2550 2551 2615
f 2550 2615 2614
f 2551 2552 2616
f 2551 2616 2615
f 2552 2553 2617
f 2552 2617 2616
f 2553 2554 2618
f 2553 2618 2617
f 2554 2555 2619
f 2554 2619 2618
f 2555 2556 2620
f 2555 2620 2619
f 2556 2557 2621
f 2556 2621 2620
f 2557 2558 2622
f 2557 2622 2621
f 2558 2559 2623
f 2558 2623 2622
f 2559 2560 2624
f 2559 2624 2623
f 2560 2497 2561
f 2560 2561 2624
f 2561 2562 2626
f 2561 2626 2625
f 2562 2563 2627
f 2562 2627 2626
f 2563 2564 2628
f 2563 2628 2627
f 2564 2565 2629
f 2564 2629 2628
f 2565 2566 2630
f 2565 2630 2629
f 2566 2567 2631
f 2566 2631 2630
f 2567 2568 2632
f 2567 2632 2631
f 2568 2569 2633
f 2568 2633 2632
f 2569 2570 2634
f 2569 2634 2633
f 2570 2571 2635
f 2570 2635 2634
f 2571 2572 2636
f 2571 2636 2635
f 2572 2573 2637
f 2572 2637 2636
f 2573 2574 2638
f 2573 2638 2637
f 2574 2575 2639
f 2574 2639 2638
f 2575 2576 2640
f 2575 2640 2639
f 2576 2577 2641
f 2576 2641 2640
f 2577 2578 2642
f 2577 2642 2641
f 2578 2579 2643
f 2578 2643 2642
f 2579 2580 2644
f 2579 2644 2643
f 2580 2581 2645
f 2580 2645 2644
f 2581 2582 2646
f 2581 2646 2645
f 2582 2583 2647
f 2582 2647 2646
f 2583 2584 2648
f 2583 2648 2647
f 2584 2585 2649
f 2584 2649 2648
f 2585 2586 2650
f 2585 2650 2649
f 2586 2587 2651
f 2586 2651 2650
f 2587 2588 2652
f 2587 2652 2651
f 2588 2589 2653
f 2588 2653 2652
f 2589 2590 2654
f 2589 2654 2653
f 2590 2591 2655
f 2590 2655 2654
f 2591 2592 2656
f 2591 2656 2655
f 2592 2593 2657
f 2592 2657 2656
f 2593 2594 2658
f 2593 2658 2657
f 2594 2595 2659
f 2594 2659 2658
f 2595 2596 2660
f 2595 2660 2659
f 2596 2597 2661
f 2596 2661 2660
f 2597 2598 2662
f 2597 2662 2661
f 2598 2599 2663
f 2598 2663 2662
f 2599 2600 2664
f 2599 2664 2663
f 2600 2601 2665
f 2600 2665 2664
f 2601 2602 2666
f 2601 2666 2665
f 2602 2603 2667
f 2602 2667 2666
f 2603 2604 2668
f 2603 2668 2667
f 2604 2605 2669
f 2604 2669 2668
f 2605 2606 2670
f 2605 2670 2669
f 2606 2607 2671
f 2606 2671 2670
f 2607 2608 2672
f 2607 2672 2671
f 2608 2609 2673
f 2608 2673 2672
f 2609 2610 2674
f 2609 2674 2673
f 2610 2611 2675
f 2610 2675 2674
f 2611 2612 2676
f 2611 2676 2675
f 2612 2613 2677
f 2612 2677 2676
f 2613 2614 2678
f 2613 2678 2677
f 2614 2615 2679
f 2614 2679 2678
f 2615 2616 2680
f 2615 2680 2679
f 2616 2617 2681
f 2616 2681 2680
f 2617 2618 2682
f 2617 2682 2681
f 2618 2619 2683
f 2618 2683 2682
f 2619 2620 2684
f 2619 2684 2683
f 2620 2621 2685
f 2620 2685 2684
f 2621 2622 2686
f 2621 2686 2685
f 2622 2623 2687
f 2622 2687 2686
f 2623 2624 2688
f 2623 2688 2687
f 2624 2561 2625
f 2624 2625 2688
f 2625 2626 2690
f 2625 2690 2689
f 2626 2627 2691
f 2626 2691 2690
f 2627 2628 2692
f 2627 2692 2691
f 2628 2629 2693
f 2628 2693 2692
f 2629 2630 2694
f 2629 2694 2693
f 2630 2631 2695
f 2630 2695 2694
f 2631 2632 2696
f 2631 2696 2695
f 2632 2633 2697
f 2632 2697 2696
f 2633 2634 2698
f 2633 2698 2697
f 2634 2635 2699
f 2634 2699 2698
f 2635 2636 2700
f 2635 2700 2699
f 2636 2637 2701
f 2636 2701 2700
f 2637 2638 2702
f 2637 2702 2701
f 2638 2639 2703
f 2638 2703 2702
f 2639 2640 2704
f 2639 2704 2703
f 2640 2641 2705
f 2640 2705 2704
f 2641 2642 2706
f 2641 2706 2705
f 2642 2643 2707
f 2642 2707 2706
f 2643 2644 2708
f 2643 2708 2707
f 2644 2645 2709
f 2644 2709 2708
f 2645 2646 2710
f 2645 2710 2709
f 2646 2647 2711
f 2646 2711 2710
f 2647 2648 2712
f 2647 2712 2711
f 2648 2649 2713
f 2648 2713 2712
f 2649 2650 2714
f 2649 2714 2713
f 2650 2651 2715
f 2650 2715 2714
f 2651 2652 2716
f 2651 2716 2715
f 2652 2653 2717
f 2652 2717 2716
f 2653 2654 2718
f 2653 2718 2717
f 2654 2655 2719
f 2654 2719 2718
f 2655 2656 2720
f 2655 2720 2719
f 2656 2657 2721
f 2656 2721 2720
f 2657 2658 2722
f 2657 2722 2721
f 2658 2659 2723
f 2658 2723 2722
f 2659 2660 2724
f 2659 2724 2723
f 2660 2661 2725
f 2660 2725 2724
f 2661 2662 2726
f 2661 2726 2725
f 2662 2663 2727
f 2662 2727 2726
f 2663 2664 2728
f 2663 2728 2727
f 2664 2665 2729
f 2664 2729 2728
f 2665 2666 2730
f 2665 2730 2729
f 2666 2667 2731
f 2666 2731 2730
f 2667 2668 2732
f 2667 2732 2731
f 2668 2669 2733
f 2668 2733 2732
f 2669 2670 2734
f 2669 2734 2733
f 2670 2671 2735
f 2670 2735 2734
f 2671 2672 2736
f 2671 2736 2735
f 2672 2673 2737
f 2672 2737 2736
f 2673 2674 2738
f 2673 2738 2737
f 2674 2675 2739
f 2674 2739 2738
f 2675 2676 2740
f 2675 2740 2739
f 2676 2677 2741
f 2676 2741 2740
f 2677 2678 2742
f 2677 2742 2741
f 2678 2679 2743
f 2678 2743 2742
f 2679 2680 2744
f 2679 2744 2743
f 2680 2681 2745
f 2680 2745 2744
f 2681 2682 2746
f 2681 2746 2745
f 2682 2683 2747
f 2682 2747 2746
f 2683 2684 2748
f 2683 2748 2747
f 2684 2685 2749
f 2684 2749 2748
f 2685 2686 2750
f 2685 2750 2749
f 2686 2687 2751
f 2686 2751 2750
f 2687 2688 2752
f 2687 2752 2751
f 2688 2625 2689
f 2688 2689 2752
f 2689 2690 2754
f 2689 2754 2753
f 2690 2691 2755
f 2690 2755 2754
f 2691 2692 2756
f 2691 2756 2755
f 2692 2693 2757
f 2692 2757 2756
f 2693 2694 2758
f 2693 2758 2757
f 2694 2695 2759
f 2694 2759 2758
f 2695 2696 2760
f 2695 2760 2759
f 2696 2697 2761
f 2696 2761 2760
f 2697 2698 2762
f 2697 2762 2761
f 2698 2699 2763
f 2698 2763 2762
f 2699 2700 2764
f 2699 2764 2763
f 2700 2701 2765
f 2700 2765 2764
f 2701 2702 2766
f 2701 2766 2765
f 2702 2703 2767
f 2702 2767 2766
f 2703 2704 2768
f 2703 2768 2767
f 2704 2705 2769
f 2704 2769 2768
f 2705 2706 2770
f 2705 2770 2769
f 2706 2707 2771
f 2706 2771 2770
f 2707 2708 2772
f 2707 2772 2771
f 2708 2709 2773
f 2708 2773 2772
f 2709 2710 2774
f 2709 2774 2773
f 2710 2711 2775
f 2710 2775 2774
f 2711 2712 2776
f 2711 2776 2775
f 2712 2713 2777
f 2712 2777 2776
f 2713 2714 2778
f 2713 2778 2777
f 2714 2715 2779
f 2714 2779 2778
f 2715 2716 2780
f 2715 2780 2779
f 2716 2717 2781
f 2716 2781 2780
f 2717 2718 2782
f 2717 2782 2781
f 2718 2719 2783
f 2718 2783 2782
f 2719 2720 2784
f 2719 2784 2783
f 2720 2721 2785
f 2720 2785 2784
f 2721 2722 2786
f 2721 2786 2785
f 2722 2723 2787
f 2722 2787 2786
f 2723 2724 2788
f 2723 2788 2787
f 2724 2725 2789
f 2724 2789 2788
f 2725 2726 2790
f 2725 2790 2789
f 2726 2727 2791
f 2726 2791 2790
f 2727 2728 2792
f 2727 2792 2791
f 2728 2729 2793
f 2728 2793 2792
f 2729 2730 2794
f 2729 2794 2793
f 2730 2731 2795
f 2730 2795 2794
f 2731 2732 2796
f 2731 2796 2795
f 2732 2733 2797
f 2732 2797 2796
f 2733 2734 2798
f 2733 2798 2797
f 2734 2735 2799
f 2734 2799 2798
f 2735 2736 2800
f 2735 2800 2799
f 2736 2737 2801
f 2736 2801 2800
f 2737 2738 2802
f 2737 2802 2801
f 2738 2739 2803
f 2738 2803 2802
f 2739 2740 2804
f 2739 2804 2803
f 2740 2741 2805
f 2740 2805 2804
f 2741 2742 2806
f 2741 2806 2805
f 2742 2743 2807
f 2742 2807 2806
f 2743 2744 2808
f 2743 2808 2807
f 2744 2745 2809
f 2744 2809 2808
f 2745 2746 2810
f 2745 2810 2809
f 2746 2747 2811
f 2746 2811 2810
f 2747 2748 2812
f 2747 2812 2811
f 2748 2749 2813
f 2748 2813 2812
f 2749 2750 2814
f 2749 2814 2813
f 2750 2751 2815
f 2750 2815 2814
f 2751 2752 2816
f 2751 2816 2815
f 2752 2689 2753
f 2752 2753 2816
f 2753 2754 2818
f 2753 2818 2817
f 2754 2755 2819
f 2754 2819 2818
f 2755 2756 2820
f 2755 2820 2819
f 2756 2757 2821
f 2756 2821 2820
f 2757 2758 2822
f 2757 2822 2821
f 2758 2759 2823
f 2758 2823 2822
f 2759 2760 2824
f 2759 2824 2823
f 2760 2761 2825
f 2760 2825 2824
f 2761 2762 2826
f 2761 2826 2825
f 2762 2763 2827
f 2762 2827 2826
f 2763 2764 2828
f 2763 2828 2827
f 2764 2765 2829
f 2764 2829 2828
f 2765 2766 2830
f 2765 2830 2829
f 2766 2767 2831
f 2766 2831 2830
f 2767 2768 2832
f 2767 2832 2831
f 2768 2769 2833
f 2768 2833 2832
f 2769 2770 2834
f 2769 2834 2833
f 2770 2771 2835
f 2770 2835 2834
f 2771 2772 2836
f 2771 2836 2835
f 2772 2773 2837
f 2772 2837 2836
f 2773 2774 2838
f 2773 2838 2837
f 2774 2775 2839
f 2774 2839 2838
f 2775 2776 2840
f 2775 2840 2839
f 2776 2777 2841
f 2776 2841 2840
f 2777 2778 2842
f 2777 2842 2841
f 2778 2779 2843
f 2778 2843 2842
f 2779 2780 2844
f 2779 2844 2843
f 2780 2781 2845
f 2780 2845 2844
f 2781 2782 2846
f 2781 2846 2845
f 2782 2783 2847
f 2782 2847 2846
f 2783 2784 2848
f 2783 2848 2847
f 2784 2785 2849
f 2784 2849 2848
f 2785 2786 2850
f 2785 2850 2849
f 2786 2787 2851
f 2786 2851 2850
f 2787 2788 2852
f 2787 2852 2851
f 2788 2789 2853
f 2788 2853 2852
f 2789 2790 2854
f 2789 2854 2853
f 2790 2791 2855
f 2790 2855 2854
f 2791 2792 2856
f 2791 2856 2855
f 2792 2793 2857
f 2792 2857 2856
f 2793 2794 2858
f 2793 2858 2857
f 2794 2795 2859
f 2794 2859 2858
f 2795 2796 2860
f 2795 2860 2859
f 2796 2797 2861
f 2796 2861 2860
f 2797 2798 2862
f 2797 2862 2861
f 2798 2799 2863
f 2798 2863 2862
f 2799 2800 2864
f 2799 2864 2863
f 2800 2801 2865
f 2800 2865 2864
f 2801 2802 2866
f 2801 2866 2865
f 2802 2803 2867
f 2802 2867 2866
f 2803 2804 2868
f 2803 2868 2867
f 2804 2805 2869
f 2804 2869 2868
f 2805 2806 2870
f 2805 2870 2869
f 2806 2807 2871
f 2806 2871 2870
f 2807 2808 2872
f 2807 2872 2871
f 2808 2809 2873
f 2808 2873 2872
f 2809 2810 2874
f 2809 2874 2873
f 2810 2811 2875
f 2810 2875 2874
f 2811 2812 2876
f 2811 2876 2875
f 2812 2813 2877
f 2812 2877 2876
f 2813 2814 2878
f 2813 2878 2877
f 2814 2815 2879
f 2814 2879 2878
f 2815 2816 2880
f 2815 2880 2879
f 2816 2753 2817
f 2816 2817 2880
f 2817 2818 2882
f 2817 2882 2881
f 2818 2819 2883
f 2818 2883 2882
f 2819 2820 2884
f 2819 2884 2883
f 2820 2821 2885
f 2820 2885 2884
f 2821 2822 2886
f 2821 2886 2885
f 2822 2823 2887
f 2822 2887 2886
f 2823 2824 2888
f 2823 2888 2887
f 2824 2825 2889
f 2824 2889 2888
f 2825 2826 2890
f 2825 2890 2889
f 2826 2827 2891
f 2826 2891 2890
f 2827 2828 2892
f 2827 2892 2891
f 2828 2829 2893
f 2828 2893 2892
f 2829 2830 2894
f 2829 2894 2893
f 2830 2831 2895
f 2830 2895 2894
f 2831 2832 2896
f 2831 2896 2895
f 2832 2833 2897
f 2832 2897 2896
f 2833 2834 2898
f 2833 2898 2897
f 2834 2835 2899
f 2834 2899 2898
f 2835 2836 2900
f 2835 2900 2899
f 2836 2837 2901
f 2836 2901 2900
f 2837 2838 2902
f 2837 2902 2901
f 2838 2839 2903
f 2838 2903 2902
f 2839 2840 2904
f 2839 2904 2903
f 2840 2841 2905
f 2840 2905 2904
f 2841 2842 2906
f 2841 2906 2905
f 2842 2843 2907
f 2842 2907 2906
f 2843 2844 2908
f 2843 2908 2907
f 2844 2845 2909
f 2844 2909 2908
f 2845 2846 2910
f 2845 2910 2909
f 2846 2847 2911
f 2846 2911 2910
f 2847 2848 2912
f 2847 2912 2911
f 2848 2849 2913
f 2848 2913 2912
f 2849 2850 2914
f 2849 2914 2913
f 2850 2851 2915
f 2850 2915 2914
f 2851 2852 2916
f 2851 2916 2915
f 2852 2853 2917
f 2852 2917 2916
f 2853 2854 2918
f 2853 2918 2917
f 2854 2855 2919
f 2854 2919 2918
f 2855 2856 2920
f 2855 2920 2919
f 2856 2857 2921
f 2856 2921 2920
f 2857 2858 2922
f 2857 2922 2921
f 2858 2859 2923
f 2858 2923 2922
f 2859 2860 2924
f 2859 2924 2923
f 2860 2861 2925
f 2860 2925 2924
f 2861 2862 2926
f 2861 2926 2925
f 2862 2863 2927
f 2862 2927 2926
f 2863 2864 2928
f 2863 2928 2927
f 2864 2865 2929
f 2864 2929 2928
f 2865 2866 2930
f 2865 2930 2929
f 2866 2867 2931
f 2866 2931 2930
f 2867 2868 2932
f 2867 2932 2931
f 2868 2869 2933
f 2868 2933 2932
f 2869 2870 2934
f 2869 2934 2933
f 2870 2871 2935
f 2870 2935 2934
f 2871 2872 2936
f 2871 2936 2935
f 2872 2873 2937
f 2872 2937 2936
f 2873 2874 2938
f 2873 2938 2937
f 2874 2875 2939
f 2874 2939 2938
f 2875 2876 2940
f 2875 2940 2939
f 2876 2877 2941
f 2876 2941 2940
f 2877 2878 2942
f 2877 2942 2941
f 2878 2879 2943
f 2878 2943 2942
f 2879 2880 2944
f 2879 2944 2943
f 2880 2817 2881
f 2880 2881 2944
f 2881 2882 2946
f 2881 2946 2945
f 2882 2883 2947
f 2882 2947 2946
f 2883 2884 2948
f 2883 2948 2947
f 2884 2885 2949
f 2884 2949 2948
f 2885 2886 2950
f 2885 2950 2949
f 2886 2887 2951
f 2886 2951 2950
f 2887 2888 2952
f 2887 2952 2951
f 2888 2889 2953
f 2888 2953 2952
f 2889 2890 2954
f 2889 2954 2953
f 2890 2891 2955
f 2890 2955 2954
f 2891 2892 2956
f 2891 2956 2955
f 2892 2893 2957
f 2892 2957 2956
f 2893 2894 2958
f 2893 2958 2957
f 2894 2895 2959
f 2894 2959 2958
f 2895 2896 2960
f 2895 2960 2959
f 2896 2897 2961
f 2896 2961 2960
f 2897 2898 2962
f 2897 2962 2961
f 2898 2899 2963
f 2898 2963 2962
f 2899 2900 2964
f 2899 2964 2963
f 2900 2901 2965
f 2900 2965 2964
f 2901 2902 2966
f 2901 2966 2965
f 2902 2903 2967
f 2902 2967 2966
f 2903 2904 2968
f 2903 2968 2967
f 2904 2905 2969
f 2904 2969 2968
f 2905 2906 2970
f 2905 2970 2969
f 2906 2907 2971
f 2906 2971 2970
f 2907 2908 2972
f 2907 2972 2971
f 2908 2909 2973
f 2908 2973 2972
f 2909 2910 2974
f 2909 2974 2973
f 2910 2911 2975
f 2910 2975 2974
f 2911 2912 2976
f 2911 2976 2975
f 2912 2913 2977
f 2912 2977 2976
f 2913 2914 2978
f 2913 2978 2977
f 2914 2915 2979
f 2914 2979 2978
f 2915 2916 2980
f 2915 2980 2979
f 2916 2917 2981
f 2916 2981 2980
f 2917 2918 2982
f 2917 2982 2981
f 2918 2919 2983
f 2918 2983 2982
f 2919 2920 2984
f 2919 2984 2983
f 2920 2921 2985
f 2920 2985 2984
f 2921 2922 2986
f 2921 2986 2985
f 2922 2923 2987
f 2922 2987 2986
f 2923 2924 2988
f 2923 2988 2987
f 2924 2925 2989
f 2924 2989 2988
f 2925 2926 2990
f 2925 2990 2989
f 2926 2927 2991
f 2926 2991 2990
f 2927 2928 2992
f 2927 2992 2991
f 2928 2929 2993
f 2928 2993 2992
f 2929 2930 2994
f 2929 2994 2993
f 2930 2931 2995
f 2930 2995 2994
f 2931 2932 2996
f 2931 2996 2995
f 2932 2933 2997
f 2932 2997 2996
f 2933 2934 2998
f 2933 2998 2997
f 2934 2935 2999
f 2934 2999 2998
f 2935 2936 3000
f 2935 3000 2999
f 2936 2937 3001
f 2936 3001 3000
f 2937 2938 3002
f 2937 3002 3001
f 2938 2939 3003
f 2938 3003 3002
f 2939 2940 3004
f 2939 3004 3003
f 2940 2941 3005
f 2940 3005 3004
f 2941 2942 3006
f 2941 3006 3005
f 2942 2943 3007
f 2942 3007 3006
f 2943 2944 3008
f 2943 3008 3007
f 2944 2881 2945
f 2944 2945 3008
f 2945 2946 3010
f 2945 3010 3009
f 2946 2947 3011
f 2946 3011 3010
f 2947 2948 3012
f 2947 3012 3011
f 2948 2949 3013
f 2948 3013 3012
f 2949 2950 3014
f 2949 3014 3013
f 2950 2951 3015
f 2950 3015 3014
f 2951 2952 3016
f 2951 3016 3015
f 2952 2953 3017
f 2952 3017 3016
f 2953 2954 3018
f 2953 3018 3017
f 2954 2955 3019
f 2954 3019 3018
f 2955 2956 3020
f 2955 3020 3019
f 2956 2957 3021
f 2956 3021 3020
f 2957 2958 3022
f 2957 3022 3021
f 2958 2959 3023
f 2958 3023 3022
f 2959 2960 3024
f 2959 3024 3023
f 2960 2961 3025
f 2960 3025 3024
f 2961 2962 3026
f 2961 3026 3025
f 2962 2963 3027
f 2962 3027 3026
f 2963 2964 3028
f 2963 3028 3027
f 2964 2965 3029
f 2964 3029 3028
f 2965 2966 3030
f 2965 3030 3029
f 2966 2967 3031
f 2966 3031 3030
f 2967 2968 3032
f 2967 3032 3031
f 2968 2969 3033
f 2968 3033 3032
f 2969 2970 3034
f 2969 3034 3033
f 2970 2971 3035
f 2970 3035 3034
f 2971 2972 3036
f 2971 3036 3035
f 2972 2973 3037
f 2972 3037 3036
f 2973 2974 3038
f 2973 3038 3037
f 2974 2975 3039
f 2974 3039 3038
f 2975 2976 3040
f 2975 3040 3039
f 2976 2977 3041
f 2976 3041 3040
f 2977 2978 3042
f 2977 3042 3041
f 2978 2979 3043
f 2978 3043 3042
f 2979 2980 3044
f 2979 3044 3043
f 2980 2981 3045
f 2980 3045 3044
f 2981 2982 3046
f 2981 3046 3045
f 2982 2983 3047
f 2982 3047 3046
f 2983 2984 3048
f 2983 3048 3047
f 2984 2985 3049
f 2984 3049 3048
f 2985 2986 3050
f 2985 3050 3049
f 2986 2987 3051
f 2986 3051 3050
f 2987 2988 3052
f 2987 3052 3051
f 2988 2989 3053
f 2988 3053 3052
f 2989 2990 3054
f 2989 3054 3053
f 2990 2991 3055
f 2990 3055 3054
f 2991 2992 3056
f 2991 3056 3055
f 2992 2993 3057
f 2992 3057 3056
f 2993 2994 3058
f 2993 3058 3057
f 2994 2995 3059
f 2994 3059 3058
f 2995 2996 3060
f 2995 3060 3059
f 2996 2997 3061
f 2996 3061 3060
f 2997 2998 3062
f 2997 3062 3061
f 2998 2999 3063
f 2998 3063 3062
f 2999 3000 3064
f 2999 3064 3063
f 3000 3001 3065
f 3000 3065 3064
f 3001 3002 3066
f 3001 3066 3065
f 3002 3003 3067
f 3002 3067 3066
f 3003 3004 3068
f 3003 3068 3067
f 3004 3005 3069
f 3004 3069 3068
f 3005 3006 3070
f 3005 3070 3069
f 3006 3007 3071
f 3006 3071 3070
f 3007 3008 3072
f 3007 3072 3071
f 3008 2945 3009
f 3008 3009 3072
f 3009 3010 3074
f 3009 3074 3073
f 3010 3011 3075
f 3010 3075 3074
f 3011 3012 3076
f 3011 3076 3075
f 3012 3013 3077
f 3012 3077 3076
f 3013 3014 3078
f 3013 3078 3077
f 3014 3015 3079
f 3014 3079 3078
f 3015 3016 3080
f 3015 3080 3079
f 3016 3017 3081
f 3016 3081 3080
f 3017 3018 3082
f 3017 3082 3081
f 3018 3019 3083
f 3018 3083 3082
f 3019 3020 3084
f 3019 3084 3083
f 3020 3021 3085
f 3020 3085 3084
f 3021 3022 3086
f 3021 3086 3085
f 3022 3023 3087
f 3022 3087 3086
f 3023 3024 3088
f 3023 3088 3087
f 3024 3025 3089
f 3024 3089 3088
f 3025 3026 3090
f 3025 3090 3089
f 3026 3027 3091
f 3026 3091 3090
f 3027 3028 3092
f 3027 3092 3091
f 3028 3029 3093
f 3028 3093 3092
f 3029 3030 3094
f 3029 3094 3093
f 3030 3031 3095
f 3030 3095 3094
f 3031 3032 3096
f 3031 3096 3095
f 3032 3033 3097
f 3032 3097 3096
f 3033 3034 3098
f 3033 3098 3097
f 3034 3035 3099
f 3034 3099 3098
f 3035 3036 3100
f 3035 3100 3099
f 3036 3037 3101
f 3036 3101 3100
f 3037 3038 3102
f 3037 3102 3101
f 3038 3039 3103
f 3038 3103 3102
f 3039 3040 3104
f 3039 3104 3103
f 3040 3041 3105
f 3040 3105 3104
f 3041 3042 3106
f 3041 3106 3105
f 3042 3043 3107
f 3042 3107 3106
f 3043 3044 3108
f 3043 3108 3107
f 3044 3045 3109
f 3044 3109 3108
f 3045 3046 3110
f 3045 3110 3109
f 3046 3047 3111
f 3046 3111 3110
f 3047 3048 3112
f 3047 3112 3111
f 3048 3049 3113
f 3048 3113 3112
f 3049 3050 3114
f 3049 3114 3113
f 3050 3051 3115
f 3050 3115 3114
f 3051 3052 3116
f 3051 3116 3115
f 3052 3053 3117
f 3052 3117 3116
f 3053 3054 3118
f 3053 3118 3117
f 3054 3055 3119
f 3054 3119 3118
f 3055 3056 3120
f 3055 3120 3119
f 3056 3057 3121
f 3056 3121 3120
f 3057 3058 3122
f 3057 3122 3121
f 3058 3059 3123
f 3058 3123 3122
f 3059 3060 3124
f 3059 3124 3123
f 3060 3061 3125
f 3060 3125 3124
f 3061 3062 3126
f 3061 3126 3125
f 3062 3063 3127
f 3062 3127 3126
f 3063 3064 3128
f 3063 3128 3127
f 3064 3065 3129
f 3064 3129 3128
f 3065 3066 3130
f 3065 3130 3129
f 3066 3067 3131
f 3066 3131 3130
f 3067 3068 3132
f 3067 3132 3131
f 3068 3069 3133
f 3068 3133 3132
f 3069 3070 3134
f 3069 3134 3133
f 3070 3071 3135
f 3070 3135 3134
f 3071 3072 3136
f 3071 3136 3135
f 3072 3009 3073
f 3072 3073 3136
f 3073 3074 3138
f 3073 3138 3137
f 3074 3075 3139
f 3074 3139 3138
f 3075 3076 3140
f 3075 3140 3139
f 3076 3077 3141
f 3076 3141 3140
f 3077 3078 3142
f 3077 3142 3141
f 3078 3079 3143
f 3078 3143 3142
f 3079 3080 3144
f 3079 3144 3143
f 3080 3081 3145
f 3080 3145 3144
f 3081 3082 3146
f 3081 3146 3145
f 3082 3083 3147
f 3082 3147 3146
f 3083 3084 3148
f 3083 3148 3147
f 3084 3085 3149
f 3084 3149 3148
f 3085 3086 3150
f 3085 3150 3149
f 3086 3087 3151
f 3086 3151 3150
f 3087 3088 3152
f 3087 3152 3151
f 3088 3089 3153
f 3088 3153 3152
f 3089 3090 3154
f 3089 3154 3153
f 3090 3091 3155
f 3090 3155 3154
f 3091 3092 3156
f 3091 3156 3155
f 3092 3093 3157
f 3092 3157 3156
f 3093 3094 3158
f 3093 3158 3157
f 3094 3095 3159
f 3094 3159 3158
f 3095 3096 3160
f 3095 3160 3159
f 3096 3097 3161
f 3096 3161 3160
f 3097 3098 3162
f 3097 3162 3161
f 3098 3099 3163
f 3098 3163 3162
f 3099 3100 3164
f 3099 3164 3163
f 3100 3101 3165
f 3100 3165 3164
f 3101 3102 3166
f 3101 3166 3165
f 3102 3103 3167
f 3102 3167 3166
f 3103 3104 3168
f 3103 3168 3167
f 3104 3105 3169
f 3104 3169 3168
f 3105 3106 3170
f 3105 3170 3169
f 3106 3107 3171
f 3106 3171 3170
f 3107 3108 3172
f 3107 3172 3171
f 3108 3109 3173
f 3108 3173 3172
f 3109 3110 3174
f 3109 3174 3173
f 3110 3111 3175
f 3110 3175 3174
f 3111 3112 3176
f 3111 3176 3175
f 3112 3113 3177
f 3112 3177 3176
f 3113 3114 3178
f 3113 3178 3177
f 3114 3115 3179
f 3114 3179 3178
f 3115 3116 3180
f 3115 3180 3179
f 3116 3117 3181
f 3116 3181 3180
f 3117 3118 3182
f 3117 3182 3181
f 3118 3119 3183
f 3118 3183 3182
f 3119 3120 3184
f 3119 3184 3183
f 3120 3121 3185
f 3120 3185 3184
f 3121 3122 3186
f 3121 3186 3185
f 3122 3123 3187
f 3122 3187 3186
f 3123 3124 3188
f 3123 3188 3187
f 3124 3125 3189
f 3124 3189 3188
f 3125 3126 3190
f 3125 3190 3189
f 3126 3127 3191
f 3126 3191 3190
f 3127 3128 3192
f 3127 3192 3191
f 3128 3129 3193
f 3128 3193 3192
f 3129 3130 3194
f 3129 3194 3193
f 3130 3131 3195
f 3130 3195 3194
f 3131 3132 3196
f 3131 3196 3195
f 3132 3133 3197
f 3132 3197 3196
f 3133 3134 3198
f 3133 3198 3197
f 3134 3135 3199
f 3134 3199 3198
f 3135 3136 3200
f 3135 3200 3199
f 3136 3073 3137
f 3136 3137 3200
f 3137 3138 3202
f 3137 3202 3201
f 3138 3139 3203
f 3138 3203 3202
f 3139 3140 3204
f 3139 3204 3203
f 3140 3141 3205
f 3140 3205 3204
f 3141 3142 3206
f 3141 3206 3205
f 3142 3143 3207
f 3142 3207 3206
f 3143 3144 3208
f 3143 3208 3207
f 3144 3145 3209
f 3144 3209 3208
f 3145 3146 3210
f 3145 3210 3209
f 3146 3147 3211
f 3146 3211 3210
f 3147 3148 3212
f 3147 3212 3211
f 3148 3149 3213
f 3148 3213 3212
f 3149 3150 3214
f 3149 3214 3213
f 3150 3151 3215
f 3150 3215 3214
f 3151 3152 3216
f 3151 3216 3215
f 3152 3153 3217
f 3152 3217 3216
f 3153 3154 3218
f 3153 3218 3217
f 3154 3155 3219
f 3154 3219 3218
f 3155 3156 3220
f 3155 3220 3219
f 3156 3157 3221
f 3156 3221 3220
f 3157 3158 3222
f 3157 3222 3221
f 3158 3159 3223
f 3158 3223 3222
f 3159 3160 3224
f 3159 3224 3223
f 3160 3161 3225
f 3160 3225 3224
f 3161 3162 3226
f 3161 3226 3225
f 3162 3163 3227
f 3162 3227 3226
f 3163 3164 3228
f 3163 3228 3227
f 3164 3165 3229
f 3164 3229 3228
f 3165 3166 3230
f 3165 3230 3229
f 3166 3167 3231
f 3166 3231 3230
f 3167 3168 3232
f 3167 3232 3231
f 3168 3169 3233
f 3168 3233 3232
f 3169 3170 3234
f 3169 3234 3233
f 3170 3171 3235
f 3170 3235 3234
f 3171 3172 3236
f 3171 3236 3235
f 3172 3173 3237
f 3172 3237 3236
f 3173 3174 3238
f 3173 3238 3237
f 3174 3175 3239
f 3174 3239 3238
f 3175 3176 3240
f 3175 3240 3239
f 3176 3177 3241
f 3176 3241 3240
f 3177 3178 3242
f 3177 3242 3241
f 3178 3179 3243
f 3178 3243 3242
f 3179 3180 3244
f 3179 3244 3243
f 3180 3181 3245
f 3180 3245 3244
f 3181 3182 3246
f 3181 3246 3245
f 3182 3183 3247
f 3182 3247 3246
f 3183 3184 3248
f 3183 3248 3247
f 3184 3185 3249
f 3184 3249 3248
f 3185 3186 3250
f 3185 3250 3249
f 3186 3187 3251
f 3186 3251 3250
f 3187 3188 3252
f 3187 3252 3251
f 3188 3189 3253
f 3188 3253 3252
f 3189 3190 3254
f 3189 3254 3253
f 3190 3191 3255
f 3190 3255 3254
f 3191 3192 3256
f 3191 3256 3255
f 3192 3193 3257
f 3192 3257 3256
f 3193 3194 3258
f 3193 3258 3257
f 3194 3195 3259
f 3194 3259 3258
f 3195 3196 3260
f 3195 3260 3259
f 3196 3197 3261
f 3196 3261 3260
f 3197 3198 3262
f 3197 3262 3261
f 3198 3199 3263
f 3198 3263 3262
f 3199 3200 3264
f 3199 3264 3263
f 3200 3137 3201
f 3200 3201 3264
f 3201 3202 3266
f 3201 3266 3265
f 3202 3203 3267
f 3202 3267 3266
f 3203 3204 3268
f 3203 3268 3267
f 3204 3205 3269
f 3204 3269 3268
f 3205 3206 3270
f 3205 3270 3269
f 3206 3207 3271
f 3206 3271 3270
f 3207 3208 3272
f 3207 3272 3271
f 3208 3209 3273
f 3208 3273 3272
f 3209 3210 3274
f 3209 3274 3273
f 3210 3211 3275
f 3210 3275 3274
f 3211 3212 3276
f 3211 3276 3275
f 3212 3213 3277
f 3212 3277 3276
f 3213 3214 3278
f 3213 3278 3277
f 3214 3215 3279
f 3214 3279 3278
f 3215 3216 3280
f 3215 3280 3279
f 3216 3217 3281
f 3216 3281 3280
f 3217 3218 3282
f 3217 3282 3281
f 3218 3219 3283
f 3218 3283 3282
f 3219 3220 3284
f 3219 3284 3283
f 3220 3221 3285
f 3220 3285 3284
f 3221 3222 3286
f 3221 3286 3285
f 3222 3223 3287
f 3222 3287 3286
f 3223 3224 3288
f 3223 3288 3287
f 3224 3225 3289
f 3224 3289 3288
f 3225 3226 3290
f 3225 3290 3289
f 3226 3227 3291
f 3226 3291 3290
f 3227 3228 3292
f 3227 3292 3291
f 3228 3229 3293
f 3228 3293 3292
f 3229 3230 3294
f 3229 3294 3293
f 3230 3231 3295
f 3230 3295 3294
f 3231 3232 3296
f 3231 3296 3295
f 3232 3233 3297
f 3232 3297 3296
f 3233 3234 3298
f 3233 3298 3297
f 3234 3235 3299
f 3234 3299 3298
f 3235 3236 3300
f 3235 3300 3299
f 3236 3237 3301
f 3236 3301 3300
f 3237 3238 3302
f 3237 3302 3301
f 3238 3239 3303
f 3238 3303 3302
f 3239 3240 3304
f 3239 3304 3303
f 3240 3241 3305
f 3240 3305 3304
f 3241 3242 3306
f 3241 3306 3305
f 3242 3243 3307
f 3242 3307 3306
f 3243 3244 3308
f 3243 3308 3307
f 3244 3245 3309
f 3244 3309 3308
f 3245 3246 3310
f 3245 3310 3309
f 3246 3247 3311
f 3246 3311 3310
f 3247 3248 3312
f 3247 3312 3311
f 3248 3249 3313
f 3248 3313 3312
f 3249 3250 3314
f 3249 3314 3313
f 3250 3251 3315
f 3250 3315 3314
f 3251 3252 3316
f 3251 3316 3315
f 3252 3253 3317
f 3252 3317 3316
f 3253 3254 3318
f 3253 3318 3317
f 3254 3255 3319
f 3254 3319 3318
f 3255 3256 3320
f 3255 3320 3319
f 3256 3257 3321
f 3256 3321 3320
f 3257 3258 3322
f 3257 3322 3321
f 3258 3259 3323
f 3258 3323 3322
f 3259 3260 3324
f 3259 3324 3323
f 3260 3261 3325
f 3260 3325 3324
f 3261 3262 3326
f 3261 3326 3325
f 3262 3263 3327
f 3262 3327 3326
f 3263 3264 3328
f 3263 3328 3327
f 3264 3201 3265
f 3264 3265 3328
f 3265 3266 3330
f 3265 3330 3329
f 3266 3267 3331
f 3266 3331 3330
f 3267 3268 3332
f 3267 3332 3331
f 3268 3269 3333
f 3268 3333 3332
f 3269 3270 3334
f 3269 3334 3333
f 3270 3271 3335
f 3270 3335 3334
f 3271 3272 3336
f 3271 3336 3335
f 3272 3273 3337
f 3272 3337 3336
f 3273 3274 3338
f 3273 3338 3337
f 3274 3275 3339
f 3274 3339 3338
f 3275 3276 3340
f 3275 3340 3339
f 3276 3277 3341
f 3276 3341 3340
f 3277 3278 3342
f 3277 3342 3341
f 3278 3279 3343
f 3278 3343 3342
f 3279 3280 3344
f 3279 3344 3343
f 3280 3281 3345
f 3280 3345 3344
f 3281 3282 3346
f 3281 3346 3345
f 3282 3283 3347
f 3282 3347 3346
f 3283 3284 3348
f 3283 3348 3347
f 3284 3285 3349
f 3284 3349 3348
f 3285 3286 3350
f 3285 3350 3349
f 3286 3287 3351
f 3286 3351 3350
f 3287 3288 3352
f 3287 3352 3351
f 3288 3289 3353
f 3288 3353 3352
f 3289 3290 3354
f 3289 3354 3353
f 3290 3291 3355
f 3290 3355 3354
f 3291 3292 3356
f 3291 3356 3355
f 3292 3293 3357
f 3292 3357 3356
f 3293 3294 3358
f 3293 3358 3357
f 3294 3295 3359
f 3294 3359 3358
f 3295 3296 3360
f 3295 3360 3359
f 3296 3297 3361
f 3296 3361 3360
f 3297 3298 3362
f 3297 3362 3361
f 3298 3299 3363
f 3298 3363 3362
f 3299 3300 3364
f 3299 3364 3363
f 3300 3301 3365
f 3300 3365 3364
f 3301 3302 3366
f 3301 3366 3365
f 3302 3303 3367
f 3302 3367 3366
f 3303 3304 3368
f 3303 3368 3367
f 3304 3305 3369
f 3304 3369 3368
f 3305 3306 3370
f 3305 3370 3369
f 3306 3307 3371
f 3306 3371 3370
f 3307 3308 3372
f 3307 3372 3371
f 3308 3309 3373
f 3308 3373 3372
f 3309 3310 3374
f 3309 3374 3373
f 3310 3311 3375
f 3310 3375 3374
f 3311 3312 3376
f 3311 3376 3375
f 3312 3313 3377
f 3312 3377 3376
f 3313 3314 3378
f 3313 3378 3377
f 3314 3315 3379
f 3314 3379 3378
f 3315 3316 3380
f 3315 3380 3379
f 3316 3317 3381
f 3316 3381 3380
f 3317 3318 3382
f 3317 3382 3381
f 3318 3319 3383
f 3318 3383 3382
f 3319 3320 3384
f 3319 3384 3383
f 3320 3321 3385
f 3320 3385 3384
f 3321 3322 3386
f 3321 3386 3385
f 3322 3323 3387
f 3322 3387 3386
f 3323 3324 3388
f 3323 3388 3387
f 3324 3325 3389
f 3324 3389 3388
f 3325 3326 3390
f 3325 3390 3389
f 3326 3327 3391
f 3326 3391 3390
f 3327 3328 3392
f 3327 3392 3391
f 3328 3265 3329
f 3328 3329 3392
f 3329 3330 3394
f 3329 3394 3393
f 3330 3331 3395
f 3330 3395 3394
f 3331 3332 3396
f 3331 3396 3395
f 3332 3333 3397
f 3332 3397 3396
f 3333 3334 3398
f 3333 3398 3397
f 3334 3335 3399
f 3334 3399 3398
f 3335 3336 3400
f 3335 3400 3399
f 3336 3337 3401
f 3336 3401 3400
f 3337 3338 3402
f 3337 3402 3401
f 3338 3339 3403
f 3338 3403 3402
f 3339 3340 3404
f 3339 3404 3403
f 3340 3341 3405
f 3340 3405 3404
f 3341 3342 3406
f 3341 3406 3405
f 3342 3343 3407
f 3342 3407 3406
f 3343 3344 3408
f 3343 3408 3407
f 3344 3345 3409
f 3344 3409 3408
f 3345 3346 3410
f 3345 3410 3409
f 3346 3347 3411
f 3346 3411 3410
f 3347 3348 3412
f 3347 3412 3411
f 3348 3349 3413
f 3348 3413 3412
f 3349 3350 3414
f 3349 3414 3413
f 3350 3351 3415
f 3350 3415 3414
f 3351 3352 3416
f 3351 3416 3415
f 3352 3353 3417
f 3352 3417 3416
f 3353 3354 3418
f 3353 3418 3417
f 3354 3355 3419
f 3354 3419 3418
f 3355 3356 3420
f 3355 3420 3419
f 3356 3357 3421
f 3356 3421 3420
f 3357 3358 3422
f 3357 3422 3421
f 3358 3359 3423
f 3358 3423 3422
f 3359 3360 3424
f 3359 3424 3423
f 3360 3361 3425
f 3360 3425 3424
f 3361 3362 3426
f 3361 3426 3425
f 3362 3363 3427
f 3362 3427 3426
f 3363 3364 3428
f 3363 3428 3427
f 3364 3365 3429
f 3364 3429 3428
f 3365 3366 3430
f 3365 3430 3429
f 3366 3367 3431
f 3366 3431 3430
f 3367 3368 3432
f 3367 3432 3431
f 3368 3369 3433
f 3368 3433 3432
f 3369 3370 3434
f 3369 3434 3433
f 3370 3371 3435
f 3370 3435 3434
f 3371 3372 3436
f 3371 3436 3435
f 3372 3373 3437
f 3372 3437 3436
f 3373 3374 3438
f 3373 3438 3437
f 3374 3375 3439
f 3374 3439 3438
f 3375 3376 3440
f 3375 3440 3439
f 3376 3377 3441
f 3376 3441 3440
f 3377 3378 3442
f 3377 3442 3441
f 3378 3379 3443
f 3378 3443 3442
f 3379 3380 3444
f 3379 3444 3443
f 3380 3381 3445
f 3380 3445 3444
f 3381 3382 3446
f 3381 3446 3445
f 3382 3383 3447
f 3382 3447 3446
f 3383 3384 3448
f 3383 3448 3447
f 3384 3385 3449
f 3384 3449 3448
f 3385 3386 3450
f 3385 3450 3449
f 3386 3387 3451
f 3386 3451 3450
f 3387 3388 3452
f 3387 3452 3451
f 3388 3389 3453
f 3388 3453 3452
f 3389 3390 3454
f 3389 3454 3453
f 3390 3391 3455
f 3390 3455 3454
f 3391 3392 3456
f 3391 3456 3455
f 3392 3329 3393
f 3392 3393 3456
f 3393 3394 3458
f 3393 3458 3457
f 3394 3395 3459
f 3394 3459 3458
f 3395 3396 3460
f 3395 3460 3459
f 3396 3397 3461
f 3396 3461 3460
f 3397 3398 3462
f 3397 3462 3461
f 3398 3399 3463
f 3398 3463 3462
f 3399 3400 3464
f 3399 3464 3463
f 3400 3401 3465
f 3400 3465 3464
f 3401 3402 3466
f 3401 3466 3465
f 3402 3403 3467
f 3402 3467 3466
f 3403 3404 3468
f 3403 3468 3467
f 3404 3405 3469
f 3404 3469 3468
f 3405 3406 3470
f 3405 3470 3469
f 3406 3407 3471
f 3406 3471 3470
f 3407 3408 3472
f 3407 3472 3471
f 3408 3409 3473
f 3408 3473 3472
f 3409 3410 3474
f 3409 3474 3473
f 3410 3411 3475
f 3410 3475 3474
f 3411 3412 3476
f 3411 3476 3475
f 3412 3413 3477
f 3412 3477 3476
f 3413 3414 3478
f 3413 3478 3477
f 3414 3415 3479
f 3414 3479 3478
f 3415 3416 3480
f 3415 3480 3479
f 3416 3417 3481
f 3416 3481 3480
f 3417 3418 3482
f 3417 3482 3481
f 3418 3419 3483
f 3418 3483 3482
f 3419 3420 3484
f 3419 3484 3483
f 3420 3421 3485
f 3420 3485 3484
f 3421 3422 3486
f 3421 3486 3485
f 3422 3423 3487
f 3422 3487 3486
f 3423 3424 3488
f 3423 3488 3487
f 3424 3425 3489
f 3424 3489 3488
f 3425 3426 3490
f 3425 3490 3489
f 3426 3427 3491
f 3426 3491 3490
f 3427 3428 3492
f 3427 3492 3491
f 3428 3429 3493
f 3428 3493 3492
f 3429 3430 3494
f 3429 3494 3493
f 3430 3431 3495
f 3430 3495 3494
f 3431 3432 3496
f 3431 3496 3495
f 3432 3433 3497
f 3432 3497 3496
f 3433 3434 3498
f 3433 3498 3497
f 3434 3435 3499
f 3434 3499 3498
f 3435 3436 3500
f 3435 3500 3499
f 3436 3437 3501
f 3436 3501 3500
f 3437 3438 3502
f 3437 3502 3501
f 3438 3439 3503
f 3438 3503 3502
f 3439 3440 3504
f 3439 3504 3503
f 3440 3441 3505
f 3440 3505 3504
f 3441 3442 3506
f 3441 3506 3505
f 3442 3443 3507
f 3442 3507 3506
f 3443 3444 3508
f 3443 3508 3507
f 3444 3445 3509
f 3444 3509 3508
f 3445 3446 3510
f 3445 3510 3509
f 3446 3447 3511
f 3446 3511 3510
f 3447 3448 3512
f 3447 3512 3511
f 3448 3449 3513
f 3448 3513 3512
f 3449 3450 3514
f 3449 3514 3513
f 3450 3451 3515
f 3450 3515 3514
f 3451 3452 3516
f 3451 3516 3515
f 3452 3453 3517
f 3452 3517 3516
f 3453 3454 3518
f 3453 3518 3517
f 3454 3455 3519
f 3454 3519 3518
f 3455 3456 3520
f 3455 3520 3519
f 3456 3393 3457
f 3456 3457 3520
f 3457 3458 3522
f 3457 3522 3521
f 3458 3459 3523
f 3458 3523 3522
f 3459 3460 3524
f 3459 3524 3523
f 3460 3461 3525
f 3460 3525 3524
f 3461 3462 3526
f 3461 3526 3525
f 3462 3463 3527
f 3462 3527 3526
f 3463 3464 3528
f 3463 3528 3527
f 3464 3465 3529
f 3464 3529 3528
f 3465 3466 3530
f 3465 3530 3529
f 3466 3467 3531
f 3466 3531 3530
f 3467 3468 3532
f 3467 3532 3531
f 3468 3469 3533
f 3468 3533 3532
f 3469 3470 3534
f 3469 3534 3533
f 3470 3471 3535
f 3470 3535 3534
f 3471 3472 3536
f 3471 3536 3535
f 3472 3473 3537
f 3472 3537 3536
f 3473 3474 3538
f 3473 3538 3537
f 3474 3475 3539
f 3474 3539 3538
f 3475 3476 3540
f 3475 3540 3539
f 3476 3477 3541
f 3476 3541 3540
f 3477 3478 3542
f 3477 3542 3541
f 3478 3479 3543
f 3478 3543 3542
f 3479 3480 3544
f 3479 3544 3543
f 3480 3481 3545
f 3480 3545 3544
f 3481 3482 3546
f 3481 3546 3545
f 3482 3483 3547
f 3482 3547 3546
f 3483 3484 3548
f 3483 3548 3547
f 3484 3485 3549
f 3484 3549 3548
f 3485 3486 3550
f 3485 3550 3549
f 3486 3487 3551
f 3486 3551 3550
f 3487 3488 3552
f 3487 3552 3551
f 3488 3489 3553
f 3488 3553 3552
f 3489 3490 3554
f 3489 3554 3553
f 3490 3491 3555
f 3490 3555 3554
f 3491 3492 3556
f 3491 3556 3555
f 3492 3493 3557
f 3492 3557 3556
f 3493 3494 3558
f 3493 3558 3557
f 3494 3495 3559
f 3494 3559 3558
f 3495 3496 3560
f 3495 3560 3559
f 3496 3497 3561
f 3496 3561 3560
f 3497 3498 3562
f 3497 3562 3561
f 3498 3499 3563
f 3498 3563 3562
f 3499 3500 3564
f 3499 3564 3563
f 3500 3501 3565
f 3500 3565 3564
f 3501 3502 3566
f 3501 3566 3565
f 3502 3503 3567
f 3502 3567 3566
f 3503 3504 3568
f 3503 3568 3567
f 3504 3505 3569
f 3504 3569 3568
f 3505 3506 3570
f 3505 3570 3569
f 3506 3507 3571
f 3506 3571 3570
f 3507 3508 3572
f 3507 3572 3571
f 3508 3509 3573
f 3508 3573 3572
f 3509 3510 3574
f 3509 3574 3573
f 3510 3511 3575
f 3510 3575 3574
f 3511 3512 3576
f 3511 3576 3575
f 3512 3513 3577
f 3512 3577 3576
f 3513 3514 3578
f 3513 3578 3577
f 3514 3515 3579
f 3514 3579 3578
f 3515 3516 3580
f 3515 3580 3579
f 3516 3517 3581
f 3516 3581 3580
f 3517 3518 3582
f 3517 3582 3581
f 3518 3519 3583
f 3518 3583 3582
f 3519 3520 3584
f 3519 3584 3583
f 3520 3457 3521
f 3520 3521 3584
f 3521 3522 3586
f 3521 3586 3585
f 3522 3523 3587
f 3522 3587 3586
f 3523 3524 3588
f 3523 3588 3587
f 3524 3525 3589
f 3524 3589 3588
f 3525 3526 3590
f 3525 3590 3589
f 3526 3527 3591
f 3526 3591 3590
f 3527 3528 3592
f 3527 3592 3591
f 3528 3529 3593
f 3528 3593 3592
f 3529 3530 3594
f 3529 3594 3593
f 3530 3531 3595
f 3530 3595 3594
f 3531 3532 3596
f 3531 3596 3595
f 3532 3533 3597
f 3532 3597 3596
f 3533 3534 3598
f 3533 3598 3597
f 3534 3535 3599
f 3534 3599 3598
f 3535 3536 3600
f 3535 3600 3599
f 3536 3537 3601
f 3536 3601 3600
f 3537 3538 3602
f 3537 3602 3601
f 3538 3539 3603
f 3538 3603 3602
f 3539 3540 3604
f 3539 3604 3603
f 3540 3541 3605
f 3540 3605 3604
f 3541 3542 3606
f 3541 3606 3605
f 3542 3543 3607
f 3542 3607 3606
f 3543 3544 3608
f 3543 3608 3607
f 3544 3545 3609
f 3544 3609 3608
f 3545 3546 3610
f 3545 3610 3609
f 3546 3547 3611
f 3546 3611 3610
f 3547 3548 3612
f 3547 3612 3611
f 3548 3549 3613
f 3548 3613 3612
f 3549 3550 3614
f 3549 3614 3613
f 3550 3551 3615
f 3550 3615 3614
f 3551 3552 3616
f 3551 3616 3615
f 3552 3553 3617
f 3552 3617 3616
f 3553 3554 3618
f 3553 3618 3617
f 3554 3555 3619
f 3554 3619 3618
f 3555 3556 3620
f 3555 3620 3619
f 3556 3557 3621
f 3556 3621 3620
f 3557 3558 3622
f 3557 3622 3621
f 3558 3559 3623
f 3558 3623 3622
f 3559 3560 3624
f 3559 3624 3623
f 3560 3561 3625
f 3560 3625 3624
f 3561 3562 3626
f 3561 3626 3625
f 3562 3563 3627
f 3562 3627 3626
f 3563 3564 3628
f 3563 3628 3627
f 3564 3565 3629
f 3564 3629 3628
f 3565 3566 3630
f 3565 3630 3629
f 3566 3567 3631
f 3566 3631 3630
f 3567 3568 3632
f 3567 3632 3631
f 3568 3569 3633
f 3568 3633 3632
f 3569 3570 3634
f 3569 3634 3633
f 3570 3571 3635
f 3570 3635 3634
f 3571 3572 3636
f 3571 3636 3635
f 3572 3573 3637
f 3572 3637 3636
f 3573 3574 3638
f 3573 3638 3637
f 3574 3575 3639
f 3574 3639 3638
f 3575 3576 3640
f 3575 3640 3639
f 3576 3577 3641
f 3576 3641 3640
f 3577 3578 3642
f 3577 3642 3641
f 3578 3579 3643
f 3578 3643 3642
f 3579 3580 3644
f 3579 3644 3643
f 3580 3581 3645
f 3580 3645 3644
f 3581 3582 3646
f 3581 3646 3645
f 3582 3583 3647
f 3582 3647 3646
f 3583 3584 3648
f 3583 3648 3647
f 3584 3521 3585
f 3584 3585 3648
f 3585 3586 3650
f 3585 3650 3649
f 3586 3587 3651
f 3586 3651 3650
f 3587 3588 3652
f 3587 3652 3651
f 3588 3589 3653
f 3588 3653 3652
f 3589 3590 3654
f 3589 3654 3653
f 3590 3591 3655
f 3590 3655 3654
f 3591 3592 3656
f 3591 3656 3655
f 3592 3593 3657
f 3592 3657 3656
f 3593 3594 3658
f 3593 3658 3657
f 3594 3595 3659
f 3594 3659 3658
f 3595 3596 3660
f 3595 3660 3659
f 3596 3597 3661
f 3596 3661 3660
f 3597 3598 3662
f 3597 3662 3661
f 3598 3599 3663
f 3598 3663 3662
f 3599 3600 3664
f 3599 3664 3663
f 3600 3601 3665
f 3600 3665 3664
f 3601 3602 3666
f 3601 3666 3665
f 3602 3603 3667
f 3602 3667 3666
f 3603 3604 3668
f 3603 3668 3667
f 3604 3605 3669
f 3604 3669 3668
f 3605 3606 3670
f 3605 3670 3669
f 3606 3607 3671
f 3606 3671 3670
f 3607 3608 3672
f 3607 3672 3671
f 3608 3609 3673
f 3608 3673 3672
f 3609 3610 3674
f 3609 3674 3673
f 3610 3611 3675
f 3610 3675 3674
f 3611 3612 3676
f 3611 3676 3675
f 3612 3613 3677
f 3612 3677 3676
f 3613 3614 3678
f 3613 3678 3677
f 3614 3615 3679
f 3614 3679 3678
f 3615 3616 3680
f 3615 3680 3679
f 3616 3617 3681
f 3616 3681 3680
f 3617 3618 3682
f 3617 3682 3681
f 3618 3619 3683
f 3618 3683 3682
f 3619 3620 3684
f 3619 3684 3683
f 3620 3621 3685
f 3620 3685 3684
f 3621 3622 3686
f 3621 3686 3685
f 3622 3623 3687
f 3622 3687 3686
f 3623 3624 3688
f 3623 3688 3687
f 3624 3625 3689
f 3624 3689 3688
f 3625 3626 3690
f 3625 3690 3689
f 3626 3627 3691
f 3626 3691 3690
f 3627 3628 3692
f 3627 3692 3691
f 3628 3629 3693
f 3628 3693 3692
f 3629 3630 3694
f 3629 3694 3693
f 3630 3631 3695
f 3630 3695 3694
f 3631 3632 3696
f 3631 3696 3695
f 3632 3633 3697
f 3632 3697 3696
f 3633 3634 3698
f 3633 3698 3697
f 3634 3635 3699
f 3634 3699 3698
f 3635 3636 3700
f 3635 3700 3699
f 3636 3637 3701
f 3636 3701 3700
f 3637 3638 3702
f 3637 3702 3701
f 3638 3639 3703
f 3638 3703 3702
f 3639 3640 3704
f 3639 3704 3703
f 3640 3641 3705
f 3640 3705 3704
f 3641 3642 3706
f 3641 3706 3705
f 3642 3643 3707
f 3642 3707 3706
f 3643 3644 3708
f 3643 3708 3707
f 3644 3645 3709
f 3644 3709 3708
f 3645 3646 3710
f 3645 3710 3709
f 3646 3647 3711
f 3646 3711 3710
f 3647 3648 3712
f 3647 3712 3711
f 3648 3585 3649
f 3648 3649 3712
f 3649 3650 3714
f 3649 3714 3713
f 3650 3651 3715
f 3650 3715 3714
f 3651 3652 3716
f 3651 3716 3715
f 3652 3653 3717
f 3652 3717 3716
f 3653 3654 3718
f 3653 3718 3717
f 3654 3655 3719
f 3654 3719 3718
f 3655 3656 3720
f 3655 3720 3719
f 3656 3657 3721
f 3656 3721 3720
f 3657 3658 3722
f 3657 3722 3721
f 3658 3659 3723
f 3658 3723 3722
f 3659 3660 3724
f 3659 3724 3723
f 3660 3661 3725
f 3660 3725 3724
f 3661 3662 3726
f 3661 3726 3725
f 3662 3663 3727
f 3662 3727 3726
f 3663 3664 3728
f 3663 3728 3727
f 3664 3665 3729
f 3664 3729 3728
f 3665 3666 3730
f 3665 3730 3729
f 3666 3667 3731
f 3666 3731 3730
f 3667 3668 3732
f 3667 3732 3731
f 3668 3669 3733
f 3668 3733 3732
f 3669 3670 3734
f 3669 3734 3733
f 3670 3671 3735
f 3670 3735 3734
f 3671 3672 3736
f 3671 3736 3735
f 3672 3673 3737
f 3672 3737 3736
f 3673 3674 3738
f 3673 3738 3737
f 3674 3675 3739
f 3674 3739 3738
f 3675 3676 3740
f 3675 3740 3739
f 3676 3677 3741
f 3676 3741 3740
f 3677 3678 3742
f 3677 3742 3741
f 3678 3679 3743
f 3678 3743 3742
f 3679 3680 3744
f 3679 3744 3743
f 3680 3681 3745
f 3680 3745 3744
f 3681 3682 3746
f 3681 3746 3745
f 3682 3683 3747
f 3682 3747 3746
f 3683 3684 3748
f 3683 3748 3747
f 3684 3685 3749
f 3684 3749 3748
f 3685 3686 3750
f 3685 3750 3749
f 3686 3687 3751
f 3686 3751 3750
f 3687 3688 3752
f 3687 3752 3751
f 3688 3689 3753
f 3688 3753 3752
f 3689 3690 3754
f 3689 3754 3753
f 3690 3691 3755
f 3690 3755 3754
f 3691 3692 3756
f 3691 3756 3755
f 3692 3693 3757
f 3692 3757 3756
f 3693 3694 3758
f 3693 3758 3757
f 3694 3695 3759
f 3694 3759 3758
f 3695 3696 3760
f 3695 3760 3759
f 3696 3697 3761
f 3696 3761 3760
f 3697 3698 3762
f 3697 3762 3761
f 3698 3699 3763
f 3698 3763 3762
f 3699 3700 3764
f 3699 3764 3763
f 3700 3701 3765
f 3700 3765 3764
f 3701 3702 3766
f 3701 3766 3765
f 3702 3703 3767
f 3702 3767 3766
f 3703 3704 3768
f 3703 3768 3767
f 3704 3705 3769
f 3704 3769 3768
f 3705 3706 3770
f 3705 3770 3769
f 3706 3707 3771
f 3706 3771 3770
f 3707 3708 3772
f 3707 3772 3771
f 3708 3709 3773
f 3708 3773 3772
f 3709 3710 3774
f 3709 3774 3773
f 3710 3711 3775
f 3710 3775 3774
f 3711 3712 3776
f 3711 3776 3775
f 3712 3649 3713
f 3712 3713 3776
f 3713 3714 3778
f 3713 3778 3777
f 3714 3715 3779
f 3714 3779 3778
f 3715 3716 3780
f 3715 3780 3779
f 3716 3717 3781
f 3716 3781 3780
f 3717 3718 3782
f 3717 3782 3781
f 3718 3719 3783
f 3718 3783 3782
f 3719 3720 3784
f 3719 3784 3783
f 3720 3721 3785
f 3720 3785 3784
f 3721 3722 3786
f 3721 3786 3785
f 3722 3723 3787
f 3722 3787 3786
f 3723 3724 3788
f 3723 3788 3787
f 3724 3725 3789
f 3724 3789 3788
f 3725 3726 3790
f 3725 3790 3789
f 3726 3727 3791
f 3726 3791 3790
f 3727 3728 3792
f 3727 3792 3791
f 3728 3729 3793
f 3728 3793 3792
f 3729 3730 3794
f 3729 3794 3793
f 3730 3731 3795
f 3730 3795 3794
f 3731 3732 3796
f 3731 3796 3795
f 3732 3733 3797
f 3732 3797 3796
f 3733 3734 3798
f 3733 3798 3797
f 3734 3735 3799
f 3734 3799 3798
f 3735 3736 3800
f 3735 3800 3799
f 3736 3737 3801
f 3736 3801 3800
f 3737 3738 3802
f 3737 3802 3801
f 3738 3739 3803
f 3738 3803 3802
f 3739 3740 3804
f 3739 3804 3803
f 3740 3741 3805
f 3740 3805 3804
f 3741 3742 3806
f 3741 3806 3805
f 3742 3743 3807
f 3742 3807 3806
f 3743 3744 3808
f 3743 3808 3807
f 3744 3745 3809
f 3744 3809 3808
f 3745 3746 3810
f 3745 3810 3809
f 3746 3747 3811
f 3746 3811 3810
f 3747 3748 3812
f 3747 3812 3811
f 3748 3749 3813
f 3748 3813 3812
f 3749 3750 3814
f 3749 3814 3813
f 3750 3751 3815
f 3750 3815 3814
f 3751 3752 3816
f 3751 3816 3815
f 3752 3753 3817
f 3752 3817 3816
f 3753 3754 3818
f 3753 3818 3817
f 3754 3755 3819
f 3754 3819 3818
f 3755 3756 3820
f 3755 3820 3819
f 3756 3757 3821
f 3756 3821 3820
f 3757 3758 3822
f 3757 3822 3821
f 3758 3759 3823
f 3758 3823 3822
f 3759 3760 3824
f 3759 3824 3823
f 3760 3761 3825
f 3760 3825 3824
f 3761 3762 3826
f 3761 3826 3825
f 3762 3763 3827
f 3762 3827 3826
f 3763 3764 3828
f 3763 3828 3827
f 3764 3765 3829
f 3764 3829 3828
f 3765 3766 3830
f 3765 3830 3829
f 3766 3767 3831
f 3766 3831 3830
f 3767 3768 3832
f 3767 3832 3831
f 3768 3769 3833
f 3768 3833 3832
f 3769 3770 3834
f 3769 3834 3833
f 3770 3771 3835
f 3770 3835 3834
f 3771 3772 3836
f 3771 3836 3835
f 3772 3773 3837
f 3772 3837 3836
f 3773 3774 3838
f 3773 3838 3837
f 3774 3775 3839
f 3774 3839 3838
f 3775 3776 3840
f 3775 3840 3839
f 3776 3713 3777
f 3776 3777 3840
f 3777 3778 3842
f 3777 3842 3841
f 3778 3779 3843
f 3778 3843 3842
f 3779 3780 3844
f 3779 3844 3843
f 3780 3781 3845
f 3780 3845 3844
f 3781 3782 3846
f 3781 3846 3845
f 3782 3783 3847
f 3782 3847 3846
f 3783 3784 3848
f 3783 3848 3847
f 3784 3785 3849
f 3784 3849 3848
f 3785 3786 3850
f 3785 3850 3849
f 3786 3787 3851
f 3786 3851 3850
f 3787 3788 3852
f 3787 3852 3851
f 3788 3789 3853
f 3788 3853 3852
f 3789 3790 3854
f 3789 3854 3853
f 3790 3791 3855
f 3790 3855 3854
f 3791 3792 3856
f 3791 3856 3855
f 3792 3793 3857
f 3792 3857 3856
f 3793 3794 3858
f 3793 3858 3857
f 3794 3795 3859
f 3794 3859 3858
f 3795 3796 3860
f 3795 3860 3859
f 3796 3797 3861
f 3796 3861 3860
f 3797 3798 3862
f 3797 3862 3861
f 3798 3799 3863
f 3798 3863 3862
f 3799 3800 3864
f 3799 3864 3863
f 3800 3801 3865
f 3800 3865 3864
f 3801 3802 3866
f 3801 3866 3865
f 3802 3803 3867
f 3802 3867 3866
f 3803 3804 3868
f 3803 3868 3867
f 3804 3805 3869
f 3804 3869 3868
f 3805 3806 3870
f 3805 3870 3869
f 3806 3807 3871
f 3806 3871 3870
f 3807 3808 3872
f 3807 3872 3871
f 3808 3809 3873
f 3808 3873 3872
f 3809 3810 3874
f 3809 3874 3873
f 3810 3811 3875
f 3810 3875 3874
f 3811 3812 3876
f 3811 3876 3875
f 3812 3813 3877
f 3812 3877 3876
f 3813 3814 3878
f 3813 3878 3877
f 3814 3815 3879
f 3814 3879 3878
f 3815 3816 3880
f 3815 3880 3879
f 3816 3817 3881
f 3816 3881 3880
f 3817 3818 3882
f 3817 3882 3881
f 3818 3819 3883
f 3818 3883 3882
f 3819 3820 3884
f 3819 3884 3883
f 3820 3821 3885
f 3820 3885 3884
f 3821 3822 3886
f 3821 3886 3885
f 3822 3823 3887
f 3822 3887 3886
f 3823 3824 3888
f 3823 3888 3887
f 3824 3825 3889
f 3824 3889 3888
f 3825 3826 3890
f 3825 3890 3889
f 3826 3827 3891
f 3826 3891 3890
f 3827 3828 3892
f 3827 3892 3891
f 3828 3829 3893
f 3828 3893 3892
f 3829 3830 3894
f 3829 3894 3893
f 3830 3831 3895
f 3830 3895 3894
f 3831 3832 3896
f 3831 3896 3895
f 3832 3833 3897
f 3832 3897 3896
f 3833 3834 3898
f 3833 3898 3897
f 3834 3835 3899
f 3834 3899 3898
f 3835 3836 3900
f 3835 3900 3899
f 3836 3837 3901
f 3836 3901 3900
f 3837 3838 3902
f 3837 3902 3901
f 3838 3839 3903
f 3838 3903 3902
f 3839 3840 3904
f 3839 3904 3903
f 3840 3777 3841
f 3840 3841 3904
f 3841 3842 3906
f 3841 3906 3905
f 3842 3843 3907
f 3842 3907 3906
f 3843 3844 3908
f 3843 3908 3907
f 3844 3845 3909
f 3844 3909 3908
f 3845 3846 3910
f 3845 3910 3909
f 3846 3847 3911
f 3846 3911 3910
f 3847 3848 3912
f 3847 3912 3911
f 3848 3849 3913
f 3848 3913 3912
f 3849 3850 3914
f 3849 3914 3913
f 3850 3851 3915
f 3850 3915 3914
f 3851 3852 3916
f 3851 3916 3915
f 3852 3853 3917
f 3852 3917 3916
f 3853 3854 3918
f 3853 3918 3917
f 3854 3855 3919
f 3854 3919 3918
f 3855 3856 3920
f 3855 3920 3919
f 3856 3857 3921
f 3856 3921 3920
f 3857 3858 3922
f 3857 3922 3921
f 3858 3859 3923
f 3858 3923 3922
f 3859 3860 3924
f 3859 3924 3923
f 3860 3861 3925
f 3860 3925 3924
f 3861 3862 3926
f 3861 3926 3925
f 3862 3863 3927
f 3862 3927 3926
f 3863 3864 3928
f 3863 3928 3927
f 3864 3865 3929
f 3864 3929 3928
f 3865 3866 3930
f 3865 3930 3929
f 3866 3867 3931
f 3866 3931 3930
f 3867 3868 3932
f 3867 3932 3931
f 3868 3869 3933
f 3868 3933 3932
f 3869 3870 3934
f 3869 3934 3933
f 3870 3871 3935
f 3870 3935 3934
f 3871 3872 3936
f 3871 3936 3935
f 3872 3873 3937
f 3872 3937 3936
f 3873 3874 3938
f 3873 3938 3937
f 3874 3875 3939
f 3874 3939 3938
f 3875 3876 3940
f 3875 3940 3939
f 3876 3877 3941
f 3876 3941 3940
f 3877 3878 3942
f 3877 3942 3941
f 3878 3879 3943
f 3878 3943 3942
f 3879 3880 3944
f 3879 3944 3943
f 3880 3881 3945
f 3880 3945 3944
f 3881 3882 3946
f 3881 3946 3945
f 3882 3883 3947
f 3882 3947 3946
f 3883 3884 3948
f 3883 3948 3947
f 3884 3885 3949
f 3884 3949 3948
f 3885 3886 3950
f 3885 3950 3949
f 3886 3887 3951
f 3886 3951 3950
f 3887 3888 3952
f 3887 3952 3951
f 3888 3889 3953
f 3888 3953 3952
f 3889 3890 3954
f 3889 3954 3953
f 3890 3891 3955
f 3890 3955 3954
f 3891 3892 3956
f 3891 3956 3955
f 3892 3893 3957
f 3892 3957 3956
f 3893 3894 3958
f 3893 3958 3957
f 3894 3895 3959
f 3894 3959 3958
f 3895 3896 3960
f 3895 3960 3959
f 3896 3897 3961
f 3896 3961 3960
f 3897 3898 3962
f 3897 3962 3961
f 3898 3899 3963
f 3898 3963 3962
f 3899 3900 3964
f 3899 3964 3963
f 3900 3901 3965
f 3900 3965 3964
f 3901 3902 3966
f 3901 3966 3965
f 3902 3903 3967
f 3902 3967 3966
f 3903 3904 3968
f 3903 3968 3967
f 3904 3841 3905
f 3904 3905 3968
f 3905 3906 3970
f 3905 3970 3969
f 3906 3907 3971
f 3906 3971 3970
f 3907 3908 3972
f 3907 3972 3971
f 3908 3909 3973
f 3908 3973 3972
f 3909 3910 3974
f 3909 3974 3973
f 3910 3911 3975
f 3910 3975 3974
f 3911 3912 3976
f 3911 3976 3975
f 3912 3913 3977
f 3912 3977 3976
f 3913 3914 3978
f 3913 3978 3977
f 3914 3915 3979
f 3914 3979 3978
f 3915 3916 3980
f 3915 3980 3979
f 3916 3917 3981
f 3916 3981 3980
f 3917 3918 3982
f 3917 3982 3981
f 3918 3919 3983
f 3918 3983 3982
f 3919 3920 3984
f 3919 3984 3983
f 3920 3921 3985
f 3920 3985 3984
f 3921 3922 3986
f 3921 3986 3985
f 3922 3923 3987
f 3922 3987 3986
f 3923 3924 3988
f 3923 3988 3987
f 3924 3925 3989
f 3924 3989 3988
f 3925 3926 3990
f 3925 3990 3989
f 3926 3927 3991
f 3926 3991 3990
f 3927 3928 3992
f 3927 3992 3991
f 3928 3929 3993
f 3928 3993 3992
f 3929 3930 3994
f 3929 3994 3993
f 3930 3931 3995
f 3930 3995 3994
f 3931 3932 3996
f 3931 3996 3995
f 3932 3933 3997
f 3932 3997 3996
f 3933 3934 3998
f 3933 3998 3997
f 3934 3935 3999
f 3934 3999 3998
f 3935 3936 4000
f 3935 4000 3999
f 3936 3937 4001
f 3936 4001 4000
f 3937 3938 4002
f 3937 4002 4001
f 3938 3939 4003
f 3938 4003 4002
f 3939 3940 4004
f 3939 4004 4003
f 3940 3941 4005
f 3940 4005 4004
f 3941 3942 4006
f 3941 4006 4005
f 3942 3943 4007
f 3942 4007 4006
f 3943 3944 4008
f 3943 4008 4007
f 3944 3945 4009
f 3944 4009 4008
f 3945 3946 4010
f 3945 4010 4009
f 3946 3947 4011
f 3946 4011 4010
f 3947 3948 4012
f 3947 4012 4011
f 3948 3949 4013
f 3948 4013 4012
f 3949 3950 4014
f 3949 4014 4013
f 3950 3951 4015
f 3950 4015 4014
f 3951 3952 4016
f 3951 4016 4015
f 3952 3953 4017
f 3952 4017 4016
f 3953 3954 4018
f 3953 4018 4017
f 3954 3955 4019
f 3954 4019 4018
f 3955 3956 4020
f 3955 4020 4019
f 3956 3957 4021
f 3956 4021 4020
f 3957 3958 4022
f 3957 4022 4021
f 3958 3959 4023
f 3958 4023 4022
f 3959 3960 4024
f 3959 4024 4023
f 3960 3961 4025
f 3960 4025 4024
f 3961 3962 4026
f 3961 4026 4025
f 3962 3963 4027
f 3962 4027 4026
f 3963 3964 4028
f 3963 4028 4027
f 3964 3965 4029
f 3964 4029 4028
f 3965 3966 4030
f 3965 4030 4029
f 3966 3967 4031
f 3966 4031 4030
f 3967 3968 4032
f 3967 4032 4031
f 3968 3905 3969
f 3968 3969 4032
f 3969 3970 4034
f 3969 4034 4033
f 3970 3971 4035
f 3970 4035 4034
f 3971 3972 4036
f 3971 4036 4035
f 3972 3973 4037
f 3972 4037 4036
f 3973 3974 4038
f 3973 4038 4037
f 3974 3975 4039
f 3974 4039 4038
f 3975 3976 4040
f 3975 4040 4039
f 3976 3977 4041
f 3976 4041 4040
f 3977 3978 4042
f 3977 4042 4041
f 3978 3979 4043
f 3978 4043 4042
f 3979 3980 4044
f 3979 4044 4043
f 3980 3981 4045
f 3980 4045 4044
f 3981 3982 4046
f 3981 4046 4045
f 3982 3983 4047
f 3982 4047 4046
f 3983 3984 4048
f 3983 4048 4047
f 3984 3985 4049
f 3984 4049 4048
f 3985 3986 4050
f 3985 4050 4049
f 3986 3987 4051
f 3986 4051 4050
f 3987 3988 4052
f 3987 4052 4051
f 3988 3989 4053
f 3988 4053 4052
f 3989 3990 4054
f 3989 4054 4053
f 3990 3991 4055
f 3990 4055 4054
f 3991 3992 4056
f 3991 4056 4055
f 3992 3993 4057
f 3992 4057 4056
f 3993 3994 4058
f 3993 4058 4057
f 3994 3995 4059
f 3994 4059 4058
f 3995 3996 4060
f 3995 4060 4059
f 3996 3997 4061
f 3996 4061 4060
f 3997 3998 4062
f 3997 4062 4061
f 3998 3999 4063
f 3998 4063 4062
f 3999 4000 4064
f 3999 4064 4063
f 4000 4001 4065
f 4000 4065 4064
f 4001 4002 4066
f 4001 4066 4065
f 4002 4003 4067
f 4002 4067 4066
f 4003 4004 4068
f 4003 4068 4067
f 4004 4005 4069
f 4004 4069 4068
f 4005 4006 4070
f 4005 4070 4069
f 4006 4007 4071
f 4006 4071 4070
f 4007 4008 4072
f 4007 4072 4071
f 4008 4009 4073
f 4008 4073 4072
f 4009 4010 4074
f 4009 4074 4073
f 4010 4011 4075
f 4010 4075 4074
f 4011 4012 4076
f 4011 4076 4075
f 4012 4013 4077
f 4012 4077 4076
f 4013 4014 4078
f 4013 4078 4077
f 4014 4015 4079
f 4014 4079 4078
f 4015 4016 4080
f 4015 4080 4079
f 4016 4017 4081
f 4016 4081 4080
f 4017 4018 4082
f 4017 4082 4081
f 4018 4019 4083
f 4018 4083 4082
f 4019 4020 4084
f 4019 4084 4083
f 4020 4021 4085
f 4020 4085 4084
f 4021 4022 4086
f 4021 4086 4085
f 4022 4023 4087
f 4022 4087 4086
f 4023 4024 4088
f 4023 4088 4087
f 4024 4025 4089
f 4024 4089 4088
f 4025 4026 4090
f 4025 4090 4089
f 4026 4027 4091
f 4026 4091 4090
f 4027 4028 4092
f 4027 4092 4091
f 4028 4029 4093
f 4028 4093 4092
f 4029 4030 4094
f 4029 4094 4093
f 4030 4031 4095
f 4030 4095 4094
f 4031 4032 4096
f 4031 4096 4095
f 4032 3969 4033
f 4032 4033 4096
f 4033 4034 4098
f 4033 4098 4097
f 4034 4035 4099
f 4034 4099 4098
f 4035 4036 4100
f 4035 4100 4099
f 4036 4037 4101
f 4036 4101 4100
f 4037 4038 4102
f 4037 4102 4101
f 4038 4039 4103
f 4038 4103 4102
f 4039 4040 4104
f 4039 4104 4103
f 4040 4041 4105
f 4040 4105 4104
f 4041 4042 4106
f 4041 4106 4105
f 4042 4043 4107
f 4042 4107 4106
f 4043 4044 4108
f 4043 4108 4107
f 4044 4045 4109
f 4044 4109 4108
f 4045 4046 4110
f 4045 4110 4109
f 4046 4047 4111
f 4046 4111 4110
f 4047 4048 4112
f 4047 4112 4111
f 4048 4049 4113
f 4048 4113 4112
f 4049 4050 4114
f 4049 4114 4113
f 4050 4051 4115
f 4050 4115 4114
f 4051 4052 4116
f 4051 4116 4115
f 4052 4053 4117
f 4052 4117 4116
f 4053 4054 4118
f 4053 4118 4117
f 4054 4055 4119
f 4054 4119 4118
f 4055 4056 4120
f 4055 4120 4119
f 4056 4057 4121
f 4056 4121 4120
f 4057 4058 4122
f 4057 4122 4121
f 4058 4059 4123
f 4058 4123 4122
f 4059 4060 4124
f 4059 4124 4123
f 4060 4061 4125
f 4060 4125 4124
f 4061 4062 4126
f 4061 4126 4125
f 4062 4063 4127
f 4062 4127 4126
f 4063 4064 4128
f 4063 4128 4127
f 4064 4065 4129
f 4064 4129 4128
f 4065 4066 4130
f 4065 4130 4129
f 4066 4067 4131
f 4066 4131 4130
f 4067 4068 4132
f 4067 4132 4131
f 4068 4069 4133
f 4068 4133 4132
f 4069 4070 4134
f 4069 4134 4133
f 4070 4071 4135
f 4070 4135 4134
f 4071 4072 4136
f 4071 4136 4135
f 4072 4073 4137
f 4072 4137 4136
f 4073 4074 4138
f 4073 4138 4137
f 4074 4075 4139
f 4074 4139 4138
f 4075 4076 4140
f 4075 4140 4139
f 4076 4077 4141
f 4076 4141 4140
f 4077 4078 4142
f 4077 4142 4141
f 4078 4079 4143
f 4078 4143 4142
f 4079 4080 4144
f 4079 4144 4143
f 4080 4081 4145
f 4080 4145 4144
f 4081 4082 4146
f 4081 4146 4145
f 4082 4083 4147
f 4082 4147 4146
f 4083 4084 4148
f 4083 4148 4147
f 4084 4085 4149
f 4084 4149 4148
f 4085 4086 4150
f 4085 4150 4149
f 4086 4087 4151
f 4086 4151 4150
f 4087 4088 4152
f 4087 4152 4151
f 4088 4089 4153
f 4088 4153 4152
f 4089 4090 4154
f 4089 4154 4153
f 4090 4091 4155
f 4090 4155 4154
f 4091 4092 4156
f 4091 4156 4155
f 4092 4093 4157
f 4092 4157 4156
f 4093 4094 4158
f 4093 4158 4157
f 4094 4095 4159
f 4094 4159 4158
f 4095 4096 4160
f 4095 4160 4159
f 4096 4033 4097
f 4096 4097 4160
f 4097 4098 4162
f 4097 4162 4161
f 4098 4099 4163
f 4098 4163 4162
f 4099 4100 4164
f 4099 4164 4163
f 4100 4101 4165
f 4100 4165 4164
f 4101 4102 4166
f 4101 4166 4165
f 4102 4103 4167
f 4102 4167 4166
f 4103 4104 4168
f 4103 4168 4167
f 4104 4105 4169
f 4104 4169 4168
f 4105 4106 4170
f 4105 4170 4169
f 4106 4107 4171
f 4106 4171 4170
f 4107 4108 4172
f 4107 4172 4171
f 4108 4109 4173
f 4108 4173 4172
f 4109 4110 4174
f 4109 4174 4173
f 4110 4111 4175
f 4110 4175 4174
f 4111 4112 4176
f 4111 4176 4175
f 4112 4113 4177
f 4112 4177 4176
f 4113 4114 4178
f 4113 4178 4177
f 4114 4115 4179
f 4114 4179 4178
f 4115 4116 4180
f 4115 4180 4179
f 4116 4117 4181
f 4116 4181 4180
f 4117 4118 4182
f 4117 4182 4181
f 4118 4119 4183
f 4118 4183 4182
f 4119 4120 4184
f 4119 4184 4183
f 4120 4121 4185
f 4120 4185 4184
f 4121 4122 4186
f 4121 4186 4185
f 4122 4123 4187
f 4122 4187 4186
f 4123 4124 4188
f 4123 4188 4187
f 4124 4125 4189
f 4124 4189 4188
f 4125 4126 4190
f 4125 4190 4189
f 4126 4127 4191
f 4126 4191 4190
f 4127 4128 4192
f 4127 4192 4191
f 4128 4129 4193
f 4128 4193 4192
f 4129 4130 4194
f 4129 4194 4193
f 4130 4131 4195
f 4130 4195 4194
f 4131 4132 4196
f 4131 4196 4195
f 4132 4133 4197
f 4132 4197 4196
f 4133 4134 4198
f 4133 4198 4197
f 4134 4135 4199
f 4134 4199 4198
f 4135 4136 4200
f 4135 4200 4199
f 4136 4137 4201
f 4136 4201 4200
f 4137 4138 4202
f 4137 4202 4201
f 4138 4139 4203
f 4138 4203 4202
f 4139 4140 4204
f 4139 4204 4203
f 4140 4141 4205
f 4140 4205 4204
f 4141 4142 4206
f 4141 4206 4205
f 4142 4143 4207
f 4142 4207 4206
f 4143 4144 4208
f 4143 4208 4207
f 4144 4145 4209
f 4144 4209 4208
f 4145 4146 4210
f 4145 4210 4209
f 4146 4147 4211
f 4146 4211 4210
f 4147 4148 4212
f 4147 4212 4211
f 4148 4149 4213
f 4148 4213 4212
f 4149 4150 4214
f 4149 4214 4213
f 4150 4151 4215
f 4150 4215 4214
f 4151 4152 4216
f 4151 4216 4215
f 4152 4153 4217
f 4152 4217 4216
f 4153 4154 4218
f 4153 4218 4217
f 4154 4155 4219
f 4154 4219 4218
f 4155 4156 4220
f 4155 4220 4219
f 4156 4157 4221
f 4156 4221 4220
f 4157 4158 4222
f 4157 4222 4221
f 4158 4159 4223
f 4158 4223 4222
f 4159 4160 4224
f 4159 4224 4223
f 4160 4097 4161
f 4160 4161 4224
f 4161 4162 4226
f 4161 4226 4225
f 4162 4163 4227
f 4162 4227 4226
f 4163 4164 4228
f 4163 4228 4227
f 4164 4165 4229
f 4164 4229 4228
f 4165 4166 4230
f 4165 4230 4229
f 4166 4167 4231
f 4166 4231 4230
f 4167 4168 4232
f 4167 4232 4231
f 4168 4169 4233
f 4168 4233 4232
f 4169 4170 4234
f 4169 4234 4233
f 4170 4171 4235
f 4170 4235 4234
f 4171 4172 4236
f 4171 4236 4235
f 4172 4173 4237
f 4172 4237 4236
f 4173 4174 4238
f 4173 4238 4237
f 4174 4175 4239
f 4174 4239 4238
f 4175 4176 4240
f 4175 4240 4239
f 4176 4177 4241
f 4176 4241 4240
f 4177 4178 4242
f 4177 4242 4241
f 4178 4179 4243
f 4178 4243 4242
f 4179 4180 4244
f 4179 4244 4243
f 4180 4181 4245
f 4180 4245 4244
f 4181 4182 4246
f 4181 4246 4245
f 4182 4183 4247
f 4182 4247 4246
f 4183 4184 4248
f 4183 4248 4247
f 4184 4185 4249
f 4184 4249 4248
f 4185 4186 4250
f 4185 4250 4249
f 4186 4187 4251
f 4186 4251 4250
f 4187 4188 4252
f 4187 4252 4251
f 4188 4189 4253
f 4188 4253 4252
f 4189 4190 4254
f 4189 4254 4253
f 4190 4191 4255
f 4190 4255 4254
f 4191 4192 4256
f 4191 4256 4255
f 4192 4193 4257
f 4192 4257 4256
f 4193 4194 4258
f 4193 4258 4257
f 4194 4195 4259
f 4194 4259 4258
f 4195 4196 4260
f 4195 4260 4259
f 4196 4197 4261
f 4196 4261 4260
f 4197 4198 4262
f 4197 4262 4261
f 4198 4199 4263
f 4198 4263 4262
f 4199 4200 4264
f 4199 4264 4263
f 4200 4201 4265
f 4200 4265 4264
f 4201 4202 4266
f 4201 4266 4265
f 4202 4203 4267
f 4202 4267 4266
f 4203 4204 4268
f 4203 4268 4267
f 4204 4205 4269
f 4204 4269 4268
f 4205 4206 4270
f 4205 4270 4269
f 4206 4207 4271
f 4206 4271 4270
f 4207 4208 4272
f 4207 4272 4271
f 4208 4209 4273
f 4208 4273 4272
f 4209 4210 4274
f 4209 4274 4273
f 4210 4211 4275
f 4210 4275 4274
f 4211 4212 4276
f 4211 4276 4275
f 4212 4213 4277
f 4212 4277 4276
f 4213 4214 4278
f 4213 4278 4277
f 4214 4215 4279
f 4214 4279 4278
f 4215 4216 4280
f 4215 4280 4279
f 4216 4217 4281
f 4216 4281 4280
f 4217 4218 4282
f 4217 4282 4281
f 4218 4219 4283
f 4218 4283 4282
f 4219 4220 4284
f 4219 4284 4283
f 4220 4221 4285
f 4220 4285 4284
f 4221 4222 4286
f 4221 4286 4285
f 4222 4223 4287
f 4222 4287 4286
f 4223 4224 4288
f 4223 4288 4287
f 4224 4161 4225
f 4224 4225 4288
f 4225 4226 4290
f 4225 4290 4289
f 4226 4227 4291
f 4226 4291 4290
f 4227 4228 4292
f 4227 4292 4291
f 4228 4229 4293
f 4228 4293 4292
f 4229 4230 4294
f 4229 4294 4293
f 4230 4231 4295
f 4230 4295 4294
f 4231 4232 4296
f 4231 4296 4295
f 4232 4233 4297
f 4232 4297 4296
f 4233 4234 4298
f 4233 4298 4297
f 4234 4235 4299
f 4234 4299 4298
f 4235 4236 4300
f 4235 4300 4299
f 4236 4237 4301
f 4236 4301 4300
f 4237 4238 4302
f 4237 4302 4301
f 4238 4239 4303
f 4238 4303 4302
f 4239 4240 4304
f 4239 4304 4303
f 4240 4241 4305
f 4240 4305 4304
f 4241 4242 4306
f 4241 4306 4305
f 4242 4243 4307
f 4242 4307 4306
f 4243 4244 4308
f 4243 4308 4307
f 4244 4245 4309
f 4244 4309 4308
f 4245 4246 4310
f 4245 4310 4309
f 4246 4247 4311
f 4246 4311 4310
f 4247 4248 4312
f 4247 4312 4311
f 4248 4249 4313
f 4248 4313 4312
f 4249 4250 4314
f 4249 4314 4313
f 4250 4251 4315
f 4250 4315 4314
f 4251 4252 4316
f 4251 4316 4315
f 4252 4253 4317
f 4252 4317 4316
f 4253 4254 4318
f 4253 4318 4317
f 4254 4255 4319
f 4254 4319 4318
f 4255 4256 4320
f 4255 4320 4319
f 4256 4257 4321
f 4256 4321 4320
f 4257 4258 4322
f 4257 4322 4321
f 4258 4259 4323
f 4258 4323 4322
f 4259 4260 4324
f 4259 4324 4323
f 4260 4261 4325
f 4260 4325 4324
f 4261 4262 4326
f 4261 4326 4325
f 4262 4263 4327
f 4262 4327 4326
f 4263 4264 4328
f 4263 4328 4327
f 4264 4265 4329
f 4264 4329 4328
f 4265 4266 4330
f 4265 4330 4329
f 4266 4267 4331
f 4266 4331 4330
f 4267 4268 4332
f 4267 4332 4331
f 4268 4269 4333
f 4268 4333 4332
f 4269 4270 4334
f 4269 4334 4333
f 4270 4271 4335
f 4270 4335 4334
f 4271 4272 4336
f 4271 4336 4335
f 4272 4273 4337
f 4272 4337 4336
f 4273 4274 4338
f 4273 4338 4337
f 4274 4275 4339
f 4274 4339 4338
f 4275 4276 4340
f 4275 4340 4339
f 4276 4277 4341
f 4276 4341 4340
f 4277 4278 4342
f 4277 4342 4341
f 4278 4279 4343
f 4278 4343 4342
f 4279 4280 4344
f 4279 4344 4343
f 4280 4281 4345
f 4280 4345 4344
f 4281 4282 4346
f 4281 4346 4345
f 4282 4283 4347
f 4282 4347 4346
f 4283 4284 4348
f 4283 4348 4347
f 4284 4285 4349
f 4284 4349 4348
f 4285 4286 4350
f 4285 4350 4349
f 4286 4287 4351
f 4286 4351 4350
f 4287 4288 4352
f 4287 4352 4351
f 4288 4225 4289
f 4288 4289 4352
f 4289 4290 4354
f 4289 4354 4353
f 4290 4291 4355
f 4290 4355 4354
f 4291 4292 4356
f 4291 4356 4355
f 4292 4293 4357
f 4292 4357 4356
f 4293 4294 4358
f 4293 4358 4357
f 4294 4295 4359
f 4294 4359 4358
f 4295 4296 4360
f 4295 4360 4359
f 4296 4297 4361
f 4296 4361 4360
f 4297 4298 4362
f 4297 4362 4361
f 4298 4299 4363
f 4298 4363 4362
f 4299 4300 4364
f 4299 4364 4363
f 4300 4301 4365
f 4300 4365 4364
f 4301 4302 4366
f 4301 4366 4365
f 4302 4303 4367
f 4302 4367 4366
f 4303 4304 4368
f 4303 4368 4367
f 4304 4305 4369
f 4304 4369 4368
f 4305 4306 4370
f 4305 4370 4369
f 4306 4307 4371
f 4306 4371 4370
f 4307 4308 4372
f 4307 4372 4371
f 4308 4309 4373
f 4308 4373 4372
f 4309 4310 4374
f 4309 4374 4373
f 4310 4311 4375
f 4310 4375 4374
f 4311 4312 4376
f 4311 4376 4375
f 4312 4313 4377
f 4312 4377 4376
f 4313 4314 4378
f 4313 4378 4377
f 4314 4315 4379
f 4314 4379 4378
f 4315 4316 4380
f 4315 4380 4379
f 4316 4317 4381
f 4316 4381 4380
f 4317 4318 4382
f 4317 4382 4381
f 4318 4319 4383
f 4318 4383 4382
f 4319 4320 4384
f 4319 4384 4383
f 4320 4321 4385
f 4320 4385 4384
f 4321 4322 4386
f 4321 4386 4385
f 4322 4323 4387
f 4322 4387 4386
f 4323 4324 4388
f 4323 4388 4387
f 4324 4325 4389
f 4324 4389 4388
f 4325 4326 4390
f 4325 4390 4389
f 4326 4327 4391
f 4326 4391 4390
f 4327 4328 4392
f 4327 4392 4391
f 4328 4329 4393
f 4328 4393 4392
f 4329 4330 4394
f 4329 4394 4393
f 4330 4331 4395
f 4330 4395 4394
f 4331 4332 4396
f 4331 4396 4395
f 4332 4333 4397
f 4332 4397 4396
f 4333 4334 4398
f 4333 4398 4397
f 4334 4335 4399
f 4334 4399 4398
f 4335 4336 4400
f 4335 4400 4399
f 4336 4337 4401
f 4336 4401 4400
f 4337 4338 4402
f 4337 4402 4401
f 4338 4339 4403
f 4338 4403 4402
f 4339 4340 4404
f 4339 4404 4403
f 4340 4341 4405
f 4340 4405 4404
f 4341 4342 4406
f 4341 4406 4405
f 4342 4343 4407
f 4342 4407 4406
f 4343 4344 4408
f 4343 4408 4407
f 4344 4345 4409
f 4344 4409 4408
f 4345 4346 4410
f 4345 4410 4409
f 4346 4347 4411
f 4346 4411 4410
f 4347 4348 4412
f 4347 4412 4411
f 4348 4349 4413
f 4348 4413 4412
f 4349 4350 4414
f 4349 4414 4413
f 4350 4351 4415
f 4350 4415 4414
f 4351 4352 4416
f 4351 4416 4415
f 4352 4289 4353
f 4352 4353 4416
f 4353 4354 4418
f 4353 4418 4417
f 4354 4355 4419
f 4354 4419 4418
f 4355 4356 4420
f 4355 4420 4419
f 4356 4357 4421
f 4356 4421 4420
f 4357 4358 4422
f 4357 4422 4421
f 4358 4359 4423
f 4358 4423 4422
f 4359 4360 4424
f 4359 4424 4423
f 4360 4361 4425
f 4360 4425 4424
f 4361 4362 4426
f 4361 4426 4425
f 4362 4363 4427
f 4362 4427 4426
f 4363 4364 4428
f 4363 4428 4427
f 4364 4365 4429
f 4364 4429 4428
f 4365 4366 4430
f 4365 4430 4429
f 4366 4367 4431
f 4366 4431 4430
f 4367 4368 4432
f 4367 4432 4431
f 4368 4369 4433
f 4368 4433 4432
f 4369 4370 4434
f 4369 4434 4433
f 4370 4371 4435
f 4370 4435 4434
f 4371 4372 4436
f 4371 4436 4435
f 4372 4373 4437
f 4372 4437 4436
f 4373 4374 4438
f 4373 4438 4437
f 4374 4375 4439
f 4374 4439 4438
f 4375 4376 4440
f 4375 4440 4439
f 4376 4377 4441
f 4376 4441 4440
f 4377 4378 4442
f 4377 4442 4441
f 4378 4379 4443
f 4378 4443 4442
f 4379 4380 4444
f 4379 4444 4443
f 4380 4381 4445
f 4380 4445 4444
f 4381 4382 4446
f 4381 4446 4445
f 4382 4383 4447
f 4382 4447 4446
f 4383 4384 4448
f 4383 4448 4447
f 4384 4385 4449
f 4384 4449 4448
f 4385 4386 4450
f 4385 4450 4449
f 4386 4387 4451
f 4386 4451 4450
f 4387 4388 4452
f 4387 4452 4451
f 4388 4389 4453
f 4388 4453 4452
f 4389 4390 4454
f 4389 4454 4453
f 4390 4391 4455
f 4390 4455 4454
f 4391 4392 4456
f 4391 4456 4455
f 4392 4393 4457
f 4392 4457 4456
f 4393 4394 4458
f 4393 4458 4457
f 4394 4395 4459
f 4394 4459 4458
f 4395 4396 4460
f 4395 4460 4459
f 4396 4397 4461
f 4396 4461 4460
f 4397 4398 4462
f 4397 4462 4461
f 4398 4399 4463
f 4398 4463 4462
f 4399 4400 4464
f 4399 4464 4463
f 4400 4401 4465
f 4400 4465 4464
f 4401 4402 4466
f 4401 4466 4465
f 4402 4403 4467
f 4402 4467 4466
f 4403 4404 4468
f 4403 4468 4467
f 4404 4405 4469
f 4404 4469 4468
f 4405 4406 4470
f 4405 4470 4469
f 4406 4407 4471
f 4406 4471 4470
f 4407 4408 4472
f 4407 4472 4471
f 4408 4409 4473
f 4408 4473 4472
f 4409 4410 4474
f 4409 4474 4473
f 4410 4411 4475
f 4410 4475 4474
f 4411 4412 4476
f 4411 4476 4475
f 4412 4413 4477
f 4412 4477 4476
f 4413 4414 4478
f 4413 4478 4477
f 4414 4415 4479
f 4414 4479 4478
f 4415 4416 4480
f 4415 4480 4479
f 4416 4353 4417
f 4416 4417 4480
f 4417 4418 4482
f 4417 4482 4481
f 4418 4419 4483
f 4418 4483 4482
f 4419 4420 4484
f 4419 4484 4483
f 4420 4421 4485
f 4420 4485 4484
f 4421 4422 4486
f 4421 4486 4485
f 4422 4423 4487
f 4422 4487 4486
f 4423 4424 4488
f 4423 4488 4487
f 4424 4425 4489
f 4424 4489 4488
f 4425 4426 4490
f 4425 4490 4489
f 4426 4427 4491
f 4426 4491 4490
f 4427 4428 4492
f 4427 4492 4491
f 4428 4429 4493
f 4428 4493 4492
f 4429 4430 4494
f 4429 4494 4493
f 4430 4431 4495
f 4430 4495 4494
f 4431 4432 4496
f 4431 4496 4495
f 4432 4433 4497
f 4432 4497 4496
f 4433 4434 4498
f 4433 4498 4497
f 4434 4435 4499
f 4434 4499 4498
f 4435 4436 4500
f 4435 4500 4499
f 4436 4437 4501
f 4436 4501 4500
f 4437 4438 4502
f 4437 4502 4501
f 4438 4439 4503
f 4438 4503 4502
f 4439 4440 4504
f 4439 4504 4503
f 4440 4441 4505
f 4440 4505 4504
f 4441 4442 4506
f 4441 4506 4505
f 4442 4443 4507
f 4442 4507 4506
f 4443 4444 4508
f 4443 4508 4507
f 4444 4445 4509
f 4444 4509 4508
f 4445 4446 4510
f 4445 4510 4509
f 4446 4447 4511
f 4446 4511 4510
f 4447 4448 4512
f 4447 4512 4511
f 4448 4449 4513
f 4448 4513 4512
f 4449 4450 4514
f 4449 4514 4513
f 4450 4451 4515
f 4450 4515 4514
f 4451 4452 4516
f 4451 4516 4515
f 4452 4453 4517
f 4452 4517 4516
f 4453 4454 4518
f 4453 4518 4517
f 4454 4455 4519
f 4454 4519 4518
f 4455 4456 4520
f 4455 4520 4519
f 4456 4457 4521
f 4456 4521 4520
f 4457 4458 4522
f 4457 4522 4521
f 4458 4459 4523
f 4458 4523 4522
f 4459 4460 4524
f 4459 4524 4523
f 4460 4461 4525
f 4460 4525 4524
f 4461 4462 4526
f 4461 4526 4525
f 4462 4463 4527
f 4462 4527 4526
f 4463 4464 4528
f 4463 4528 4527
f 4464 4465 4529
f 4464 4529 4528
f 4465 4466 4530
f 4465 4530 4529
f 4466 4467 4531
f 4466 4531 4530
f 4467 4468 4532
f 4467 4532 4531
f 4468 4469 4533
f 4468 4533 4532
f 4469 4470 4534
f 4469 4534 4533
f 4470 4471 4535
f 4470 4535 4534
f 4471 4472 4536
f 4471 4536 4535
f 4472 4473 4537
f 4472 4537 4536
f 4473 4474 4538
f 4473 4538 4537
f 4474 4475 4539
f 4474 4539 4538
f 4475 4476 4540
f 4475 4540 4539
f 4476 4477 4541
f 4476 4541 4540
f 4477 4478 4542
f 4477 4542 4541
f 4478 4479 4543
f 4478 4543 4542
f 4479 4480 4544
f 4479 4544 4543
f 4480 4417 4481
f 4480 4481 4544
f 4481 4482 4546
f 4481 4546 4545
f 4482 4483 4547
f 4482 4547 4546
f 4483 4484 4548
f 4483 4548 4547
f 4484 4485 4549
f 4484 4549 4548
f 4485 4486 4550
f 4485 4550 4549
f 4486 4487 4551
f 4486 4551 4550
f 4487 4488 4552
f 4487 4552 4551
f 4488 4489 4553
f 4488 4553 4552
f 4489 4490 4554
f 4489 4554 4553
f 4490 4491 4555
f 4490 4555 4554
f 4491 4492 4556
f 4491 4556 4555
f 4492 4493 4557
f 4492 4557 4556
f 4493 4494 4558
f 4493 4558 4557
f 4494 4495 4559
f 4494 4559 4558
f 4495 4496 4560
f 4495 4560 4559
f 4496 4497 4561
f 4496 4561 4560
f 4497 4498 4562
f 4497 4562 4561
f 4498 4499 4563
f 4498 4563 4562
f 4499 4500 4564
f 4499 4564 4563
f 4500 4501 4565
f 4500 4565 4564
f 4501 4502 4566
f 4501 4566 4565
f 4502 4503 4567
f 4502 4567 4566
f 4503 4504 4568
f 4503 4568 4567
f 4504 4505 4569
f 4504 4569 4568
f 4505 4506 4570
f 4505 4570 4569
f 4506 4507 4571
f 4506 4571 4570
f 4507 4508 4572
f 4507 4572 4571
f 4508 4509 4573
f 4508 4573 4572
f 4509 4510 4574
f 4509 4574 4573
f 4510 4511 4575
f 4510 4575 4574
f 4511 4512 4576
f 4511 4576 4575
f 4512 4513 4577
f 4512 4577 4576
f 4513 4514 4578
f 4513 4578 4577
f 4514 4515 4579
f 4514 4579 4578
f 4515 4516 4580
f 4515 4580 4579
f 4516 4517 4581
f 4516 4581 4580
f 4517 4518 4582
f 4517 4582 4581
f 4518 4519 4583
f 4518 4583 4582
f 4519 4520 4584
f 4519 4584 4583
f 4520 4521 4585
f 4520 4585 4584
f 4521 4522 4586
f 4521 4586 4585
f 4522 4523 4587
f 4522 4587 4586
f 4523 4524 4588
f 4523 4588 4587
f 4524 4525 4589
f 4524 4589 4588
f 4525 4526 4590
f 4525 4590 4589
f 4526 4527 4591
f 4526 4591 4590
f 4527 4528 4592
f 4527 4592 4591
f 4528 4529 4593
f 4528 4593 4592
f 4529 4530 4594
f 4529 4594 4593
f 4530 4531 4595
f 4530 4595 4594
f 4531 4532 4596
f 4531 4596 4595
f 4532 4533 4597
f 4532 4597 4596
f 4533 4534 4598
f 4533 4598 4597
f 4534 4535 4599
f 4534 4599 4598
f 4535 4536 4600
f 4535 4600 4599
f 4536 4537 4601
f 4536 4601 4600
f 4537 4538 4602
f 4537 4602 4601
f 4538 4539 4603
f 4538 4603 4602
f 4539 4540 4604
f 4539 4604 4603
f 4540 4541 4605
f 4540 4605 4604
f 4541 4542 4606
f 4541 4606 4605
f 4542 4543 4607
f 4542 4607 4606
f 4543 4544 4608
f 4543 4608 4607
f 4544 4481 4545
f 4544 4545 4608
f 4545 4546 4610
f 4545 4610 4609
f 4546 4547 4611
f 4546 4611 4610
f 4547 4548 4612
f 4547 4612 4611
f 4548 4549 4613
f 4548 4613 4612
f 4549 4550 4614
f 4549 4614 4613
f 4550 4551 4615
f 4550 4615 4614
f 4551 4552 4616
f 4551 4616 4615
f 4552 4553 4617
f 4552 4617 4616
f 4553 4554 4618
f 4553 4618 4617
f 4554 4555 4619
f 4554 4619 4618
f 4555 4556 4620
f 4555 4620 4619
f 4556 4557 4621
f 4556 4621 4620
f 4557 4558 4622
f 4557 4622 4621
f 4558 4559 4623
f 4558 4623 4622
f 4559 4560 4624
f 4559 4624 4623
f 4560 4561 4625
f 4560 4625 4624
f 4561 4562 4626
f 4561 4626 4625
f 4562 4563 4627
f 4562 4627 4626
f 4563 4564 4628
f 4563 4628 4627
f 4564 4565 4629
f 4564 4629 4628
f 4565 4566 4630
f 4565 4630 4629
f 4566 4567 4631
f 4566 4631 4630
f 4567 4568 4632
f 4567 4632 4631
f 4568 4569 4633
f 4568 4633 4632
f 4569 4570 4634
f 4569 4634 4633
f 4570 4571 4635
f 4570 4635 4634
f 4571 4572 4636
f 4571 4636 4635
f 4572 4573 4637
f 4572 4637 4636
f 4573 4574 4638
f 4573 4638 4637
f 4574 4575 4639
f 4574 4639 4638
f 4575 4576 4640
f 4575 4640 4639
f 4576 4577 4641
f 4576 4641 4640
f 4577 4578 4642
f 4577 4642 4641
f 4578 4579 4643
f 4578 4643 4642
f 4579 4580 4644
f 4579 4644 4643
f 4580 4581 4645
f 4580 4645 4644
f 4581 4582 4646
f 4581 4646 4645
f 4582 4583 4647
f 4582 4647 4646
f 4583 4584 4648
f 4583 4648 4647
f 4584 4585 4649
f 4584 4649 4648
f 4585 4586 4650
f 4585 4650 4649
f 4586 4587 4651
f 4586 4651 4650
f 4587 4588 4652
f 4587 4652 4651
f 4588 4589 4653
f 4588 4653 4652
f 4589 4590 4654
f 4589 4654 4653
f 4590 4591 4655
f 4590 4655 4654
f 4591 4592 4656
f 4591 4656 4655
f 4592 4593 4657
f 4592 4657 4656
f 4593 4594 4658
f 4593 4658 4657
f 4594 4595 4659
f 4594 4659 4658
f 4595 4596 4660
f 4595 4660 4659
f 4596 4597 4661
f 4596 4661 4660
f 4597 4598 4662
f 4597 4662 4661
f 4598 4599 4663
f 4598 4663 4662
f 4599 4600 4664
f 4599 4664 4663
f 4600 4601 4665
f 4600 4665 4664
f 4601 4602 4666
f 4601 4666 4665
f 4602 4603 4667
f 4602 4667 4666
f 4603 4604 4668
f 4603 4668 4667
f 4604 4605 4669
f 4604 4669 4668
f 4605 4606 4670
f 4605 4670 4669
f 4606 4607 4671
f 4606 4671 4670
f 4607 4608 4672
f 4607 4672 4671
f 4608 4545 4609
f 4608 4609 4672
f 4609 4610 4674
f 4609 4674 4673
f 4610 4611 4675
f 4610 4675 4674
f 4611 4612 4676
f 4611 4676 4675
f 4612 4613 4677
f 4612 4677 4676
f 4613 4614 4678
f 4613 4678 4677
f 4614 4615 4679
f 4614 4679 4678
f 4615 4616 4680
f 4615 4680 4679
f 4616 4617 4681
f 4616 4681 4680
f 4617 4618 4682
f 4617 4682 4681
f 4618 4619 4683
f 4618 4683 4682
f 4619 4620 4684
f 4619 4684 4683
f 4620 4621 4685
f 4620 4685 4684
f 4621 4622 4686
f 4621 4686 4685
f 4622 4623 4687
f 4622 4687 4686
f 4623 4624 4688
f 4623 4688 4687
f 4624 4625 4689
f 4624 4689 4688
f 4625 4626 4690
f 4625 4690 4689
f 4626 4627 4691
f 4626 4691 4690
f 4627 4628 4692
f 4627 4692 4691
f 4628 4629 4693
f 4628 4693 4692
f 4629 4630 4694
f 4629 4694 4693
f 4630 4631 4695
f 4630 4695 4694
f 4631 4632 4696
f 4631 4696 4695
f 4632 4633 4697
f 4632 4697 4696
f 4633 4634 4698
f 4633 4698 4697
f 4634 4635 4699
f 4634 4699 4698
f 4635 4636 4700
f 4635 4700 4699
f 4636 4637 4701
f 4636 4701 4700
f 4637 4638 4702
f 4637 4702 4701
f 4638 4639 4703
f 4638 4703 4702
f 4639 4640 4704
f 4639 4704 4703
f 4640 4641 4705
f 4640 4705 4704
f 4641 4642 4706
f 4641 4706 4705
f 4642 4643 4707
f 4642 4707 4706
f 4643 4644 4708
f 4643 4708 4707
f 4644 4645 4709
f 4644 4709 4708
f 4645 4646 4710
f 4645 4710 4709
f 4646 4647 4711
f 4646 4711 4710
f 4647 4648 4712
f 4647 4712 4711
f 4648 4649 4713
f 4648 4713 4712
f 4649 4650 4714
f 4649 4714 4713
f 4650 4651 4715
f 4650 4715 4714
f 4651 4652 4716
f 4651 4716 4715
f 4652 4653 4717
f 4652 4717 4716
f 4653 4654 4718
f 4653 4718 4717
f 4654 4655 4719
f 4654 4719 4718
f 4655 4656 4720
f 4655 4720 4719
f 4656 4657 4721
f 4656 4721 4720
f 4657 4658 4722
f 4657 4722 4721
f 4658 4659 4723
f 4658 4723 4722
f 4659 4660 4724
f 4659 4724 4723
f 4660 4661 4725
f 4660 4725 4724
f 4661 4662 4726
f 4661 4726 4725
f 4662 4663 4727
f 4662 4727 4726
f 4663 4664 4728
f 4663 4728 4727
f 4664 4665 4729
f 4664 4729 4728
f 4665 4666 4730
f 4665 4730 4729
f 4666 4667 4731
f 4666 4731 4730
f 4667 4668 4732
f 4667 4732 4731
f 4668 4669 4733
f 4668 4733 4732
f 4669 4670 4734
f 4669 4734 4733
f 4670 4671 4735
f 4670 4735 4734
f 4671 4672 4736
f 4671 4736 4735
f 4672 4609 4673
f 4672 4673 4736
f 4673 4674 4738
f 4673 4738 4737
f 4674 4675 4739
f 4674 4739 4738
f 4675 4676 4740
f 4675 4740 4739
f 4676 4677 4741
f 4676 4741 4740
f 4677 4678 4742
f 4677 4742 4741
f 4678 4679 4743
f 4678 4743 4742
f 4679 4680 4744
f 4679 4744 4743
f 4680 4681 4745
f 4680 4745 4744
f 4681 4682 4746
f 4681 4746 4745
f 4682 4683 4747
f 4682 4747 4746
f 4683 4684 4748
f 4683 4748 4747
f 4684 4685 4749
f 4684 4749 4748
f 4685 4686 4750
f 4685 4750 4749
f 4686 4687 4751
f 4686 4751 4750
f 4687 4688 4752
f 4687 4752 4751
f 4688 4689 4753
f 4688 4753 4752
f 4689 4690 4754
f 4689 4754 4753
f 4690 4691 4755
f 4690 4755 4754
f 4691 4692 4756
f 4691 4756 4755
f 4692 4693 4757
f 4692 4757 4756
f 4693 4694 4758
f 4693 4758 4757
f 4694 4695 4759
f 4694 4759 4758
f 4695 4696 4760
f 4695 4760 4759
f 4696 4697 4761
f 4696 4761 4760
f 4697 4698 4762
f 4697 4762 4761
f 4698 4699 4763
f 4698 4763 4762
f 4699 4700 4764
f 4699 4764 4763
f 4700 4701 4765
f 4700 4765 4764
f 4701 4702 4766
f 4701 4766 4765
f 4702 4703 4767
f 4702 4767 4766
f 4703 4704 4768
f 4703 4768 4767
f 4704 4705 4769
f 4704 4769 4768
f 4705 4706 4770
f 4705 4770 4769
f 4706 4707 4771
f 4706 4771 4770
f 4707 4708 4772
f 4707 4772 4771
f 4708 4709 4773
f 4708 4773 4772
f 4709 4710 4774
f 4709 4774 4773
f 4710 4711 4775
f 4710 4775 4774
f 4711 4712 4776
f 4711 4776 4775
f 4712 4713 4777
f 4712 4777 4776
f 4713 4714 4778
f 4713 4778 4777
f 4714 4715 4779
f 4714 4779 4778
f 4715 4716 4780
f 4715 4780 4779
f 4716 4717 4781
f 4716 4781 4780
f 4717 4718 4782
f 4717 4782 4781
f 4718 4719 4783
f 4718 4783 4782
f 4719 4720 4784
f 4719 4784 4783
f 4720 4721 4785
f 4720 4785 4784
f 4721 4722 4786
f 4721 4786 4785
f 4722 4723 4787
f 4722 4787 4786
f 4723 4724 4788
f 4723 4788 4787
f 4724 4725 4789
f 4724 4789 4788
f 4725 4726 4790
f 4725 4790 4789
f 4726 4727 4791
f 4726 4791 4790
f 4727 4728 4792
f 4727 4792 4791
f 4728 4729 4793
f 4728 4793 4792
f 4729 4730 4794
f 4729 4794 4793
f 4730 4731 4795
f 4730 4795 4794
f 4731 4732 4796
f 4731 4796 4795
f 4732 4733 4797
f 4732 4797 4796
f 4733 4734 4798
f 4733 4798 4797
f 4734 4735 4799
f 4734 4799 4798
f 4735 4736 4800
f 4735 4800 4799
f 4736 4673 4737
f 4736 4737 4800
f 4737 4738 4802
f 4737 4802 4801
f 4738 4739 4803
f 4738 4803 4802
f 4739 4740 4804
f 4739 4804 4803
f 4740 4741 4805
f 4740 4805 4804
f 4741 4742 4806
f 4741 4806 4805
f 4742 4743 4807
f 4742 4807 4806
f 4743 4744 4808
f 4743 4808 4807
f 4744 4745 4809
f 4744 4809 4808
f 4745 4746 4810
f 4745 4810 4809
f 4746 4747 4811
f 4746 4811 4810
f 4747 4748 4812
f 4747 4812 4811
f 4748 4749 4813
f 4748 4813 4812
f 4749 4750 4814
f 4749 4814 4813
f 4750 4751 4815
f 4750 4815 4814
f 4751 4752 4816
f 4751 4816 4815
f 4752 4753 4817
f 4752 4817 4816
f 4753 4754 4818
f 4753 4818 4817
f 4754 4755 4819
f 4754 4819 4818
f 4755 4756 4820
f 4755 4820 4819
f 4756 4757 4821
f 4756 4821 4820
f 4757 4758 4822
f 4757 4822 4821
f 4758 4759 4823
f 4758 4823 4822
f 4759 4760 4824
f 4759 4824 4823
f 4760 4761 4825
f 4760 4825 4824
f 4761 4762 4826
f 4761 4826 4825
f 4762 4763 4827
f 4762 4827 4826
f 4763 4764 4828
f 4763 4828 4827
f 4764 4765 4829
f 4764 4829 4828
f 4765 4766 4830
f 4765 4830 4829
f 4766 4767 4831
f 4766 4831 4830
f 4767 4768 4832
f 4767 4832 4831
f 4768 4769 4833
f 4768 4833 4832
f 4769 4770 4834
f 4769 4834 4833
f 4770 4771 4835
f 4770 4835 4834
f 4771 4772 4836
f 4771 4836 4835
f 4772 4773 4837
f 4772 4837 4836
f 4773 4774 4838
f 4773 4838 4837
f 4774 4775 4839
f 4774 4839 4838
f 4775 4776 4840
f 4775 4840 4839
f 4776 4777 4841
f 4776 4841 4840
f 4777 4778 4842
f 4777 4842 4841
f 4778 4779 4843
f 4778 4843 4842
f 4779 4780 4844
f 4779 4844 4843
f 4780 4781 4845
f 4780 4845 4844
f 4781 4782 4846
f 4781 4846 4845
f 4782 4783 4847
f 4782 4847 4846
f 4783 4784 4848
f 4783 4848 4847
f 4784 4785 4849
f 4784 4849 4848
f 4785 4786 4850
f 4785 4850 4849
f 4786 4787 4851
f 4786 4851 4850
f 4787 4788 4852
f 4787 4852 4851
f 4788 4789 4853
f 4788 4853 4852
f 4789 4790 4854
f 4789 4854 4853
f 4790 4791 4855
f 4790 4855 4854
f 4791 4792 4856
f 4791 4856 4855
f 4792 4793 4857
f 4792 4857 4856
f 4793 4794 4858
f 4793 4858 4857
f 4794 4795 4859
f 4794 4859 4858
f 4795 4796 4860
f 4795 4860 4859
f 4796 4797 4861
f 4796 4861 4860
f 4797 4798 4862
f 4797 4862 4861
f 4798 4799 4863
f 4798 4863 4862
f 4799 4800 4864
f 4799 4864 4863
f 4800 4737 4801
f 4800 4801 4864
f 4801 4802 4866
f 4801 4866 4865
f 4802 4803 4867
f 4802 4867 4866
f 4803 4804 4868
f 4803 4868 4867
f 4804 4805 4869
f 4804 4869 4868
f 4805 4806 4870
f 4805 4870 4869
f 4806 4807 4871
f 4806 4871 4870
f 4807 4808 4872
f 4807 4872 4871
f 4808 4809 4873
f 4808 4873 4872
f 4809 4810 4874
f 4809 4874 4873
f 4810 4811 4875
f 4810 4875 4874
f 4811 4812 4876
f 4811 4876 4875
f 4812 4813 4877
f 4812 4877 4876
f 4813 4814 4878
f 4813 4878 4877
f 4814 4815 4879
f 4814 4879 4878
f 4815 4816 4880
f 4815 4880 4879
f 4816 4817 4881
f 4816 4881 4880
f 4817 4818 4882
f 4817 4882 4881
f 4818 4819 4883
f 4818 4883 4882
f 4819 4820 4884
f 4819 4884 4883
f 4820 4821 4885
f 4820 4885 4884
f 4821 4822 4886
f 4821 4886 4885
f 4822 4823 4887
f 4822 4887 4886
f 4823 4824 4888
f 4823 4888 4887
f 4824 4825 4889
f 4824 4889 4888
f 4825 4826 4890
f 4825 4890 4889
f 4826 4827 4891
f 4826 4891 4890
f 4827 4828 4892
f 4827 4892 4891
f 4828 4829 4893
f 4828 4893 4892
f 4829 4830 4894
f 4829 4894 4893
f 4830 4831 4895
f 4830 4895 4894
f 4831 4832 4896
f 4831 4896 4895
f 4832 4833 4897
f 4832 4897 4896
f 4833 4834 4898
f 4833 4898 4897
f 4834 4835 4899
f 4834 4899 4898
f 4835 4836 4900
f 4835 4900 4899
f 4836 4837 4901
f 4836 4901 4900
f 4837 4838 4902
f 4837 4902 4901
f 4838 4839 4903
f 4838 4903 4902
f 4839 4840 4904
f 4839 4904 4903
f 4840 4841 4905
f 4840 4905 4904
f 4841 4842 4906
f 4841 4906 4905
f 4842 4843 4907
f 4842 4907 4906
f 4843 4844 4908
f 4843 4908 4907
f 4844 4845 4909
f 4844 4909 4908
f 4845 4846 4910
f 4845 4910 4909
f 4846 4847 4911
f 4846 4911 4910
f 4847 4848 4912
f 4847 4912 4911
f 4848 4849 4913
f 4848 4913 4912
f 4849 4850 4914
f 4849 4914 4913
f 4850 4851 4915
f 4850 4915 4914
f 4851 4852 4916
f 4851 4916 4915
f 4852 4853 4917
f 4852 4917 4916
f 4853 4854 4918
f 4853 4918 4917
f 4854 4855 4919
f 4854 4919 4918
f 4855 4856 4920
f 4855 4920 4919
f 4856 4857 4921
f 4856 4921 4920
f 4857 4858 4922
f 4857 4922 4921
f 4858 4859 4923
f 4858 4923 4922
f 4859 4860 4924
f 4859 4924 4923
f 4860 4861 4925
f 4860 4925 4924
f 4861 4862 4926
f 4861 4926 4925
f 4862 4863 4927
f 4862 4927 4926
f 4863 4864 4928
f 4863 4928 4927
f 4864 4801 4865
f 4864 4865 4928
f 4865 4866 4930
f 4865 4930 4929
f 4866 4867 4931
f 4866 4931 4930
f 4867 4868 4932
f 4867 4932 4931
f 4868 4869 4933
f 4868 4933 4932
f 4869 4870 4934
f 4869 4934 4933
f 4870 4871 4935
f 4870 4935 4934
f 4871 4872 4936
f 4871 4936 4935
f 4872 4873 4937
f 4872 4937 4936
f 4873 4874 4938
f 4873 4938 4937
f 4874 4875 4939
f 4874 4939 4938
f 4875 4876 4940
f 4875 4940 4939
f 4876 4877 4941
f 4876 4941 4940
f 4877 4878 4942
f 4877 4942 4941
f 4878 4879 4943
f 4878 4943 4942
f 4879 4880 4944
f 4879 4944 4943
f 4880 4881 4945
f 4880 4945 4944
f 4881 4882 4946
f 4881 4946 4945
f 4882 4883 4947
f 4882 4947 4946
f 4883 4884 4948
f 4883 4948 4947
f 4884 4885 4949
f 4884 4949 4948
f 4885 4886 4950
f 4885 4950 4949
f 4886 4887 4951
f 4886 4951 4950
f 4887 4888 4952
f 4887 4952 4951
f 4888 4889 4953
f 4888 4953 4952
f 4889 4890 4954
f 4889 4954 4953
f 4890 4891 4955
f 4890 4955 4954
f 4891 4892 4956
f 4891 4956 4955
f 4892 4893 4957
f 4892 4957 4956
f 4893 4894 4958
f 4893 4958 4957
f 4894 4895 4959
f 4894 4959 4958
f 4895 4896 4960
f 4895 4960 4959
f 4896 4897 4961
f 4896 4961 4960
f 4897 4898 4962
f 4897 4962 4961
f 4898 4899 4963
f 4898 4963 4962
f 4899 4900 4964
f 4899 4964 4963
f 4900 4901 4965
f 4900 4965 4964
f 4901 4902 4966
f 4901 4966 4965
f 4902 4903 4967
f 4902 4967 4966
f 4903 4904 4968
f 4903 4968 4967
f 4904 4905 4969
f 4904 4969 4968
f 4905 4906 4970
f 4905 4970 4969
f 4906 4907 4971
f 4906 4971 4970
f 4907 4908 4972
f 4907 4972 4971
f 4908 4909 4973
f 4908 4973 4972
f 4909 4910 4974
f 4909 4974 4973
f 4910 4911 4975
f 4910 4975 4974
f 4911 4912 4976
f 4911 4976 4975
f 4912 4913 4977
f 4912 4977 4976
f 4913 4914 4978
f 4913 4978 4977
f 4914 4915 4979
f 4914 4979 4978
f 4915 4916 4980
f 4915 4980 4979
f 4916 4917 4981
f 4916 4981 4980
f 4917 4918 4982
f 4917 4982 4981
f 4918 4919 4983
f 4918 4983 4982
f 4919 4920 4984
f 4919 4984 4983
f 4920 4921 4985
f 4920 4985 4984
f 4921 4922 4986
f 4921 4986 4985
f 4922 4923 4987
f 4922 4987 4986
f 4923 4924 4988
f 4923 4988 4987
f 4924 4925 4989
f 4924 4989 4988
f 4925 4926 4990
f 4925 4990 4989
f 4926 4927 4991
f 4926 4991 4990
f 4927 4928 4992
f 4927 4992 4991
f 4928 4865 4929
f 4928 4929 4992
f 4929 4930 4994
f 4929 4994 4993
f 4930 4931 4995
f 4930 4995 4994
f 4931 4932 4996
f 4931 4996 4995
f 4932 4933 4997
f 4932 4997 4996
f 4933 4934 4998
f 4933 4998 4997
f 4934 4935 4999
f 4934 4999 4998
f 4935 4936 5000
f 4935 5000 4999
f 4936 4937 5001
f 4936 5001 5000
f 4937 4938 5002
f 4937 5002 5001
f 4938 4939 5003
f 4938 5003 5002
f 4939 4940 5004
f 4939 5004 5003
f 4940 4941 5005
f 4940 5005 5004
f 4941 4942 5006
f 4941 5006 5005
f 4942 4943 5007
f 4942 5007 5006
f 4943 4944 5008
f 4943 5008 5007
f 4944 4945 5009
f 4944 5009 5008
f 4945 4946 5010
f 4945 5010 5009
f 4946 4947 5011
f 4946 5011 5010
f 4947 4948 5012
f 4947 5012 5011
f 4948 4949 5013
f 4948 5013 5012
f 4949 4950 5014
f 4949 5014 5013
f 4950 4951 5015
f 4950 5015 5014
f 4951 4952 5016
f 4951 5016 5015
f 4952 4953 5017
f 4952 5017 5016
f 4953 4954 5018
f 4953 5018 5017
f 4954 4955 5019
f 4954 5019 5018
f 4955 4956 5020
f 4955 5020 5019
f 4956 4957 5021
f 4956 5021 5020
f 4957 4958 5022
f 4957 5022 5021
f 4958 4959 5023
f 4958 5023 5022
f 4959 4960 5024
f 4959 5024 5023
f 4960 4961 5025
f 4960 5025 5024
f 4961 4962 5026
f 4961 5026 5025
f 4962 4963 5027
f 4962 5027 5026
f 4963 4964 5028
f 4963 5028 5027
f 4964 4965 5029
f 4964 5029 5028
f 4965 4966 5030
f 4965 5030 5029
f 4966 4967 5031
f 4966 5031 5030
f 4967 4968 5032
f 4967 5032 5031
f 4968 4969 5033
f 4968 5033 5032
f 4969 4970 5034
f 4969 5034 5033
f 4970 4971 5035
f 4970 5035 5034
f 4971 4972 5036
f 4971 5036 5035
f 4972 4973 5037
f 4972 5037 5036
f 4973 4974 5038
f 4973 5038 5037
f 4974 4975 5039
f 4974 5039 5038
f 4975 4976 5040
f 4975 5040 5039
f 4976 4977 5041
f 4976 5041 5040
f 4977 4978 5042
f 4977 5042 5041
f 4978 4979 5043
f 4978 5043 5042
f 4979 4980 5044
f 4979 5044 5043
f 4980 4981 5045
f 4980 5045 5044
f 4981 4982 5046
f 4981 5046 5045
f 4982 4983 5047
f 4982 5047 5046
f 4983 4984 5048
f 4983 5048 5047
f 4984 4985 5049
f 4984 5049 5048
f 4985 4986 5050
f 4985 5050 5049
f 4986 4987 5051
f 4986 5051 5050
f 4987 4988 5052
f 4987 5052 5051
f 4988 4989 5053
f 4988 5053 5052
f 4989 4990 5054
f 4989 5054 5053
f 4990 4991 5055
f 4990 5055 5054
f 4991 4992 5056
f 4991 5056 5055
f 4992 4929 4993
f 4992 4993 5056
f 4993 4994 5058
f 4993 5058 5057
f 4994 4995 5059
f 4994 5059 5058
f 4995 4996 5060
f 4995 5060 5059
f 4996 4997 5061
f 4996 5061 5060
f 4997 4998 5062
f 4997 5062 5061
f 4998 4999 5063
f 4998 5063 5062
f 4999 5000 5064
f 4999 5064 5063
f 5000 5001 5065
f 5000 5065 5064
f 5001 5002 5066
f 5001 5066 5065
f 5002 5003 5067
f 5002 5067 5066
f 5003 5004 5068
f 5003 5068 5067
f 5004 5005 5069
f 5004 5069 5068
f 5005 5006 5070
f 5005 5070 5069
f 5006 5007 5071
f 5006 5071 5070
f 5007 5008 5072
f 5007 5072 5071
f 5008 5009 5073
f 5008 5073 5072
f 5009 5010 5074
f 5009 5074 5073
f 5010 5011 5075
f 5010 5075 5074
f 5011 5012 5076
f 5011 5076 5075
f 5012 5013 5077
f 5012 5077 5076
f 5013 5014 5078
f 5013 5078 5077
f 5014 5015 5079
f 5014 5079 5078
f 5015 5016 5080
f 5015 5080 5079
f 5016 5017 5081
f 5016 5081 5080
f 5017 5018 5082
f 5017 5082 5081
f 5018 5019 5083
f 5018 5083 5082
f 5019 5020 5084
f 5019 5084 5083
f 5020 5021 5085
f 5020 5085 5084
f 5021 5022 5086
f 5021 5086 5085
f 5022 5023 5087
f 5022 5087 5086
f 5023 5024 5088
f 5023 5088 5087
f 5024 5025 5089
f 5024 5089 5088
f 5025 5026 5090
f 5025 5090 5089
f 5026 5027 5091
f 5026 5091 5090
f 5027 5028 5092
f 5027 5092 5091
f 5028 5029 5093
f 5028 5093 5092
f 5029 5030 5094
f 5029 5094 5093
f 5030 5031 5095
f 5030 5095 5094
f 5031 5032 5096
f 5031 5096 5095
f 5032 5033 5097
f 5032 5097 5096
f 5033 5034 5098
f 5033 5098 5097
f 5034 5035 5099
f 5034 5099 5098
f 5035 5036 5100
f 5035 5100 5099
f 5036 5037 5101
f 5036 5101 5100
f 5037 5038 5102
f 5037 5102 5101
f 5038 5039 5103
f 5038 5103 5102
f 5039 5040 5104
f 5039 5104 5103
f 5040 5041 5105
f 5040 5105 5104
f 5041 5042 5106
f 5041 5106 5105
f 5042 5043 5107
f 5042 5107 5106
f 5043 5044 5108
f 5043 5108 5107
f 5044 5045 5109
f 5044 5109 5108
f 5045 5046 5110
f 5045 5110 5109
f 5046 5047 5111
f 5046 5111 5110
f 5047 5048 5112
f 5047 5112 5111
f 5048 5049 5113
f 5048 5113 5112
f 5049 5050 5114
f 5049 5114 5113
f 5050 5051 5115
f 5050 5115 5114
f 5051 5052 5116
f 5051 5116 5115
f 5052 5053 5117
f 5052 5117 5116
f 5053 5054 5118
f 5053 5118 5117
f 5054 5055 5119
f 5054 5119 5118
f 5055 5056 5120
f 5055 5120 5119
f 5056 4993 5057
f 5056 5057 5120

