# https://github.com/mikedh/trimesh
v 0.57516962 0.03014336 -1.05381197
v 0.57046578 0.07305075 -1.05402647
v 0.56086810 0.11624859 -1.05466721
v 0.54649274 0.15933489 -1.05572589
v 0.52751799 0.20188293 -1.05718887
v 0.50418171 0.24344534 -1.05903742
v 0.47677605 0.28355958 -1.06124815
v 0.44564256 0.32175411 -1.06379336
v 0.41116572 0.35755571 -1.06664163
v 0.37376565 0.39049763 -1.06975839
v 0.33389088 0.42012824 -1.07310653
v 0.29201051 0.44602036 -1.07664701
v 0.24860629 0.46778051 -1.08033955
v 0.20416514 0.48505823 -1.08414320
v 0.15917174 0.49755499 -1.08801700
v 0.11410165 0.50503270 -1.09192048
v 0.06941533 0.50732046 -1.09581419
v 0.02555271 0.50432070 -1.09966015
v -0.01707153 0.49601376 -1.10342221
v -0.05807120 0.48246029 -1.10706636
v -0.09709160 0.46380178 -1.11056096
v -0.13381127 0.44025928 -1.11387691
v -0.16794296 0.41213011 -1.11698775
v -0.19923369 0.37978230 -1.11986970
v -0.22746446 0.34364726 -1.12250164
v -0.25244911 0.30421068 -1.12486509
v -0.27403297 0.26200268 -1.12694411
v -0.29209095 0.21758616 -1.12872519
v -0.30652584 0.17154463 -1.13019716
v -0.31726629 0.12447078 -1.13135108
v -0.32426488 0.07695387 -1.13218011
v -0.32749664 0.02956863 -1.13267943
v -0.32695764 -0.01713517 -1.13284619
v -0.32266410 -0.06264174 -1.13267943
v -0.31465166 -0.10647728 -1.13218011
v -0.30297543 -0.14821518 -1.13135108
v -0.28771013 -0.18748051 -1.13019716
v -0.26895091 -0.22395210 -1.12872519
v -0.24681414 -0.25736302 -1.12694411
v -0.22143894 -0.28749923 -1.12486509
v -0.19298831 -0.31419745 -1.12250164
v -0.16165090 -0.33734057 -1.11986970
v -0.12764234 -0.35685352 -1.11698776
v -0.09120601 -0.37269806 -1.11387691
v -0.05261485 -0.38486666 -1.11056097
v -0.01217043 -0.39337757 -1.10706636
v 0.02979584 -0.39826926 -1.10342222
v 0.07292504 -0.39959573 -1.09966014
v 0.11683092 -0.39742244 -1.09581419
v 0.16110381 -0.39182345 -1.09192049
v 0.20531335 -0.38287888 -1.08801700
v 0.24901211 -0.37067379 -1.08414321
v 0.29174205 -0.35529790 -1.08033954
v 0.33303878 -0.33684631 -1.07664701
v 0.37243927 -0.31542053 -1.07310653
v 0.40948831 -0.29113090 -1.06975839
v 0.44374522 -0.26409934 -1.06664163
v 0.47479265 -0.23446148 -1.06379335
v 0.50224260 -0.20237120 -1.06124815
v 0.52574478 -0.16800210 -1.05903742
v 0.54499268 -0.13155221 -1.05718886
v 0.55972988 -0.09324521 -1.05572589
v 0.56975555 -0.05333335 -1.05466721
v 0.57492831 -0.01209948 -1.05402647
v 0.57873005 0.03032996 -1.02554554
v 0.57396772 0.07353712 -1.02576378
v 0.56422760 0.11702777 -1.02641563
v 0.54962960 0.16039760 -1.02749246
v 0.53035822 0.20321765 -1.02898011
v 0.50665939 0.24503854 -1.03085916
v 0.47883508 0.28539571 -1.03310535
v 0.44723826 0.32381592 -1.03569000
v 0.41226557 0.35982426 -1.03858065
v 0.37434991 0.39295248 -1.04174160
v 0.33395272 0.42274751 -1.04513463
v 0.29155551 0.44878080 -1.04871962
v 0.24765179 0.47065778 -1.05245527
v 0.20273899 0.48802688 -1.05629971
v 0.15731090 0.50058877 -1.06021119
v 0.11185037 0.50810445 -1.06414861
v 0.06682336 0.51040231 -1.06807204
v 0.02267326 0.50738456 -1.07194320
v -0.02018376 0.49903122 -1.07572581
v -0.06136197 0.48540271 -1.07938590
v -0.10050896 0.46664096 -1.08289203
v -0.13730710 0.44296734 -1.08621544
v -0.17147442 0.41467995 -1.08933012
v -0.20276420 0.38214774 -1.09221282
v -0.23096450 0.34580345 -1.09484306
v -0.25589668 0.30613442 -1.09720299
v -0.27741364 0.26367265 -1.09927733
v -0.29539770 0.21898319 -1.10105320
v -0.30975844 0.17265208 -1.10252002
v -0.32043051 0.12527477 -1.10366935
v -0.32737157 0.07744343 -1.10449480
v -0.33056028 0.02973602 -1.10499183
v -0.32999521 -0.01729436 -1.10515781
v -0.32569346 -0.06312845 -1.10499183
v -0.31769016 -0.10728889 -1.10449480
v -0.30603827 -0.14934552 -1.10366935
v -0.29080926 -0.18891980 -1.10252002
v -0.27209352 -0.22568713 -1.10105320
v -0.25000173 -0.25937721 -1.09927732
v -0.22466654 -0.28977281 -1.09720300
v -0.19624379 -0.31670771 -1.09484306
v -0.16491481 -0.34006209 -1.09221283
v -0.13088792 -0.35975853 -1.08933012
v -0.09439963 -0.37575673 -1.08621544
v -0.05571672 -0.38804748 -1.08289204
v -0.01513561 -0.39664795 -1.07938590
v 0.02701606 -0.40159546 -1.07572581
v 0.07038163 -0.40294376 -1.07194319
v 0.11457530 -0.40075838 -1.06807204
v 0.15918595 -0.39511366 -1.06414861
v 0.20377982 -0.38609049 -1.06021119
v 0.24790410 -0.37377530 -1.05629971
v 0.29109355 -0.35825915 -1.05245526
v 0.33287484 -0.33963918 -1.04871962
v 0.37277452 -0.31801893 -1.04513464
v 0.41032598 -0.29351122 -1.04174160
v 0.44507617 -0.26624046 -1.03858065
v 0.47659509 -0.23634521 -1.03569000
v 0.50448228 -0.20398205 -1.03310535
v 0.52837543 -0.16932756 -1.03085915
v 0.54795686 -0.13258271 -1.02898010
v 0.56296063 -0.09397419 -1.02749246
v 0.57317809 -0.05375710 -1.02641563
v 0.57846191 -0.01221713 -1.02576378
v 0.58329683 0.03056929 -0.99719095
v 0.57846617 0.07412663 -0.99741356
v 0.56855966 0.11795935 -0.99807838
v 0.55370168 0.16166037 -0.99917640
v 0.53408374 0.20479817 -1.00069288
v 0.50996134 0.24692097 -1.00260755
v 0.48164802 0.28756196 -1.00489516
v 0.44950989 0.32624582 -1.00752591
v 0.41395796 0.36249570 -1.01046605
v 0.37544005 0.39584149 -1.01367863
v 0.33443255 0.42582851 -1.01712410
v 0.29143163 0.45202680 -1.02076108
v 0.24694439 0.47404023 -1.02454708
v 0.20148064 0.49151618 -1.02843918
v 0.15554473 0.50415400 -1.03239467
v 0.10962811 0.51171403 -1.03637174
v 0.06420311 0.51402386 -1.04032989
v 0.01971719 0.51098505 -1.04423048
v -0.02341175 0.50257741 -1.04803710
v -0.06479856 0.48886145 -1.05171582
v -0.10409343 0.46997894 -1.05523542
v -0.14098324 0.44615222 -1.05856753
v -0.17519213 0.41767989 -1.06168669
v -0.20648078 0.38493230 -1.06457029
v -0.23464553 0.34834361 -1.06719854
v -0.25951642 0.30840305 -1.06955436
v -0.28095526 0.26564480 -1.07162322
v -0.29885292 0.22063651 -1.07339300
v -0.31312702 0.17396715 -1.07485380
v -0.32371927 0.12623531 -1.07599779
v -0.33059303 0.07803669 -1.07681904
v -0.33373149 0.02995292 -1.07731340
v -0.33313597 -0.01745896 -1.07747846
v -0.32882462 -0.06367564 -1.07731340
v -0.32083196 -0.10821563 -1.07681904
v -0.30920861 -0.15064456 -1.07599779
v -0.29402192 -0.19057978 -1.07485380
v -0.27535699 -0.22769257 -1.07339300
v -0.25331780 -0.26170875 -1.07162322
v -0.22802931 -0.29240735 -1.06955436
v -0.19963913 -0.31961872 -1.06719854
v -0.16831997 -0.34321988 -1.06457029
v -0.13427169 -0.36313068 -1.06168670
v -0.09772271 -0.37930839 -1.05856754
v -0.05893261 -0.39174193 -1.05523542
v -0.01819182 -0.40044684 -1.05171581
v 0.02417643 -0.40545967 -1.04803710
v 0.06781811 -0.40683352 -1.04423047
v 0.11234795 -0.40463396 -1.04032988
v 0.15735316 -0.39893579 -1.03637174
v 0.20239598 -0.38982087 -1.03239467
v 0.24701737 -0.37737697 -1.02843918
v 0.29074358 -0.36169708 -1.02454708
v 0.33309092 -0.34288035 -1.02076109
v 0.37357378 -0.32103296 -1.01712411
v 0.41171213 -0.29627049 -1.01367863
v 0.44703853 -0.26872040 -1.01046606
v 0.47910830 -0.23852435 -1.00752590
v 0.50750625 -0.20584241 -1.00489516
v 0.53185606 -0.17085454 -1.00260755
v 0.55182718 -0.13376517 -1.00069287
v 0.56714240 -0.09480441 -0.99917641
v 0.57758379 -0.05423075 -0.99807838
v 0.58299734 -0.01233320 -0.99741356
v 0.58890691 0.03086330 -0.96874496
v 0.58399774 0.07482310 -0.96897259
v 0.57390001 0.11904892 -0.96965231
v 0.55874319 0.16313056 -0.97077470
v 0.53872699 0.20663356 -0.97232430
v 0.51411779 0.24910332 -0.97427992
v 0.48524246 0.29007050 -0.97661514
v 0.45248232 0.32905732 -0.97929884
v 0.41626470 0.36558477 -0.98229587
v 0.37705460 0.39918069 -0.98556778
v 0.33534572 0.42938841 -0.98907352
v 0.29165096 0.45577625 -0.99277025
v 0.24649317 0.47794649 -0.99661412
v 0.20039623 0.49554513 -1.00056097
v 0.15387669 0.50827045 -1.00456706
v 0.10743592 0.51588134 -1.00858968
v 0.06155354 0.51820481 -1.01258773
v 0.01668168 0.51514189 -1.01652215
v -0.02675978 0.50667186 -1.02035636
v -0.06838629 0.49285521 -1.02405648
v -0.10785109 0.47383415 -1.02759157
v -0.14484626 0.44983138 -1.03093370
v -0.17910298 0.42114661 -1.03405800
v -0.21039034 0.38815147 -1.03694262
v -0.23851420 0.35128183 -1.03956859
v -0.26331466 0.31102920 -1.04191968
v -0.28466369 0.26793021 -1.04398226
v -0.30246207 0.22255557 -1.04574504
v -0.31663662 0.17549745 -1.04719893
v -0.32713709 0.12735817 -1.04833676
v -0.33393358 0.07873743 -1.04915319
v -0.33701432 0.03022115 -1.04964449
v -0.33638378 -0.01762917 -1.04980850
v -0.33206143 -0.06428555 -1.04964449
v -0.32408096 -0.10926172 -1.04915319
v -0.31249034 -0.15211853 -1.04833676
v -0.29735234 -0.19246854 -1.04719893
v -0.27874577 -0.22997837 -1.04574504
v -0.25676706 -0.26436930 -1.04398226
v -0.23153223 -0.29541615 -1.04191968
v -0.20317949 -0.32294523 -1.03956859
v -0.17187162 -0.34683002 -1.03694262
v -0.13779875 -0.36698713 -1.03405801
v -0.10118001 -0.38337117 -1.03093370
v -0.06226672 -0.39596875 -1.02759158
v -0.02134245 -0.40479383 -1.02405648
v 0.02127473 -0.40988165 -1.02035637
v 0.06523373 -0.41128489 -1.01652215
v 0.11014993 -0.40906899 -1.01258773
v 0.15560858 -0.40330939 -1.00858969
v 0.20116737 -0.39408903 -1.00456706
v 0.24636003 -0.38149728 -1.00056098
v 0.29070315 -0.36562910 -0.99661411
v 0.33370097 -0.34658630 -0.99277025
v 0.37485406 -0.32447787 -0.98907353
v 0.41366688 -0.29942257 -0.98556778
v 0.44965553 -0.27155139 -0.98229588
v 0.48235833 -0.24100977 -0.97929883
v 0.51134321 -0.20796147 -0.97661514
v 0.53621785 -0.17259047 -0.97427991
v 0.55663682 -0.13510515 -0.97232429
v 0.57230997 -0.09573956 -0.97077470
v 0.58300878 -0.05475613 -0.96965231
v 0.58857141 -0.01244764 -0.96897259
v 0.59556170 0.03121207 -0.94020750
v 0.59056377 0.07562663 -0.94044080
v 0.58024993 0.12029668 -0.94113737
v 0.56475543 0.16480846 -0.94228730
v 0.54428912 0.20872410 -0.94387433
v 0.51912994 0.25158596 -0.94587620
v 0.48961953 0.29292174 -0.94826522
v 0.45615642 0.33225096 -0.95100877
v 0.41918655 0.36909204 -0.95407010
v 0.37919429 0.40297052 -0.95740905
v 0.33669286 0.43342762 -0.96098289
v 0.29221402 0.46002971 -0.96474714
v 0.24629844 0.48237719 -0.96865641
v 0.19948596 0.50011458 -0.97266514
v 0.15230694 0.51293851 -0.97672839
v 0.10527386 0.52060693 -0.98080250
v 0.05887462 0.52294599 -0.98484564
v 0.01356663 0.51985574 -0.98881829
v -0.03022798 0.51131515 -0.99268368
v -0.07212538 0.49738487 -0.99640798
v -0.11178219 0.47820709 -0.99996056
v -0.14889643 0.45400542 -1.00331400
v -0.18320716 0.42508053 -1.00644413
v -0.21449310 0.39180566 -1.00932990
v -0.24257072 0.35461864 -1.01195328
v -0.26729157 0.31401337 -1.01429903
v -0.28853915 0.27052935 -1.01635451
v -0.30622539 0.22474068 -1.01810940
v -0.32028743 0.17724324 -1.01955546
v -0.33068415 0.12864356 -1.02068634
v -0.33739327 0.07954583 -1.02149731
v -0.34040879 0.03054078 -1.02198516
v -0.33973867 -0.01780499 -1.02214798
v -0.33540390 -0.06495824 -1.02198516
v -0.32743720 -0.11042732 -1.02149731
v -0.31588361 -0.15376764 -1.02068634
v -0.30080066 -0.19458638 -1.01955546
v -0.28226007 -0.23254487 -1.01810940
v -0.26034957 -0.26735933 -1.01635451
v -0.23517543 -0.29879965 -1.01429904
v -0.20686499 -0.32668779 -1.01195328
v -0.17556990 -0.35089310 -1.00932990
v -0.14146923 -0.37132854 -1.00644414
v -0.10477169 -0.38794573 -1.00331401
v -0.06571918 -0.40072871 -0.99996057
v -0.02458757 -0.40968945 -0.99640798
v 0.01831088 -0.41486206 -0.99268368
v 0.06262848 -0.41629849 -0.98881828
v 0.10798126 -0.41406419 -0.98484563
v 0.15395232 -0.40823518 -0.98080251
v 0.20009418 -0.39889566 -0.97672839
v 0.24593238 -0.38613677 -0.97266514
v 0.29097262 -0.37005592 -0.96865640
v 0.33470555 -0.35075760 -0.96474715
v 0.37661600 -0.32835417 -0.96098290
v 0.41619099 -0.30296802 -0.95740904
v 0.45292799 -0.27473406 -0.95407010
v 0.48634613 -0.24380184 -0.95100877
v 0.51599434 -0.21033955 -0.94826522
v 0.54146205 -0.17453561 -0.94587620
v 0.56238703 -0.13660283 -0.94387432
v 0.57846466 -0.09677982 -0.94228730
v 0.58945437 -0.05533332 -0.94113737
v 0.59518546 -0.01256044 -0.94044080
v 0.60321961 0.03161340 -0.91158216
v 0.59812321 0.07653300 -0.91182175
v 0.58756934 0.12169637 -0.91253704
v 0.57169983 0.16668578 -0.91371754
v 0.55073380 0.21105971 -0.91534613
v 0.52496369 0.25435697 -0.91739939
v 0.49474810 0.29610208 -0.91984814
v 0.46050432 0.33581151 -0.92265816
v 0.42269910 0.37300091 -0.92579087
v 0.38183829 0.40719319 -0.92920427
v 0.33845664 0.43792728 -0.93285375
v 0.29310713 0.46476718 -0.93669298
v 0.24635000 0.48731155 -0.94067487
v 0.19874296 0.50520292 -0.94475231
v 0.15083157 0.51813651 -0.94887905
v 0.10314071 0.52586889 -0.95301034
v 0.05616750 0.52822508 -0.95710354
v 0.01037520 0.52510449 -0.96111865
v -0.03381159 0.51648569 -0.96501866
v -0.07600978 0.50242905 -0.96876982
v -0.11587987 0.48307730 -0.97234183
v -0.15312631 0.45865472 -0.97570783
v -0.18749703 0.42946326 -0.97884442
v -0.21878136 0.39587771 -0.98173148
v -0.24680769 0.35833822 -0.98435199
v -0.27144017 0.31734130 -0.98669181
v -0.29257505 0.27342974 -0.98873941
v -0.31013668 0.22718127 -0.99048551
v -0.32407376 0.17919597 -0.99192289
v -0.33435534 0.13008501 -0.99304604
v -0.34096755 0.08045756 -0.99385098
v -0.34391050 0.03090976 -0.99433497
v -0.34319651 -0.01798621 -0.99449648
v -0.33884786 -0.06569123 -0.99433497
v -0.33089659 -0.11170768 -0.99385098
v -0.31938401 -0.15558494 -0.99304604
v -0.30436214 -0.19692421 -0.99192289
v -0.28589482 -0.23538093 -0.99048551
v -0.26406019 -0.27066566 -0.98873940
v -0.23895344 -0.30254303 -0.98669182
v -0.21068995 -0.33082988 -0.98435199
v -0.17940906 -0.35539107 -0.98173148
v -0.14527749 -0.37613568 -0.97884443
v -0.10849239 -0.39301174 -0.97570784
v -0.06928534 -0.40600059 -0.97234184
v -0.02792343 -0.41511203 -0.96876982
v 0.01528737 -0.42037880 -0.96501866
v 0.06000318 -0.42185209 -0.96111864
v 0.10584079 -0.41959732 -0.95710354
v 0.15238088 -0.41369126 -0.95301035
v 0.19917023 -0.40421941 -0.94887905
v 0.24572533 -0.39127492 -0.94475232
v 0.29153970 -0.37495785 -0.94067486
v 0.33608897 -0.35537580 -0.93669298
v 0.37884049 -0.33264478 -0.93285376
v 0.41926189 -0.30689121 -0.92920427
v 0.45682988 -0.27825433 -0.92579088
v 0.49104238 -0.24688840 -0.92265815
v 0.52142725 -0.21296639 -0.91984814
v 0.54755349 -0.17668165 -0.91739938
v 0.56904054 -0.13825199 -0.91534613
v 0.58556726 -0.09792096 -0.91371754
v 0.59687993 -0.05596025 -0.91253704
v 0.60279823 -0.01267167 -0.91182175
v 0.61178979 0.03206254 -0.88287684
v 0.60658586 0.07753287 -0.88312330
v 0.59577037 0.12323419 -0.88385898
v 0.57949195 0.16874447 -0.88507282
v 0.55798082 0.21361812 -0.88674676
v 0.53154462 0.25739020 -0.88885603
v 0.50055996 0.29958166 -0.89136994
v 0.46546493 0.33970573 -0.89425243
v 0.42674875 0.37727493 -0.89746299
v 0.38494071 0.41180947 -0.90095758
v 0.34059935 0.44284555 -0.90468952
v 0.29430035 0.46994490 -0.90861052
v 0.24662555 0.49270389 -0.91267160
v 0.19815204 0.51076320 -0.91682398
v 0.14944200 0.52381633 -0.92101995
v 0.10103386 0.53161843 -0.92521359
v 0.05343474 0.53399332 -0.92936139
v 0.00711431 0.53083963 -0.93342279
v -0.03750014 0.52213551 -0.93736055
v -0.08002636 0.50794116 -0.94114101
v -0.12012899 0.48839969 -0.94473420
v -0.15751963 0.46373624 -0.94811390
v -0.19195576 0.43425402 -0.95125754
v -0.22323834 0.40032970 -0.95414599
v -0.25120870 0.36240583 -0.95676337
v -0.27574480 0.32098186 -0.95909674
v -0.29675678 0.27660406 -0.96113572
v -0.31418261 0.22985416 -0.96287226
v -0.32798345 0.18133689 -0.96430017
v -0.33813939 0.13166839 -0.96541490
v -0.34464581 0.08146331 -0.96621324
v -0.34750983 0.03132362 -0.96669305
v -0.34674788 -0.01817233 -0.96685311
v -0.34238421 -0.06647905 -0.96669305
v -0.33444958 -0.11309240 -0.96621324
v -0.32298183 -0.15755520 -0.96541490
v -0.30802662 -0.19946207 -0.96430017
v -0.28963919 -0.23846212 -0.96287226
v -0.26788724 -0.27425970 -0.96113572
v -0.24285395 -0.30661357 -0.95909674
v -0.21464167 -0.33533524 -0.95676338
v -0.18337626 -0.36028458 -0.95414600
v -0.14921103 -0.38136626 -0.95125755
v -0.11233050 -0.39852462 -0.94811391
v -0.07295485 -0.41173798 -0.94473421
v -0.03134184 -0.42101380 -0.94114100
v 0.01220959 -0.42638323 -0.93736055
v 0.05735963 -0.42789669 -0.93342278
v 0.10372595 -0.42561962 -0.92936139
v 0.15088656 -0.41962950 -0.92521359
v 0.19838197 -0.41001333 -0.92101995
v 0.24571885 -0.39686648 -0.91682399
v 0.29237738 -0.38029182 -0.91267160
v 0.33781685 -0.36040040 -0.90861053
v 0.38148553 -0.33731214 -0.90468953
v 0.42282985 -0.31115787 -0.90095758
v 0.46130408 -0.28208166 -0.89746300
v 0.49638291 -0.25024276 -0.89425242
v 0.52757099 -0.21581941 -0.89136994
v 0.55441543 -0.17901036 -0.88885603
v 0.57651529 -0.14003887 -0.88674675
v 0.59353191 -0.09915387 -0.88507282
v 0.60519683 -0.05663240 -0.88385898
v 0.61131903 -0.01278147 -0.88312330
v 0.62112768 0.03255192 -0.85410426
v 0.61580880 0.07861144 -0.85435807
v 0.60471335 0.12488827 -0.85511557
v 0.58799737 0.17095579 -0.85636509
v 0.56590329 0.21636411 -0.85808751
v 0.53875439 0.26064413 -0.86025672
v 0.50694700 0.30331314 -0.86284032
v 0.47094132 0.34388074 -0.86580034
v 0.43125054 0.38185636 -0.86909420
v 0.38842915 0.41675697 -0.87267564
v 0.34306091 0.44811616 -0.87649582
v 0.29574613 0.47549303 -0.88050430
v 0.24708962 0.49848165 -0.88465010
v 0.19768910 0.51672059 -0.88888265
v 0.14812466 0.52990168 -0.89315268
v 0.09894914 0.53777834 -0.89741302
v 0.05068041 0.54017323 -0.90161923
v 0.00379495 0.53698425 -0.90573016
v -0.04127702 0.52818877 -0.90970832
v -0.08415418 0.51384705 -0.91352011
v -0.12450559 0.49410268 -0.91713597
v -0.16205048 0.46918151 -0.92053033
v -0.19655661 0.43938820 -0.92368150
v -0.22783730 0.40510150 -0.92657145
v -0.25574781 0.36676640 -0.92918549
v -0.28018077 0.32488550 -0.93151193
v -0.30106131 0.28000893 -0.93354171
v -0.31834180 0.23272262 -0.93526800
v -0.33199684 0.18363621 -0.93668579
v -0.34201848 0.13337123 -0.93779152
v -0.34841174 0.08254816 -0.93858280
v -0.35119119 0.03177525 -0.93905811
v -0.35037801 -0.01836258 -0.93921664
v -0.34599819 -0.06731301 -0.93905811
v -0.33808148 -0.11456495 -0.93858280
v -0.32666167 -0.15965417 -0.93779152
v -0.31177768 -0.20216829 -0.93668579
v -0.29347576 -0.24174960 -0.93526800
v -0.27181225 -0.27809583 -0.93354171
v -0.24685758 -0.31095955 -0.93151193
v -0.21870011 -0.34014635 -0.92918549
v -0.18745124 -0.36551094 -0.92657145
v -0.15324998 -0.38695323 -0.92368151
v -0.11626733 -0.40441365 -0.92053033
v -0.07671135 -0.41786715 -0.91713597
v -0.03482970 -0.42731887 -0.91352010
v 0.00908614 -0.43279809 -0.90970832
v 0.05470075 -0.43435456 -0.90573015
v 0.10163269 -0.43205361 -0.90161923
v 0.14945715 -0.42597357 -0.89741303
v 0.19770793 -0.41620301 -0.89315268
v 0.24588116 -0.40283969 -0.88888266
v 0.29344284 -0.38598942 -0.88465010
v 0.33983467 -0.36576700 -0.88050431
v 0.38448456 -0.34229657 -0.87649583
v 0.42681634 -0.31571366 -0.87267564
v 0.46626012 -0.28616740 -0.86909420
v 0.50226568 -0.25382247 -0.86580034
v 0.53431308 -0.21886282 -0.86284032
v 0.56192584 -0.18149283 -0.86025672
v 0.58468136 -0.14194168 -0.85808750
v 0.60222188 -0.10046403 -0.85636509
v 0.61426373 -0.05734263 -0.85511556
v 0.62060419 -0.01289007 -0.85435807
v 0.63103405 0.03307109 -0.82528194
v 0.62559468 0.07974828 -0.82554344
v 0.61420576 0.12662845 -0.82632382
v 0.59703117 0.17328014 -0.82761074
v 0.57432579 0.21924892 -0.82938399
v 0.54642985 0.26406149 -0.83161604
v 0.51375993 0.30723112 -0.83427271
v 0.47679943 0.34826371 -0.83731402
v 0.43608705 0.38666534 -0.84069518
v 0.39220334 0.42194974 -0.84436768
v 0.34575864 0.45364767 -0.84828036
v 0.29737896 0.48131545 -0.85238055
v 0.24769326 0.50454484 -0.85661516
v 0.19732094 0.52297213 -0.86093175
v 0.14686080 0.53628725 -0.86527943
v 0.09688081 0.54424214 -0.86960969
v 0.04791011 0.54665802 -0.87387714
v 0.00043232 0.54343191 -0.87803999
v -0.04511929 0.53454068 -0.88206049
v -0.08836435 0.52004455 -0.88590513
v -0.12897658 0.50008745 -0.88954475
v -0.16668318 0.47489605 -0.89295447
v -0.20126266 0.44477672 -0.89611355
v -0.23254139 0.41011009 -0.89900507
v -0.26038914 0.37134385 -0.90161559
v -0.28471400 0.32898400 -0.90393478
v -0.30545674 0.28358448 -0.90595493
v -0.32258486 0.23573583 -0.90767048
v -0.33608709 0.18605280 -0.90907764
v -0.34596789 0.13516248 -0.91017393
v -0.35224250 0.08369159 -0.91095781
v -0.35493336 0.03225484 -0.91142843
v -0.35406645 -0.01855588 -0.91158534
v -0.34966973 -0.06818115 -0.91142843
v -0.34177174 -0.11610255 -0.91095781
v -0.33040221 -0.16184844 -0.91017393
v -0.31559293 -0.20499918 -0.90907764
v -0.29738061 -0.24518984 -0.90767048
v -0.27580986 -0.28211127 -0.90595492
v -0.25093756 -0.31550941 -0.90393479
v -0.22283752 -0.34518388 -0.90161559
v -0.19160602 -0.37098377 -0.89900507
v -0.15736703 -0.39280411 -0.89611356
v -0.12027731 -0.41058117 -0.89295448
v -0.08053226 -0.42428642 -0.88954475
v -0.03836900 -0.43392247 -0.88590512
v 0.00592887 -0.43951689 -0.88206049
v 0.05203050 -0.44111842 -0.87803998
v 0.09955541 -0.43879245 -0.87387714
v 0.14807580 -0.43261813 -0.86960970
v 0.19711847 -0.42268577 -0.86527942
v 0.24616849 -0.40909547 -0.86093176
v 0.29467696 -0.39195627 -0.85661516
v 0.34206716 -0.37138686 -0.85238055
v 0.38774572 -0.34751579 -0.84828037
v 0.43111265 -0.32048348 -0.84436768
v 0.47157275 -0.29044445 -0.84069519
v 0.50854987 -0.25756908 -0.83731401
v 0.54149823 -0.22204715 -0.83427271
v 0.56991646 -0.18408915 -0.83161604
v 0.59335932 -0.14393030 -0.82938398
v 0.61144915 -0.10183136 -0.82761074
v 0.62388597 -0.05808104 -0.82632382
v 0.63045530 -0.01299778 -0.82554344
v 0.64125730 0.03360687 -0.79643179
v 0.63569435 0.08091759 -0.79670119
v 0.62400435 0.12841660 -0.79750504
v 0.60635926 0.17566745 -0.79883032
v 0.58302689 0.22221110 -0.80065573
v 0.55436468 0.26756987 -0.80295222
v 0.52081006 0.31125296 -0.80568383
v 0.48287036 0.35276255 -0.80880851
v 0.44111003 0.39160107 -0.81227922
v 0.39613671 0.42727916 -0.81604513
v 0.34858793 0.45932449 -0.82005267
v 0.29911604 0.48729070 -0.82424692
v 0.24837469 0.51076699 -0.82857264
v 0.19700560 0.52938754 -0.83297543
v 0.14562673 0.54284013 -0.83740274
v 0.09482162 0.55087515 -0.84180473
v 0.04513090 0.55331268 -0.84613499
v -0.00295444 0.55004846 -0.85035109
v -0.04899801 0.54105911 -0.85441502
v -0.09262040 0.52640455 -0.85829335
v -0.13350016 0.50622919 -0.86195735
v -0.17137259 0.48076072 -0.86538283
v -0.20602736 0.45030690 -0.86855002
v -0.23730404 0.41525054 -0.87144314
v -0.26508744 0.37604217 -0.87405007
v -0.28930141 0.33319106 -0.87636182
v -0.30990280 0.28725511 -0.87837207
v -0.32687463 0.23882973 -0.88007660
v -0.34022017 0.18853472 -0.88147288
v -0.34995647 0.13700302 -0.88255948
v -0.35610944 0.08486765 -0.88333578
v -0.35870937 0.03275004 -0.88380156
v -0.35778735 -0.01875089 -0.88395682
v -0.35337330 -0.06906832 -0.88380156
v -0.34549456 -0.11767636 -0.88333578
v -0.33417654 -0.16409582 -0.88255948
v -0.31944393 -0.20789954 -0.88147288
v -0.30132349 -0.24871519 -0.88007660
v -0.27984787 -0.28622657 -0.87837206
v -0.25506008 -0.32017291 -0.87636182
v -0.22701897 -0.35034757 -0.87405007
v -0.19580526 -0.37659392 -0.87144314
v -0.16152753 -0.39880204 -0.86855002
v -0.12432803 -0.41690383 -0.86538283
v -0.08438907 -0.43086739 -0.86195735
v -0.04193695 -0.44069248 -0.85829335
v 0.00275276 -0.44640502 -0.85441502
v 0.04935392 -0.44805274 -0.85035108
v 0.09748702 -0.44570113 -0.84613498
v 0.14672123 -0.43943014 -0.84180474
v 0.19657613 -0.42933172 -0.83740274
v 0.24652546 -0.41550863 -0.83297543
v 0.29600504 -0.39807317 -0.82857263
v 0.34441932 -0.37714783 -0.82424692
v 0.39115290 -0.35286578 -0.82005268
v 0.43558154 -0.32537258 -0.81604512
v 0.47708420 -0.29482816 -0.81227923
v 0.51505783 -0.26140869 -0.80880850
v 0.54893014 -0.22531005 -0.80568383
v 0.57817455 -0.18674892 -0.80295222
v 0.60232240 -0.14596675 -0.80065572
v 0.62097568 -0.10323056 -0.79883032
v 0.63381780 -0.05883516 -0.79750504
v 0.64062186 -0.01310498 -0.79670119
v 0.65149905 0.03414362 -0.76758002
v 0.64581229 0.08208880 -0.76785734
v 0.63382076 0.13020756 -0.76868470
v 0.61570469 0.17805848 -0.77004837
v 0.59174436 0.22517783 -0.77192601
v 0.56231481 0.27108361 -0.77428704
v 0.52787420 0.31528094 -0.77709370
v 0.48895384 0.35726817 -0.78030187
v 0.44614395 0.39654428 -0.78386228
v 0.40007946 0.43261665 -0.78772171
v 0.35142496 0.46500987 -0.79182427
v 0.30085922 0.49327490 -0.79611272
v 0.24906065 0.51699848 -0.80052967
v 0.19669334 0.53581253 -0.80501879
v 0.14439441 0.54940289 -0.80952586
v 0.09276296 0.55751821 -0.81399968
v 0.04235117 0.55997728 -0.81839283
v -0.00634260 0.55667491 -0.82266227
v -0.05287887 0.54758722 -0.82676969
v -0.09687918 0.53277409 -0.83068177
v -0.13802680 0.51238008 -0.83437017
v -0.17606536 0.48663414 -0.83781144
v -0.21079546 0.45584534 -0.84098674
v -0.24207015 0.42039874 -0.84388147
v -0.26978909 0.38074756 -0.84648480
v -0.29389203 0.33740446 -0.84878910
v -0.31435183 0.29093138 -0.85078944
v -0.33116722 0.24192838 -0.85248295
v -0.34435574 0.19102047 -0.85386832
v -0.35394733 0.13884645 -0.85494522
v -0.35997850 0.08604562 -0.85571392
v -0.36248737 0.03324614 -0.85617487
v -0.36151019 -0.01894599 -0.85632847
v -0.35707874 -0.06995661 -0.85617487
v -0.34921929 -0.11925231 -0.85571392
v -0.33795285 -0.16634633 -0.85494522
v -0.32329701 -0.21080396 -0.85386832
v -0.30526866 -0.25224556 -0.85248295
v -0.28388828 -0.29034775 -0.85078944
v -0.25918514 -0.32484307 -0.84878910
v -0.23120304 -0.35551864 -0.84648480
v -0.20000713 -0.38221214 -0.84388148
v -0.16569062 -0.40480861 -0.84098675
v -0.12838115 -0.42323563 -0.83781144
v -0.08824798 -0.43745780 -0.83437018
v -0.04550658 -0.44747226 -0.83068177
v -0.00042446 -0.45330309 -0.82676970
v 0.04667697 -0.45499711 -0.82266226
v 0.09541916 -0.45261979 -0.81839283
v 0.14536824 -0.44625197 -0.81399968
v 0.19603656 -0.43598734 -0.80952586
v 0.24688651 -0.42193107 -0.80501880
v 0.29733861 -0.40419885 -0.80052967
v 0.34677846 -0.38291707 -0.79611272
v 0.39456865 -0.35822349 -0.79182429
v 0.44006061 -0.33026867 -0.78772171
v 0.48260725 -0.29921810 -0.78386229
v 0.52157889 -0.26525373 -0.78030187
v 0.55637662 -0.22857757 -0.77709370
v 0.58644838 -0.18941239 -0.77428704
v 0.61130233 -0.14800601 -0.77192599
v 0.63051979 -0.10463162 -0.77004838
v 0.64376770 -0.05959020 -0.76868469
v 0.65080680 -0.01321216 -0.76785734
v 0.66142475 0.03466380 -0.73875601
v 0.65561721 0.08322761 -0.73904104
v 0.64333186 0.13195066 -0.73989130
v 0.62475637 0.18038666 -0.74129244
v 0.60018391 0.22806739 -0.74322099
v 0.57000600 0.27450650 -0.74564496
v 0.53470152 0.31920519 -0.74852480
v 0.49482496 0.36165821 -0.75181438
v 0.45099180 0.40136098 -0.75546224
v 0.40386335 0.43781778 -0.75941286
v 0.35413068 0.47055025 -0.76360807
v 0.30249839 0.49910670 -0.76798837
v 0.24966905 0.52307135 -0.77249427
v 0.19632840 0.54207403 -0.77706757
v 0.14313238 0.55579864 -0.78165239
v 0.09069519 0.56399230 -0.78619625
v 0.03958032 0.56647243 -0.79065074
v -0.00970671 0.56313288 -0.79497218
v -0.05672336 0.55394934 -0.79912201
v -0.10109214 0.53898147 -0.80306699
v -0.14250101 0.51837441 -0.80677919
v -0.18070152 0.49235787 -0.81023585
v -0.21550514 0.46124250 -0.81341907
v -0.24677784 0.42541535 -0.81631537
v -0.27443390 0.38533239 -0.81891518
v -0.29842857 0.34150955 -0.82121222
v -0.31875036 0.29451280 -0.82320290
v -0.33541312 0.24494650 -0.82488565
v -0.34844861 0.19344104 -0.82626038
v -0.35789916 0.14064074 -0.82732783
v -0.36381151 0.08719104 -0.82808912
v -0.36623164 0.03372668 -0.82854536
v -0.36520061 -0.01913940 -0.82869735
v -0.36075227 -0.07082591 -0.82854536
v -0.35291158 -0.12079209 -0.82808912
v -0.34169549 -0.16854385 -0.82732783
v -0.32711445 -0.21363908 -0.82626038
v -0.30917582 -0.25569097 -0.82488565
v -0.28788833 -0.29436926 -0.82320289
v -0.26326773 -0.32939991 -0.82121222
v -0.23534316 -0.36056386 -0.81891518
v -0.20416465 -0.38769336 -0.81631537
v -0.16981031 -0.41066844 -0.81341907
v -0.13239361 -0.42941262 -0.81023585
v -0.09207109 -0.44388698 -0.80677919
v -0.04904762 -0.45408606 -0.80306699
v -0.00358287 -0.46003218 -0.79912201
v 0.04400634 -0.46177137 -0.79497217
v 0.09334242 -0.45936898 -0.79065073
v 0.14398852 -0.45290674 -0.78619626
v 0.19544998 -0.44248000 -0.78165239
v 0.24717808 -0.42819644 -0.77706757
v 0.29857847 -0.41017486 -0.77249426
v 0.34901824 -0.38854552 -0.76798837
v 0.39783867 -0.36345066 -0.76360808
v 0.44436744 -0.33504576 -0.75941286
v 0.48793203 -0.30350168 -0.75546224
v 0.52787673 -0.26900602 -0.75181438
v 0.56357673 -0.23176670 -0.74852480
v 0.59445535 -0.19201259 -0.74564495
v 0.61999757 -0.14999754 -0.74322097
v 0.63976524 -0.10600090 -0.74129245
v 0.65340884 -0.06032957 -0.73989130
v 0.66067705 -0.01331985 -0.73904104
v 0.67067696 0.03514869 -0.70999093
v 0.66475529 0.08429739 -0.71028326
v 0.65219199 0.13359176 -0.71115519
v 0.63318217 0.18258094 -0.71259174
v 0.60803095 0.23079239 -0.71456842
v 0.57714563 0.27773577 -0.71705189
v 0.54102433 0.32290854 -0.72000093
v 0.50024371 0.36580190 -0.72336748
v 0.45544309 0.40590804 -0.72709801
v 0.40730869 0.44272828 -0.73113486
v 0.35655667 0.47578148 -0.73541766
v 0.30391601 0.50461342 -0.73988480
v 0.25011206 0.52880609 -0.74447481
v 0.19585118 0.54798711 -0.74912769
v 0.14180697 0.56183868 -0.75378604
v 0.08860800 0.57010636 -0.75839611
v 0.03682840 0.57260638 -0.76290858
v -0.01301953 0.56923177 -0.76727919
v -0.06049037 0.55995752 -0.77146912
v -0.10520752 0.54484336 -0.77544521
v -0.14686336 0.52403488 -0.77917990
v -0.18521699 0.49776249 -0.78265111
v -0.22009007 0.46633833 -0.78584181
v -0.25136093 0.43015140 -0.78873960
v -0.27895756 0.38966022 -0.79133609
v -0.30284986 0.34538382 -0.79362626
v -0.32304117 0.29789188 -0.79560781
v -0.33955966 0.24779311 -0.79728040
v -0.35245043 0.19572265 -0.79864507
v -0.36176756 0.14233021 -0.79970357
v -0.36756761 0.08826706 -0.80045786
v -0.36990380 0.03417410 -0.80090965
v -0.36882190 -0.01932918 -0.80106010
v -0.36435755 -0.07165472 -0.80090965
v -0.35653462 -0.12225483 -0.80045786
v -0.34536609 -0.17062844 -0.79970357
v -0.33085585 -0.21632650 -0.79864507
v -0.31300209 -0.25895542 -0.79728040
v -0.29180242 -0.29817837 -0.79560780
v -0.26725983 -0.33371511 -0.79362626
v -0.23938966 -0.36534084 -0.79133609
v -0.20822757 -0.39288255 -0.78873960
v -0.17383750 -0.41621561 -0.78584182
v -0.13631941 -0.43525962 -0.78265111
v -0.09581788 -0.44997243 -0.77917991
v -0.05252772 -0.46034602 -0.77544520
v -0.00670122 -0.46640121 -0.77146912
v 0.04134917 -0.46818307 -0.76727918
v 0.09124675 -0.46575699 -0.76290858
v 0.14255186 -0.45920547 -0.75839612
v 0.19476320 -0.44862550 -0.75378603
v 0.24732156 -0.43412701 -0.74912769
v 0.29961850 -0.41583181 -0.74447480
v 0.35100371 -0.39387392 -0.73988480
v 0.40079818 -0.36839968 -0.73541768
v 0.44830719 -0.33956922 -0.73113486
v 0.49283423 -0.30755855 -0.72709802
v 0.53369893 -0.27256058 -0.72336747
v 0.57025201 -0.23478882 -0.72000093
v 0.60189336 -0.19447788 -0.71705188
v 0.62808641 -0.15188740 -0.71456842
v 0.64837431 -0.10730240 -0.71259174
v 0.66239203 -0.06103554 -0.71115518
v 0.66987689 -0.01342858 -0.71028326
v 0.67889196 0.03557922 -0.68131679
v 0.67286643 0.08526087 -0.68161575
v 0.66004990 0.13507581 -0.68250742
v 0.64064436 0.18456905 -0.68397624
v 0.61496560 0.23326408 -0.68599679
v 0.58343569 0.28066693 -0.68853447
v 0.54657024 0.32627161 -0.69154655
v 0.50496581 0.36956619 -0.69498324
v 0.45928367 0.41003994 -0.69878911
v 0.41023268 0.44719130 -0.70290452
v 0.35855187 0.48053678 -0.70726713
v 0.30499241 0.50961978 -0.71181339
v 0.25030043 0.53402014 -0.71648004
v 0.19520105 0.55336367 -0.72120543
v 0.14038401 0.56733095 -0.72593077
v 0.08649091 0.57566610 -0.73060118
v 0.03410563 0.57818421 -0.73516649
v -0.01625338 0.57477756 -0.73958189
v -0.06413808 0.56542074 -0.74380836
v -0.10917266 0.55017338 -0.74781279
v -0.15105352 0.52918121 -0.75156799
v -0.18954667 0.50267572 -0.75505245
v -0.22448307 0.47097025 -0.75824998
v -0.25575221 0.43445555 -0.76114911
v -0.28329471 0.39359235 -0.76374257
v -0.30709374 0.34890270 -0.76602649
v -0.32716611 0.30095956 -0.76799971
v -0.34355316 0.25037559 -0.76966304
v -0.35631209 0.19779033 -0.77101855
v -0.36550768 0.14385833 -0.77206890
v -0.37120539 0.08923621 -0.77281681
v -0.37346510 0.03457049 -0.77326454
v -0.37233687 -0.01951340 -0.77341361
v -0.36785790 -0.07242120 -0.77326454
v -0.36005117 -0.12359893 -0.77281681
v -0.34892600 -0.17253915 -0.77206890
v -0.33448022 -0.21878650 -0.77101855
v -0.31670377 -0.26194121 -0.76966304
v -0.29558411 -0.30166042 -0.76799971
v -0.27111263 -0.33765829 -0.76602649
v -0.24329203 -0.36970478 -0.76374258
v -0.21214490 -0.39762208 -0.76114912
v -0.17772224 -0.42128138 -0.75824998
v -0.14011181 -0.44059857 -0.75505246
v -0.09944715 -0.45552859 -0.75156800
v -0.05591400 -0.46606125 -0.74781279
v -0.00975788 -0.47221577 -0.74380836
v 0.03871272 -0.47403655 -0.73958188
v 0.08912193 -0.47158887 -0.73516649
v 0.14102751 -0.46495602 -0.73060119
v 0.19392212 -0.45423641 -0.72593077
v 0.24723699 -0.43954208 -0.72120543
v 0.30035085 -0.42099761 -0.71648003
v 0.35259751 -0.39874034 -0.71181339
v 0.40327952 -0.37292037 -0.70726714
v 0.45168169 -0.34370218 -0.70290452
v 0.49708565 -0.31126636 -0.69878912
v 0.53878867 -0.27581068 -0.69498323
v 0.57611908 -0.23755382 -0.69154655
v 0.60845535 -0.19673549 -0.68853447
v 0.63524155 -0.15362066 -0.68599678
v 0.65600338 -0.10849961 -0.68397624
v 0.67036196 -0.06169009 -0.68250742
v 0.67804430 -0.01353893 -0.68161575
v 0.68571858 0.03593699 -0.65276421
v 0.67960265 0.08608202 -0.65306895
v 0.66656583 0.13634960 -0.65397780
v 0.64681625 0.18628109 -0.65547467
v 0.62067896 0.23539661 -0.65753336
v 0.58858863 0.28319899 -0.66011817
v 0.55107603 0.32917925 -0.66318507
v 0.50875535 0.37282271 -0.66668274
v 0.46230674 0.41361602 -0.67055411
v 0.41245874 0.45105535 -0.67473784
v 0.35997038 0.48465491 -0.67916984
v 0.30561200 0.51395621 -0.68378490
v 0.25014787 0.53853715 -0.68851818
v 0.19431946 0.55802202 -0.69330662
v 0.13883042 0.57208980 -0.69809022
v 0.08433380 0.58048363 -0.70281309
v 0.03142187 0.58301753 -0.70742433
v -0.01938153 0.57958306 -0.71187869
v -0.06762606 0.57015438 -0.71613693
v -0.11293665 0.55479120 -0.72016600
v -0.15501319 0.53363944 -0.72393903
v -0.19362764 0.50693128 -0.72743502
v -0.22861910 0.47498111 -0.73063847
v -0.25988676 0.43818134 -0.73353879
v -0.28738217 0.39699474 -0.73612961
v -0.31110011 0.35194571 -0.73840809
v -0.33106910 0.30361030 -0.74037407
v -0.34734187 0.25260445 -0.74202935
v -0.35998614 0.19957156 -0.74337689
v -0.36907607 0.14517046 -0.74442016
v -0.37468477 0.09006230 -0.74516251
v -0.37687801 0.03489857 -0.74560672
v -0.37570947 -0.01969015 -0.74575458
v -0.37121782 -0.07310422 -0.74560672
v -0.36342514 -0.12478420 -0.74516251
v -0.35233768 -0.17421708 -0.74442016
v -0.33794795 -0.22094204 -0.74337689
v -0.32023876 -0.26455387 -0.74202935
v -0.29918863 -0.30470464 -0.74037407
v -0.27477897 -0.34110346 -0.73840809
v -0.24700146 -0.37351579 -0.73612961
v -0.21586735 -0.40175966 -0.73353879
v -0.18141636 -0.42570257 -0.73063848
v -0.14372559 -0.44525731 -0.72743502
v -0.10291910 -0.46037623 -0.72393903
v -0.05917469 -0.47104719 -0.72016600
v -0.01273195 -0.47728812 -0.71613693
v 0.03610403 -0.47914267 -0.71187868
v 0.08695810 -0.47667624 -0.70742433
v 0.13938579 -0.46997267 -0.70281310
v 0.19287449 -0.45913162 -0.69809021
v 0.24684714 -0.44426702 -0.69330663
v 0.30067131 -0.42550582 -0.68851817
v 0.35366699 -0.40298822 -0.68378490
v 0.40512069 -0.37686767 -0.67916986
v 0.45429948 -0.34731237 -0.67473784
v 0.50046595 -0.31450685 -0.67055412
v 0.54289781 -0.27865321 -0.66668273
v 0.58090411 -0.23997452 -0.66318507
v 0.61384467 -0.19871504 -0.66011817
v 0.64114652 -0.15514430 -0.65753334
v 0.66232035 -0.10955714 -0.65547468
v 0.67697541 -0.06227581 -0.65397779
v 0.68482946 -0.01365146 -0.65306895
v 0.69083641 0.03620520 -0.62436135
v 0.68464674 0.08672803 -0.62467080
v 0.67143052 0.13736464 -0.62559363
v 0.65140035 0.18765342 -0.62711338
v 0.62488923 0.23711175 -0.62920316
v 0.59234189 0.28523986 -0.63182641
v 0.55430178 0.33152629 -0.63493799
v 0.51139713 0.37545417 -0.63848538
v 0.46432357 0.41650803 -0.64241016
v 0.41382589 0.45418214 -0.64664958
v 0.36067908 0.48798886 -0.65113816
v 0.30566942 0.51746812 -0.65580930
v 0.24957576 0.54219627 -0.66059691
v 0.19315296 0.56179639 -0.66543676
v 0.13711608 0.57594618 -0.67026784
v 0.08212742 0.58438782 -0.67503348
v 0.02878613 0.58693456 -0.67968218
v -0.02237956 0.58347739 -0.68416829
v -0.07091746 0.57399013 -0.68845243
v -0.11645307 0.55853249 -0.69250160
v -0.15868914 0.53725061 -0.69628916
v -0.19740250 0.51037719 -0.69979454
v -0.23243882 0.47822758 -0.70300283
v -0.26370527 0.44119542 -0.70590410
v -0.29116234 0.39974514 -0.70849279
v -0.31481411 0.35440320 -0.71076682
v -0.33469883 0.30574793 -0.71272691
v -0.35087839 0.25439816 -0.71437562
v -0.36342920 0.20100031 -0.71571667
v -0.37243301 0.14621675 -0.71675416
v -0.37796915 0.09071233 -0.71749199
v -0.38010817 0.03514258 -0.71793332
v -0.37890676 -0.01985771 -0.71808019
v -0.37440478 -0.07368454 -0.71793332
v -0.36662358 -0.12577398 -0.71749199
v -0.35556686 -0.17560853 -0.71675416
v -0.34122281 -0.22272287 -0.71571667
v -0.32356840 -0.26670741 -0.71437562
v -0.30257503 -0.30720997 -0.71272691
v -0.27821579 -0.34393566 -0.71076683
v -0.25047339 -0.37664629 -0.70849279
v -0.21934988 -0.40515641 -0.70590411
v -0.18487580 -0.42933055 -0.70300284
v -0.14711958 -0.44907895 -0.69979455
v -0.10619745 -0.46435186 -0.69628916
v -0.06228076 -0.47513558 -0.69250159
v -0.01560438 -0.48144690 -0.68845243
v 0.03352949 -0.48332905 -0.68416829
v 0.08474624 -0.48084732 -0.67968218
v 0.13759959 -0.47408610 -0.67503349
v 0.19157263 -0.46314605 -0.67026784
v 0.24608158 -0.44814263 -0.66543676
v 0.30048480 -0.42920472 -0.66059691
v 0.35409116 -0.40647489 -0.65580931
v 0.40617402 -0.38010928 -0.65113817
v 0.45598595 -0.35027913 -0.64664958
v 0.50277406 -0.31717220 -0.64241017
v 0.54580019 -0.28099412 -0.63848538
v 0.58435752 -0.24197152 -0.63493799
v 0.61779076 -0.20035240 -0.63182641
v 0.64551289 -0.15640997 -0.62920315
v 0.66702291 -0.11044279 -0.62711338
v 0.68191949 -0.06277677 -0.62559363
v 0.68991345 -0.01376667 -0.62467080
v 0.69397521 0.03636970 -0.59613192
v 0.68773117 0.08717118 -0.59644485
v 0.67438253 0.13807997 -0.59737800
v 0.65414549 0.18863230 -0.59891461
v 0.62735855 0.23834348 -0.60102734
v 0.59447415 0.28671180 -0.60367894
v 0.55604498 0.33322414 -0.60682348
v 0.51270966 0.37736175 -0.61040753
v 0.46517520 0.41860781 -0.61437170
v 0.41419819 0.45645505 -0.61865221
v 0.36056581 0.49041461 -0.62318251
v 0.30507568 0.52002507 -0.62789503
v 0.24851777 0.54486187 -0.63272270
v 0.19165655 0.56454693 -0.63760046
v 0.13521559 0.57875725 -0.64246657
v 0.07986399 0.58723412 -0.64726376
v 0.02620602 0.58979035 -0.65194009
v -0.02522690 0.58631643 -0.65644962
v -0.07398117 0.57678601 -0.66075286
v -0.11968275 0.56125868 -0.66481685
v -0.16203648 0.53988080 -0.66861513
v -0.20082279 0.51288550 -0.67212744
v -0.23589222 0.48058882 -0.67533930
v -0.26715781 0.44338526 -0.67824128
v -0.29458648 0.40174049 -0.68082837
v -0.31818957 0.35618247 -0.68309915
v -0.33801209 0.30729126 -0.68505488
v -0.35412294 0.25568778 -0.68669875
v -0.36660479 0.20202080 -0.68803500
v -0.37554506 0.14695513 -0.68906824
v -0.38102765 0.09115845 -0.68980273
v -0.38312672 0.03528923 -0.69024193
v -0.38190110 -0.02001464 -0.69038808
v -0.37739146 -0.07414590 -0.69024193
v -0.36961870 -0.12653736 -0.68980273
v -0.35858468 -0.17666816 -0.68906824
v -0.34427434 -0.22406968 -0.68803500
v -0.32666037 -0.26832916 -0.68669875
v -0.30570885 -0.30909115 -0.68505488
v -0.28138670 -0.34605800 -0.68309915
v -0.25367023 -0.37898859 -0.68082838
v -0.22255461 -0.40769508 -0.67824128
v -0.18806350 -0.43203978 -0.67533931
v -0.15025894 -0.45193104 -0.67212745
v -0.10925153 -0.46731754 -0.66861513
v -0.06520778 -0.47818446 -0.66481684
v -0.01835906 -0.48454769 -0.66075286
v 0.03099452 -0.48645019 -0.65644961
v 0.08247877 -0.48395716 -0.65194008
v 0.13564608 -0.47715340 -0.64726377
v 0.18997638 -0.46614037 -0.64246657
v 0.24488086 -0.45103454 -0.63760047
v 0.29971122 -0.43196631 -0.63272270
v 0.35376798 -0.40907992 -0.62789503
v 0.40631494 -0.38253358 -0.62318252
v 0.45659379 -0.35250068 -0.61865220
v 0.50384049 -0.31917147 -0.61437171
v 0.54730492 -0.28275405 -0.61040753
v 0.58626865 -0.24347782 -0.60682348
v 0.62006520 -0.20159341 -0.60367893
v 0.64809749 -0.15737682 -0.60102733
v 0.66985527 -0.11112937 -0.59891462
v 0.68493016 -0.06317961 -0.59737799
v 0.69302730 -0.01388498 -0.59644485
v 0.69493025 0.03641975 -0.56809375
v 0.68865319 0.08739048 -0.56840879
v 0.67522407 0.13846460 -0.56934821
v 0.65486138 0.18917702 -0.57089507
v 0.62790698 0.23904179 -0.57302173
v 0.59481782 0.28755602 -0.57569055
v 0.55615225 0.33420552 -0.57885511
v 0.51255528 0.37847060 -0.58246144
v 0.46474093 0.41983337 -0.58644953
v 0.41347285 0.45778583 -0.59075498
v 0.35954545 0.49183816 -0.59531064
v 0.30376351 0.52152838 -0.60004829
v 0.24692359 0.54643110 -0.60490030
v 0.18979605 0.56616780 -0.60980109
v 0.13310964 0.58041485 -0.61468848
v 0.07753760 0.58891318 -0.61950483
v 0.02368726 0.59147514 -0.62419793
v -0.02790796 0.58799105 -0.62872170
v -0.07679366 0.57843440 -0.63303654
v -0.12259605 0.56286472 -0.63710953
v -0.16502126 0.54142861 -0.64091432
v -0.20385187 0.51435923 -0.64443084
v -0.23894142 0.48197317 -0.64764486
v -0.27020645 0.44466551 -0.65054728
v -0.29761797 0.40290262 -0.65313341
v -0.32119140 0.35721333 -0.65540219
v -0.34097615 0.30817885 -0.65735528
v -0.35704527 0.25642127 -0.65899621
v -0.36948523 0.20259079 -0.66032955
v -0.37838690 0.14735377 -0.66136020
v -0.38383703 0.09137957 -0.66209267
v -0.38591179 0.03532843 -0.66253058
v -0.38467143 -0.02015982 -0.66267628
v -0.38015718 -0.07447602 -0.66253058
v -0.37238958 -0.12705091 -0.66209267
v -0.36136929 -0.17736168 -0.66136020
v -0.34707942 -0.22493764 -0.66032955
v -0.32949003 -0.26936410 -0.65899621
v -0.30856387 -0.31028373 -0.65735528
v -0.28426437 -0.34739699 -0.65540220
v -0.25656364 -0.38046124 -0.65313341
v -0.22545273 -0.40928702 -0.65054728
v -0.19095126 -0.43373533 -0.64764487
v -0.15311739 -0.45371333 -0.64443085
v -0.11205818 -0.46916886 -0.64091432
v -0.06793726 -0.48008626 -0.63710952
v -0.02098384 -0.48648109 -0.63303654
v 0.02850318 -0.48839588 -0.62872169
v 0.08014992 -0.48589601 -0.62419793
v 0.13350794 -0.47906644 -0.61950483
v 0.18805524 -0.46800903 -0.61468847
v 0.24319997 -0.45284101 -0.60980110
v 0.29828982 -0.43369361 -0.60490029
v 0.35262013 -0.41071213 -0.60004829
v 0.40544897 -0.38405599 -0.59531065
v 0.45601153 -0.35389995 -0.59075498
v 0.50353670 -0.32043570 -0.58644954
v 0.54726736 -0.28387296 -0.58246143
v 0.58647792 -0.24444264 -0.57885511
v 0.62049530 -0.20239709 -0.57569054
v 0.64871591 -0.15801397 -0.57302172
v 0.67062418 -0.11159627 -0.57089508
v 0.68580729 -0.06347418 -0.56934821
v 0.69396719 -0.01400671 -0.56840879
v 0.69357521 0.03634874 -0.54025803
v 0.68728768 0.08737301 -0.54057373
v 0.67383316 0.13849943 -0.54151514
v 0.65343066 0.18926246 -0.54306524
v 0.62642329 0.23917581 -0.54519630
v 0.59326946 0.28773624 -0.54787056
v 0.55452914 0.33442909 -0.55104146
v 0.51084934 0.37873451 -0.55465484
v 0.46294639 0.42013421 -0.55865050
v 0.41158625 0.45811986 -0.56296385
v 0.35756557 0.49220160 -0.56752751
v 0.30169133 0.52191697 -0.57227311
v 0.24476217 0.54684067 -0.57713282
v 0.18755042 0.56659367 -0.58204090
v 0.13078638 0.58085230 -0.58693501
v 0.07514463 0.58935742 -0.59175742
v 0.02123344 0.59192120 -0.59645584
v -0.03041313 0.58843388 -0.60098410
v -0.07934042 0.57886897 -0.60530261
v -0.12517470 0.56328592 -0.60937845
v -0.16762250 0.54183125 -0.61318530
v -0.20646713 0.51473852 -0.61670316
v -0.24156302 0.48232422 -0.61991786
v -0.27282791 0.44498365 -0.62282041
v -0.30023399 0.40318336 -0.62540624
v -0.32379802 0.35745253 -0.62767440
v -0.34357085 0.30837276 -0.62962665
v -0.35962674 0.25656645 -0.63126664
v -0.37205347 0.20268424 -0.63259907
v -0.38094291 0.14739303 -0.63362889
v -0.38638278 0.09136266 -0.63436072
v -0.38844982 0.03525399 -0.63479823
v -0.38720480 -0.02029259 -0.63494379
v -0.38268909 -0.07466728 -0.63479823
v -0.37492314 -0.12730021 -0.63436072
v -0.36390719 -0.17766788 -0.63362889
v -0.34962382 -0.22529903 -0.63259907
v -0.33204219 -0.26977829 -0.63126664
v -0.31112408 -0.31074780 -0.62962665
v -0.28683170 -0.34790738 -0.62767440
v -0.25913595 -0.38101388 -0.62540624
v -0.22802657 -0.40987740 -0.62282041
v -0.19352184 -0.43435849 -0.61991787
v -0.15567866 -0.45436394 -0.61670316
v -0.11460303 -0.46984126 -0.61318530
v -0.07045775 -0.48077463 -0.60937845
v -0.02347122 -0.48717946 -0.60530262
v 0.02605802 -0.48909815 -0.60098409
v 0.07775617 -0.48659612 -0.59645584
v 0.13117451 -0.47975838 -0.59175743
v 0.18579045 -0.46868692 -0.58693501
v 0.24101117 -0.45349925 -0.58204090
v 0.29618307 -0.43432678 -0.57713282
v 0.35059993 -0.41131525 -0.57227312
v 0.40351792 -0.38462439 -0.56752753
v 0.45417021 -0.35442939 -0.56296384
v 0.50178346 -0.32092244 -0.55865051
v 0.54559837 -0.28431371 -0.55465483
v 0.58488707 -0.24483465 -0.55104146
v 0.61897413 -0.20273813 -0.54787056
v 0.64725436 -0.15830235 -0.54519629
v 0.66921023 -0.11183079 -0.54306525
v 0.68442764 -0.06365419 -0.54151513
v 0.69260734 -0.01413207 -0.54057373
v 0.68986966 0.03615454 -0.51262816
v 0.68359471 0.08711460 -0.51294306
v 0.67017071 0.13817830 -0.51388209
v 0.64981581 0.18888062 -0.51542832
v 0.62287202 0.23873570 -0.51755409
v 0.58979584 0.28724075 -0.52022182
v 0.55114511 0.33388160 -0.52338512
v 0.50756464 0.37813865 -0.52699005
v 0.45976789 0.41949405 -0.53097663
v 0.40851817 0.45743983 -0.53528051
v 0.35460937 0.49148636 -0.53983457
v 0.29884585 0.52117152 -0.54457063
v 0.24202368 0.54607015 -0.54942111
v 0.18491294 0.56580355 -0.55432045
v 0.12824201 0.58004826 -0.55920649
v 0.07268387 0.58854523 -0.56402163
v 0.01884566 0.59110686 -0.56871368
v -0.03273933 0.58762343 -0.57323655
v -0.08161677 0.57806847 -0.57755066
v -0.12741279 0.56250145 -0.58162308
v -0.16983350 0.54106897 -0.58542746
v -0.20866132 0.51400422 -0.58894373
v -0.24374959 0.48162383 -0.59215761
v -0.27501464 0.44432277 -0.59505999
v -0.30242726 0.40256726 -0.59764619
v -0.32600252 0.35688625 -0.59991509
v -0.34578967 0.30786084 -0.60186835
v -0.36186142 0.25611300 -0.60350946
v -0.37430403 0.20229280 -0.60484299
v -0.38320814 0.14706659 -0.60587380
v -0.38866031 0.09110356 -0.60660639
v -0.39073659 0.03506390 -0.60704439
v -0.38949714 -0.02041273 -0.60719012
v -0.38498321 -0.07471727 -0.60704439
v -0.37721528 -0.12728060 -0.60660639
v -0.36619413 -0.17758002 -0.60587380
v -0.35190296 -0.22514498 -0.60484299
v -0.33431202 -0.26956088 -0.60350946
v -0.31338427 -0.31047062 -0.60186835
v -0.28908332 -0.34757463 -0.59991510
v -0.26138163 -0.38063048 -0.59764619
v -0.23027041 -0.40944872 -0.59505999
v -0.19576964 -0.43389047 -0.59215762
v -0.15793759 -0.45386302 -0.58894373
v -0.11688160 -0.46931418 -0.58542747
v -0.07276558 -0.48022840 -0.58162308
v -0.02581877 -0.48662125 -0.57755066
v 0.02365986 -0.48853526 -0.57323654
v 0.07529635 -0.48603583 -0.56871368
v 0.12864235 -0.47920788 -0.56402164
v 0.18317596 -0.46815324 -0.55920649
v 0.23830556 -0.45298918 -0.55432045
v 0.29337904 -0.43384676 -0.54942110
v 0.34769211 -0.41087129 -0.54457064
v 0.40050315 -0.38422205 -0.53983458
v 0.45104783 -0.35407378 -0.53528051
v 0.49855544 -0.32061806 -0.53097664
v 0.54226933 -0.28406447 -0.52699004
v 0.58146435 -0.24464388 -0.52338512
v 0.61546781 -0.20260848 -0.52022181
v 0.64367654 -0.15823586 -0.51755408
v 0.66557532 -0.11182889 -0.51542832
v 0.68075163 -0.06371767 -0.51388209
v 0.68890759 -0.01426110 -0.51294306
v 0.68386205 0.03583969 -0.48519998
v 0.67762207 0.08662023 -0.48551265
v 0.66428331 0.13750856 -0.48644503
v 0.64406181 0.18804108 -0.48798038
v 0.61729567 0.23773326 -0.49009137
v 0.58443665 0.28608354 -0.49274084
v 0.54603662 0.33257888 -0.49588291
v 0.50273363 0.37670075 -0.49946421
v 0.45523386 0.41793234 -0.50342542
v 0.40429287 0.45576660 -0.50770283
v 0.35069698 0.48971464 -0.51223000
v 0.29524298 0.51931524 -0.51693941
v 0.23871994 0.54414390 -0.52176407
v 0.18189166 0.56382251 -0.52663899
v 0.12548107 0.57802828 -0.53150246
v 0.07015676 0.58650258 -0.53629728
v 0.01652258 0.58905808 -0.54097153
v -0.03489024 0.58558540 -0.54547930
v -0.08362827 0.57605828 -0.54978111
v -0.12931738 0.56053614 -0.55384398
v -0.17166226 0.53916553 -0.55764145
v -0.21044309 0.51217934 -0.56115325
v -0.24551003 0.47989372 -0.56436484
v -0.27677567 0.44270301 -0.56726677
v -0.30420651 0.40107287 -0.56985398
v -0.32781320 0.35553108 -0.57212500
v -0.34764043 0.30665762 -0.57408106
v -0.36375642 0.25507324 -0.57572529
v -0.37624346 0.20142647 -0.57706190
v -0.38518849 0.14638199 -0.57809546
v -0.39067515 0.09060728 -0.57883020
v -0.39277721 0.03476056 -0.57926957
v -0.39155339 -0.02052049 -0.57941576
v -0.38704435 -0.07462888 -0.57926957
v -0.37927096 -0.12699763 -0.57883020
v -0.36823520 -0.17710618 -0.57809546
v -0.35392233 -0.22448612 -0.57706190
v -0.33630532 -0.26872493 -0.57572529
v -0.31535065 -0.30946744 -0.57408105
v -0.29102574 -0.34641612 -0.57212500
v -0.26330734 -0.37933023 -0.56985398
v -0.23219109 -0.40802197 -0.56726677
v -0.19770125 -0.43235384 -0.56436484
v -0.15990033 -0.45223434 -0.56115325
v -0.11889934 -0.46761235 -0.55764146
v -0.07486516 -0.47847297 -0.55384398
v -0.02802938 -0.48483233 -0.54978111
v 0.02130768 -0.48673326 -0.54547930
v 0.07277183 -0.48424110 -0.54097153
v 0.12591555 -0.47744055 -0.53629729
v 0.18021900 -0.46643295 -0.53150246
v 0.23509376 -0.45133486 -0.52663899
v 0.28989203 -0.43227643 -0.52176407
v 0.34391492 -0.40940178 -0.51693942
v 0.39642701 -0.38286902 -0.51223001
v 0.44667080 -0.35285136 -0.50770283
v 0.49388300 -0.31953888 -0.50342543
v 0.53731448 -0.28313945 -0.49946421
v 0.57624767 -0.24388226 -0.49588291
v 0.61001696 -0.20201779 -0.49274084
v 0.63802595 -0.15782180 -0.49009136
v 0.65976504 -0.11159541 -0.48798039
v 0.67482653 -0.06366700 -0.48644503
v 0.68291599 -0.01439374 -0.48551265
v 0.67568620 0.03541121 -0.45796182
v 0.66950242 0.08590361 -0.45827089
v 0.65630065 0.13651047 -0.45919260
v 0.63629310 0.18677050 -0.46071050
v 0.60981203 0.23620122 -0.46279779
v 0.57730150 0.28430306 -0.46541794
v 0.53930388 0.33056484 -0.46852592
v 0.49644631 0.37446982 -0.47206930
v 0.44942315 0.41550268 -0.47598978
v 0.39897777 0.45315789 -0.48022471
v 0.34588397 0.48694794 -0.48470873
v 0.29092677 0.51641282 -0.48937536
v 0.23488386 0.54112912 -0.49415859
v 0.17850890 0.56071993 -0.49899430
v 0.12251617 0.57486314 -0.50382156
v 0.06756713 0.58330095 -0.50858375
v 0.01426043 0.58584663 -0.51322944
v -0.03687607 0.58239130 -0.51771299
v -0.08539034 0.57290879 -0.52199504
v -0.13090781 0.55745867 -0.52604259
v -0.17313102 0.53618731 -0.52982898
v -0.21183643 0.50932720 -0.53333361
v -0.24686912 0.47719366 -0.53654150
v -0.27813569 0.44018024 -0.53944270
v -0.30559580 0.39875119 -0.54203155
v -0.32925295 0.35343285 -0.54430595
v -0.34914442 0.30480336 -0.54626651
v -0.36533150 0.25348128 -0.54791575
v -0.37788983 0.20011284 -0.54925732
v -0.38690057 0.14536007 -0.55029528
v -0.39244258 0.08988759 -0.55103347
v -0.39458596 0.03435054 -0.55147503
v -0.39338721 -0.02061660 -0.55162198
v -0.38888605 -0.07441018 -0.55147503
v -0.38110394 -0.12646663 -0.55103347
v -0.37004471 -0.17626883 -0.55029528
v -0.35569699 -0.22335178 -0.54925732
v -0.33803818 -0.26730632 -0.54791575
v -0.31704026 -0.30778050 -0.54626651
v -0.29267692 -0.34447989 -0.54430595
v -0.26493171 -0.37716650 -0.54203155
v -0.23380737 -0.40565518 -0.53944270
v -0.19933516 -0.42981067 -0.53654151
v -0.16158418 -0.44954347 -0.53333361
v -0.12067138 -0.46480401 -0.52982898
v -0.07676856 -0.47557864 -0.52604258
v -0.03011100 -0.48188429 -0.52199504
v 0.01899887 -0.48376420 -0.51771298
v 0.07018639 -0.48128371 -0.51322943
v 0.12300545 -0.47452712 -0.50858376
v 0.17693949 -0.46359505 -0.50382155
v 0.23140521 -0.44860281 -0.49899430
v 0.28576182 -0.42967914 -0.49415859
v 0.33931899 -0.40696642 -0.48937537
v 0.39135116 -0.38062056 -0.48470875
v 0.44111210 -0.35081252 -0.48022471
v 0.48785012 -0.31772988 -0.47598979
v 0.53082838 -0.28157794 -0.47206930
v 0.56934129 -0.24258304 -0.46852592
v 0.60273490 -0.20099288 -0.46541793
v 0.63042316 -0.15708040 -0.46279778
v 0.65190607 -0.11114383 -0.46071051
v 0.66678328 -0.06350881 -0.45919259
v 0.67476591 -0.01452978 -0.45827089
v 0.66555333 0.03488017 -0.43089505
v 0.65944490 0.08498639 -0.43119931
v 0.64642666 0.13521605 -0.43210670
v 0.62670587 0.18511084 -0.43360122
v 0.60060700 0.23419113 -0.43565672
v 0.56856349 0.28196005 -0.43823760
v 0.53110516 0.32790883 -0.44129990
v 0.48884449 0.37152305 -0.44479246
v 0.44246008 0.41228958 -0.44865835
v 0.39267887 0.44970481 -0.45283635
v 0.34025813 0.48328308 -0.45726254
v 0.28596665 0.51256604 -0.46187184
v 0.23056723 0.53713190 -0.46659953
v 0.17479989 0.55660499 -0.47138269
v 0.11936717 0.57066432 -0.47616141
v 0.06492109 0.57905322 -0.48087988
v 0.01205328 0.58158580 -0.48548728
v -0.03871289 0.57815369 -0.48993837
v -0.08692727 0.56873101 -0.49419395
v -0.13221475 0.55337752 -0.49822096
v -0.17427490 0.53223909 -0.50199249
v -0.21287919 0.50554788 -0.50548752
v -0.24786602 0.47361827 -0.50869047
v -0.27913383 0.43684237 -0.51159069
v -0.30663316 0.39568284 -0.51418173
v -0.33035788 0.35066398 -0.51646067
v -0.35033554 0.30236139 -0.51842726
v -0.36661787 0.25139092 -0.52008321
v -0.37927177 0.19839550 -0.52143142
v -0.38837058 0.14403370 -0.52247528
v -0.39398670 0.08896625 -0.52321810
v -0.39618551 0.03384424 -0.52366260
v -0.39502035 -0.02070219 -0.52381056
v -0.39052977 -0.07407385 -0.52366260
v -0.38273590 -0.12571175 -0.52321810
v -0.37164531 -0.17510337 -0.52247528
v -0.35725087 -0.22178831 -0.52143142
v -0.33953601 -0.26536186 -0.52008321
v -0.31848011 -0.30547647 -0.51842726
v -0.29406522 -0.34184168 -0.51646067
v -0.26628411 -0.37422342 -0.51418174
v -0.23514894 -0.40243987 -0.51159069
v -0.20070032 -0.42635908 -0.50869048
v -0.16301627 -0.44589388 -0.50548752
v -0.12222168 -0.46099698 -0.50199250
v -0.07849494 -0.47165636 -0.49822096
v -0.03207621 -0.47789004 -0.49419395
v 0.01672915 -0.47974178 -0.48993837
v 0.06754595 -0.47727692 -0.48548728
v 0.11992991 -0.47057928 -0.48087989
v 0.17336884 -0.45974839 -0.47616140
v 0.22728638 -0.44489808 -0.47138270
v 0.28105103 -0.42615504 -0.46659953
v 0.33398395 -0.40365926 -0.46187184
v 0.38537306 -0.37756385 -0.45726255
v 0.43448676 -0.34803679 -0.45283635
v 0.48058939 -0.31526222 -0.44865835
v 0.52296021 -0.27944192 -0.44479245
v 0.56090986 -0.24079858 -0.44129990
v 0.59379985 -0.19957607 -0.43823759
v 0.62105839 -0.15604351 -0.43565672
v 0.64219788 -0.11049540 -0.43360123
v 0.65682801 -0.06325358 -0.43210670
v 0.66466761 -0.01466888 -0.43119931
v 0.65373917 0.03426102 -0.40397560
v 0.64772253 0.08389684 -0.40427399
v 0.63492773 0.13366701 -0.40516397
v 0.61555628 0.18311690 -0.40663001
v 0.58992286 0.23177034 -0.40864680
v 0.55844841 0.27913370 -0.41117981
v 0.52164693 0.32470126 -0.41418647
v 0.48011330 0.36796133 -0.41761713
v 0.43450703 0.40840342 -0.42141652
v 0.38553486 0.44552635 -0.42552518
v 0.33393388 0.47884665 -0.42988092
v 0.28045344 0.50790806 -0.43442038
v 0.22583784 0.53229058 -0.43908043
v 0.17081056 0.55162017 -0.44379959
v 0.11605998 0.56557743 -0.44851917
v 0.06222658 0.57390682 -0.45318439
v 0.00989338 0.57642337 -0.45774516
v -0.04042169 0.57301950 -0.46215671
v -0.08827078 0.56366974 -0.46638003
v -0.13327808 0.54843389 -0.47038203
v -0.17513959 0.52745748 -0.47413546
v -0.21362073 0.50097207 -0.47761878
v -0.24855168 0.46929073 -0.48081572
v -0.27982098 0.43280420 -0.48371475
v -0.30736813 0.39197298 -0.48630846
v -0.33117518 0.34731891 -0.48859292
v -0.35125779 0.29941457 -0.49056686
v -0.36765615 0.24887232 -0.49223098
v -0.38042641 0.19633133 -0.49358728
v -0.38963247 0.14244576 -0.49463833
v -0.39533893 0.08787168 -0.49538678
v -0.39760524 0.03325522 -0.49583487
v -0.39648099 -0.02077874 -0.49598405
v -0.39200328 -0.07363647 -0.49583487
v -0.38419514 -0.12476453 -0.49538678
v -0.37306627 -0.17365602 -0.49463833
v -0.35861495 -0.21985614 -0.49358728
v -0.34083186 -0.26296563 -0.49223098
v -0.31970531 -0.30264215 -0.49056685
v -0.29522767 -0.33860039 -0.48859292
v -0.26740282 -0.37061070 -0.48630846
v -0.23625443 -0.39849568 -0.48371475
v -0.20183458 -0.42212692 -0.48081573
v -0.16423207 -0.44142062 -0.47761879
v -0.12358143 -0.45633198 -0.47413547
v -0.08006919 -0.46685097 -0.47038202
v -0.03394141 -0.47299693 -0.46638004
v 0.01449305 -0.47481436 -0.46215670
v 0.06485826 -0.47236854 -0.45774515
v 0.11671221 -0.46574269 -0.45318440
v 0.16954805 -0.45503506 -0.44851917
v 0.22279786 -0.44035756 -0.44379959
v 0.27584148 -0.42183456 -0.43908043
v 0.32801405 -0.39960305 -0.43442038
v 0.37861975 -0.37381278 -0.42988093
v 0.42694512 -0.34462798 -0.42552517
v 0.47227367 -0.31222867 -0.42141652
v 0.51390455 -0.27681237 -0.41761712
v 0.55116815 -0.23859721 -0.41418647
v 0.58344463 -0.19782252 -0.41117981
v 0.61017980 -0.15475279 -0.40864679
v 0.63090094 -0.10967783 -0.40663002
v 0.64523021 -0.06291498 -0.40516397
v 0.65289556 -0.01481062 -0.40427399
v 0.64056730 0.03357071 -0.37717510
v 0.63465575 0.08266812 -0.37746678
v 0.62211684 0.13191238 -0.37833681
v 0.60314506 0.18085304 -0.37977026
v 0.57804462 0.22901796 -0.38174272
v 0.54722131 0.27591712 -0.38422097
v 0.51117164 0.32104831 -0.38716394
v 0.47047032 0.36390303 -0.39052374
v 0.42575456 0.40397381 -0.39424702
v 0.37770840 0.44076218 -0.39827631
v 0.32704579 0.47378723 -0.40255142
v 0.27449354 0.50259504 -0.40701094
v 0.22077506 0.52676765 -0.41159358
v 0.16659491 0.54593309 -0.41623948
v 0.11262510 0.55977352 -0.42089138
v 0.05949293 0.56803474 -0.42549565
v 0.00777163 0.57053297 -0.43000303
v -0.04202712 0.56716141 -0.43436932
v -0.08945812 0.55789510 -0.43855574
v -0.13414472 0.54279382 -0.44252910
v -0.17577890 0.52200301 -0.44626182
v -0.21411909 0.49575299 -0.44973175
v -0.24898611 0.46435595 -0.45292180
v -0.28025710 0.42820059 -0.45581946
v -0.30785897 0.38774521 -0.45841624
v -0.33176022 0.34350857 -0.46070701
v -0.35196296 0.29606006 -0.46268936
v -0.36849413 0.24600801 -0.46436284
v -0.38139760 0.19398710 -0.46572840
v -0.39072643 0.14064660 -0.46678768
v -0.39653631 0.08663724 -0.46754258
v -0.39887986 0.03259941 -0.46799476
v -0.39780246 -0.02084799 -0.46814536
v -0.39333947 -0.07311748 -0.46799476
v -0.38551500 -0.12366200 -0.46754258
v -0.37434231 -0.17198108 -0.46678768
v -0.35982586 -0.21762626 -0.46572840
v -0.34196465 -0.26020459 -0.46436284
v -0.32075725 -0.29937976 -0.46268935
v -0.29620783 -0.33487212 -0.46070701
v -0.26833289 -0.36645734 -0.45841624
v -0.23716937 -0.39396287 -0.45581946
v -0.20278242 -0.41726458 -0.45292181
v -0.16527324 -0.43628229 -0.44973176
v -0.12478740 -0.45097416 -0.44626183
v -0.08152063 -0.46133247 -0.44252910
v -0.03572586 -0.46737807 -0.43855574
v 0.01228408 -0.46915621 -0.43436932
v 0.06213242 -0.46673220 -0.43000303
v 0.11337973 -0.46018852 -0.42549565
v 0.16552531 -0.44962199 -0.42089138
v 0.21801085 -0.43514232 -0.41623948
v 0.27022916 -0.41687115 -0.41159357
v 0.32153144 -0.39494208 -0.40701095
v 0.37124051 -0.36950108 -0.40255144
v 0.41866357 -0.34070796 -0.39827630
v 0.46310612 -0.30873818 -0.39424703
v 0.50389018 -0.27378430 -0.39052373
v 0.54036841 -0.23605923 -0.38716394
v 0.57194293 -0.19579713 -0.38422096
v 0.59807893 -0.15325709 -0.38174271
v 0.61832114 -0.10872371 -0.37977026
v 0.63230610 -0.06250907 -0.37833680
v 0.63977194 -0.01495449 -0.37746678
v 0.62639119 0.03282777 -0.35046258
v 0.62059451 0.08133646 -0.35074692
v 0.60833528 0.13000566 -0.35159515
v 0.58980076 0.17838954 -0.35299295
v 0.56528283 0.22602024 -0.35491695
v 0.53517169 0.27241184 -0.35733531
v 0.49994413 0.31706586 -0.36020864
v 0.46015272 0.35947738 -0.36349097
v 0.41641078 0.39914212 -0.36713103
v 0.36937712 0.43556463 -0.37107353
v 0.31974051 0.46826690 -0.37526048
v 0.26820323 0.49679741 -0.37963260
v 0.21546574 0.52074058 -0.38413057
v 0.16221182 0.53972644 -0.38869637
v 0.10909573 0.55343912 -0.39327427
v 0.05673033 0.56162580 -0.39781189
v 0.00567811 0.56410401 -0.40226091
v -0.04355606 0.56076777 -0.40657771
v -0.09052992 0.55159280 -0.41072377
v -0.13486586 0.53663871 -0.41466582
v -0.17625145 0.51605066 -0.41837590
v -0.21443752 0.49005821 -0.42183118
v -0.24923458 0.45897195 -0.42501369
v -0.28050746 0.42317870 -0.42790986
v -0.30816912 0.38313418 -0.43050998
v -0.33217344 0.33935408 -0.43280767
v -0.35250751 0.29240399 -0.43479920
v -0.36918390 0.24288792 -0.43648292
v -0.38223301 0.19143567 -0.43785860
v -0.39169612 0.13869118 -0.43892688
v -0.39761905 0.08529930 -0.43968883
v -0.40004709 0.03189419 -0.44014550
v -0.39902088 -0.02091185 -0.44029763
v -0.39457403 -0.07253814 -0.44014550
v -0.38673165 -0.12244457 -0.43968883
v -0.37551108 -0.17013772 -0.43892688
v -0.36092338 -0.21517615 -0.43785860
v -0.34297679 -0.25717367 -0.43648292
v -0.32168098 -0.29580064 -0.43479920
v -0.29705302 -0.33078354 -0.43280767
v -0.26912336 -0.36190398 -0.43050998
v -0.23794329 -0.38899463 -0.42790986
v -0.20359235 -0.41193602 -0.42501370
v -0.16618520 -0.43065190 -0.42183118
v -0.12587955 -0.44510381 -0.41837590
v -0.08288122 -0.45528640 -0.41466581
v -0.03745056 -0.46122227 -0.41072377
v 0.01009519 -0.46295744 -0.40657770
v 0.05937836 -0.46055729 -0.40226091
v 0.10996235 -0.45410343 -0.39781189
v 0.16135315 -0.44369118 -0.39327427
v 0.21300300 -0.42942786 -0.38869638
v 0.26431889 -0.41143204 -0.38413057
v 0.31466957 -0.38983370 -0.37963260
v 0.36339822 -0.36477457 -0.37526050
v 0.40983461 -0.33640978 -0.37107353
v 0.45330848 -0.30490967 -0.36713104
v 0.49316650 -0.27046135 -0.36349096
v 0.52878613 -0.23327222 -0.36020864
v 0.55959279 -0.19357057 -0.35733531
v 0.58507370 -0.15160978 -0.35491694
v 0.60479243 -0.10766857 -0.35299295
v 0.61840073 -0.06205337 -0.35159514
v 0.62564852 -0.01509993 -0.35074692
v 0.61157467 0.03205127 -0.32380614
v 0.60589906 0.07993916 -0.32408274
v 0.59393490 0.12800196 -0.32490796
v 0.57586127 0.17579868 -0.32626818
v 0.55195771 0.22286607 -0.32814110
v 0.52259740 0.26872244 -0.33049630
v 0.48823674 0.31287332 -0.33329619
v 0.44940488 0.35481747 -0.33649683
v 0.40668985 0.39405403 -0.34004913
v 0.36072387 0.43009079 -0.34390012
v 0.31216919 0.46245263 -0.34799410
v 0.26170219 0.49069070 -0.35227405
v 0.20999911 0.51439191 -0.35668276
v 0.15772196 0.53318849 -0.36116408
v 0.10550611 0.54676636 -0.36566395
v 0.05394926 0.55487443 -0.37013128
v 0.00360258 0.55733161 -0.37451875
v -0.04503626 0.55403271 -0.37878337
v -0.09152802 0.54495386 -0.38288687
v -0.13549421 0.53015505 -0.38679590
v -0.17661766 0.50978087 -0.39048210
v -0.21464120 0.48405991 -0.39392194
v -0.24936452 0.45330135 -0.39709651
v -0.28063939 0.41789001 -0.39999110
v -0.30836411 0.37827876 -0.40259475
v -0.33247708 0.33498010 -0.40489972
v -0.35294971 0.28855557 -0.40690096
v -0.36977919 0.23960468 -0.40859547
v -0.38298190 0.18875212 -0.40998182
v -0.39258656 0.13663613 -0.41105959
v -0.39862872 0.08389538 -0.41182898
v -0.40114582 0.03115746 -0.41229037
v -0.40017360 -0.02097226 -0.41244412
v -0.39574374 -0.07192028 -0.41229037
v -0.38788255 -0.12115389 -0.41182898
v -0.37661145 -0.16818700 -0.41105959
v -0.36194869 -0.21258559 -0.40998182
v -0.34391200 -0.25397065 -0.40859547
v -0.32252303 -0.29201950 -0.40690096
v -0.29781223 -0.32646527 -0.40489972
v -0.26982480 -0.35709558 -0.40259475
v -0.23862732 -0.38374871 -0.39999110
v -0.20431431 -0.40631012 -0.39709652
v -0.16701473 -0.42470778 -0.39392194
v -0.12689911 -0.43890661 -0.39048210
v -0.08418384 -0.44890396 -0.38679590
v -0.03913715 -0.45472409 -0.38288688
v 0.00791910 -0.45641394 -0.37878337
v 0.05660629 -0.45403894 -0.37451875
v 0.10649081 -0.44767984 -0.37013129
v 0.15708569 -0.43743022 -0.36566394
v 0.20785434 -0.42339501 -0.36116408
v 0.25821861 -0.40568957 -0.35668275
v 0.30756582 -0.38444001 -0.35227405
v 0.35526064 -0.35978357 -0.34799411
v 0.40065660 -0.33187043 -0.34390012
v 0.44310898 -0.30086557 -0.34004914
v 0.48199044 -0.26695042 -0.33649682
v 0.51670463 -0.23032638 -0.33329619
v 0.54670174 -0.19121576 -0.33049630
v 0.57149181 -0.14986575 -0.32814109
v 0.59065837 -0.10654898 -0.32626819
v 0.60386973 -0.06156591 -0.32490796
v 0.61088752 -0.01524637 -0.32408274
v 0.59647364 0.03125986 -0.29717465
v 0.59092187 0.07851270 -0.29744334
v 0.57925952 0.12595519 -0.29824504
v 0.56165748 0.17315131 -0.29956680
v 0.53838228 0.21964244 -0.30138746
v 0.50979011 0.26495130 -0.30367806
v 0.47631631 0.30858749 -0.30640282
v 0.43846606 0.35005352 -0.30951988
v 0.39680142 0.38885211 -0.31298242
v 0.35192767 0.42449423 -0.31673979
v 0.30447973 0.45650785 -0.32073867
v 0.25510762 0.48444678 -0.32492432
v 0.20446268 0.50790052 -0.32924172
v 0.15318467 0.52650343 -0.33363664
v 0.10188973 0.53994341 -0.33805667
v 0.05115999 0.54797115 -0.34245211
v 0.00153504 0.55040670 -0.34677663
v -0.04649479 0.54714593 -0.35098787
v -0.09249343 0.53816550 -0.35504783
v -0.13608136 0.52352552 -0.35892309
v -0.17693665 0.50337000 -0.36258485
v -0.21479395 0.47792686 -0.36600890
v -0.24944183 0.44750365 -0.36917534
v -0.28071871 0.41248289 -0.37206832
v -0.30850798 0.37331486 -0.37467557
v -0.33273209 0.33050867 -0.37698801
v -0.35334636 0.28462174 -0.37899916
v -0.37033253 0.23624902 -0.38070471
v -0.38369232 0.18600992 -0.38210197
v -0.39344185 0.13453681 -0.38318946
v -0.39960595 0.08246215 -0.38396645
v -0.40221413 0.03040673 -0.38443267
v -0.40129717 -0.02103114 -0.38458808
v -0.39688468 -0.07128535 -0.38443267
v -0.38900423 -0.11983065 -0.38396645
v -0.37768150 -0.16618860 -0.38318946
v -0.36294185 -0.20993265 -0.38210197
v -0.34481307 -0.25069122 -0.38070471
v -0.32332871 -0.28814871 -0.37899915
v -0.29853323 -0.32204495 -0.37698801
v -0.27048676 -0.35217391 -0.37467558
v -0.23927140 -0.37837950 -0.37206832
v -0.20499720 -0.40055220 -0.36917535
v -0.16780774 -0.41862432 -0.36600890
v -0.12788648 -0.43256430 -0.36258486
v -0.08546076 -0.44237207 -0.35892308
v -0.04080684 -0.44807383 -0.35504783
v 0.00574869 -0.44971737 -0.35098786
v 0.05382623 -0.44736808 -0.34677663
v 0.10299523 -0.44110590 -0.34245212
v 0.15277594 -0.43102268 -0.33805667
v 0.20264312 -0.41722085 -0.33363664
v 0.25203396 -0.39981242 -0.32924172
v 0.30035471 -0.37891963 -0.32492433
v 0.34699190 -0.35467512 -0.32073868
v 0.39132358 -0.32722401 -0.31673979
v 0.43273097 -0.29672577 -0.31298243
v 0.47061355 -0.26335601 -0.30951988
v 0.50440151 -0.22731005 -0.30640282
v 0.53357044 -0.18880401 -0.30367805
v 0.55765391 -0.14807877 -0.30138744
v 0.57625572 -0.10540081 -0.29956681
v 0.58906080 -0.06106434 -0.29824504
v 0.59584328 -0.01539326 -0.29744334
v 0.58141994 0.03047093 -0.27053902
v 0.57599176 0.07709110 -0.27079981
v 0.56462984 0.12391557 -0.27157808
v 0.54749762 0.17051335 -0.27286154
v 0.52484864 0.21643038 -0.27463011
v 0.49702169 0.26119380 -0.27685635
v 0.46443135 0.30431719 -0.27950628
v 0.42755899 0.34530687 -0.28254009
v 0.38694091 0.38366918 -0.28591318
v 0.34315530 0.41891820 -0.28957728
v 0.29680996 0.45058477 -0.29348142
v 0.24852857 0.47822577 -0.29757314
v 0.19893789 0.50143289 -0.30179956
v 0.14865526 0.51984278 -0.30610839
v 0.09827782 0.53314551 -0.31044890
v 0.04837209 0.54109319 -0.31477271
v -0.00053382 0.54350715 -0.31903451
v -0.04795693 0.54028445 -0.32319256
v -0.09346426 0.53140204 -0.32720915
v -0.13667535 0.51692017 -0.33105076
v -0.17726350 0.49698278 -0.33468819
v -0.21495516 0.47181630 -0.33809649
v -0.24952789 0.44172705 -0.34125484
v -0.28080679 0.40709545 -0.34414621
v -0.30866035 0.36836907 -0.34675706
v -0.33299519 0.32605340 -0.34907692
v -0.35375064 0.28070216 -0.35109795
v -0.37089283 0.23290545 -0.35281450
v -0.38440916 0.18327747 -0.35422264
v -0.39430294 0.13244488 -0.35531980
v -0.40058857 0.08103379 -0.35610437
v -0.40328757 0.02965833 -0.35657541
v -0.40242561 -0.02109028 -0.35673247
v -0.39803046 -0.07065326 -0.35657541
v -0.39013077 -0.11851284 -0.35610437
v -0.37875654 -0.16419812 -0.35531980
v -0.36394038 -0.20729009 -0.35422264
v -0.34571980 -0.24742450 -0.35281450
v -0.32414047 -0.28429283 -0.35109795
v -0.29926059 -0.31764166 -0.34907693
v -0.27115524 -0.34727111 -0.34675706
v -0.23992214 -0.37303078 -0.34414621
v -0.20568660 -0.39481627 -0.34125485
v -0.16860678 -0.41256406 -0.33809649
v -0.12887920 -0.42624608 -0.33468819
v -0.08674193 -0.43586514 -0.33105075
v -0.04247934 -0.44144890 -0.32720915
v 0.00357734 -0.44304625 -0.32319255
v 0.05104751 -0.44072262 -0.31903450
v 0.09950366 -0.43455701 -0.31477272
v 0.14847324 -0.42463958 -0.31044890
v 0.19744230 -0.41107023 -0.30610840
v 0.24586339 -0.39395770 -0.30179955
v 0.29316142 -0.37342033 -0.29757315
v 0.33874500 -0.34958621 -0.29348143
v 0.38201641 -0.32259540 -0.28957728
v 0.42238272 -0.29260187 -0.28591319
v 0.45927013 -0.25977546 -0.28254008
v 0.49213528 -0.22430545 -0.27950628
v 0.52047921 -0.18640172 -0.27685635
v 0.54385854 -0.14629897 -0.27463010
v 0.56189768 -0.10425739 -0.27286155
v 0.57429812 -0.06056511 -0.27157808
v 0.58084636 -0.01554007 -0.27079981
v 0.56670802 0.02969991 -0.24387344
v 0.56139987 0.07570451 -0.24412656
v 0.55033054 0.12192772 -0.24488203
v 0.53365533 0.16794331 -0.24612822
v 0.51161550 0.21330179 -0.24784613
v 0.48453306 0.25753447 -0.25000975
v 0.45280233 0.30015896 -0.25258686
v 0.41688153 0.34068523 -0.25553965
v 0.37728156 0.37862299 -0.25882575
v 0.33455463 0.41348949 -0.26239910
v 0.28928212 0.44481857 -0.26621105
v 0.24206200 0.47216957 -0.27021138
v 0.19349699 0.49513679 -0.27434928
v 0.14418283 0.51335898 -0.27857436
v 0.09469803 0.52652812 -0.28283749
v 0.04559404 0.53439785 -0.28709161
v -0.00261228 0.53679088 -0.29129238
v -0.04944508 0.53360514 -0.29539869
v -0.09447443 0.52481821 -0.29937308
v -0.13731888 0.51049020 -0.30318196
v -0.17764711 0.49076480 -0.30679570
v -0.21517761 0.46586764 -0.31018869
v -0.24967723 0.43610335 -0.31333917
v -0.28095808 0.40185037 -0.31622898
v -0.30887417 0.36355362 -0.31884332
v -0.33331673 0.32171528 -0.32117041
v -0.35420955 0.27688518 -0.32320106
v -0.37150357 0.22964888 -0.32492830
v -0.38517221 0.18061551 -0.32634703
v -0.39520636 0.13040611 -0.32745360
v -0.40161016 0.07964065 -0.32824553
v -0.40439750 0.02892675 -0.32872127
v -0.40358909 -0.02115125 -0.32887994
v -0.39921078 -0.07004170 -0.32872127
v -0.39129239 -0.11723412 -0.32824553
v -0.37986812 -0.16226496 -0.32745360
v -0.36497750 -0.20472248 -0.32634703
v -0.34666760 -0.24424963 -0.32492830
v -0.32499586 -0.28054473 -0.32320105
v -0.30003383 -0.31336091 -0.32117041
v -0.27187127 -0.34250439 -0.31884333
v -0.24062086 -0.36783027 -0.31622898
v -0.20642296 -0.38923896 -0.31333918
v -0.16944983 -0.40667120 -0.31018870
v -0.12991065 -0.42010230 -0.30679571
v -0.08805404 -0.42953763 -0.30318195
v -0.04417216 -0.43500667 -0.29937309
v 0.00139915 -0.43655909 -0.29539868
v 0.04827838 -0.43426039 -0.29129238
v 0.09604097 -0.42818873 -0.28709162
v 0.14422135 -0.41843257 -0.28283749
v 0.19231663 -0.40508945 -0.27857437
v 0.23979416 -0.38826481 -0.27434928
v 0.28609724 -0.36807327 -0.27021138
v 0.33065566 -0.34463846 -0.26621106
v 0.37289540 -0.31809547 -0.26239910
v 0.41224881 -0.28859301 -0.25882575
v 0.44816804 -0.25629528 -0.25553965
v 0.48013533 -0.22138559 -0.25258686
v 0.50767652 -0.18406787 -0.25000975
v 0.53037090 -0.14457075 -0.24784612
v 0.54786258 -0.10314834 -0.24612823
v 0.55986937 -0.06008283 -0.24488202
v 0.56618946 -0.01568635 -0.24412656
v 0.55258492 0.02895975 -0.21715628
v 0.54739108 0.07437829 -0.21740209
v 0.53660023 0.12002903 -0.21813585
v 0.52036018 0.16549032 -0.21934657
v 0.49890042 0.21031699 -0.22101623
v 0.47252685 0.25404442 -0.22312023
v 0.44161449 0.29619390 -0.22562801
v 0.40659948 0.33627899 -0.22850369
v 0.36796896 0.37381251 -0.23170693
v 0.32625001 0.40831483 -0.23519389
v 0.28199885 0.43932251 -0.23891808
v 0.23578915 0.46639745 -0.24283139
v 0.18820065 0.48913630 -0.24688502
v 0.13980859 0.50717980 -0.25103036
v 0.09117366 0.52022162 -0.25521982
v 0.04283296 0.52801717 -0.25940759
v -0.00470730 0.53039037 -0.26355026
v -0.05097808 0.52723981 -0.26760730
v -0.09555232 0.51854365 -0.27154152
v -0.13804769 0.50436226 -0.27531922
v -0.17812845 0.48483871 -0.27891042
v -0.21550554 0.46019784 -0.28228884
v -0.24993554 0.43074298 -0.28543181
v -0.28121824 0.39685053 -0.28832013
v -0.30919385 0.35896279 -0.29093780
v -0.33373902 0.31757896 -0.29327177
v -0.35476260 0.27324499 -0.29531157
v -0.37220119 0.22654225 -0.29704900
v -0.38601479 0.17807501 -0.29847780
v -0.39618258 0.12845895 -0.29959333
v -0.40269895 0.07830819 -0.30039229
v -0.40557037 0.02822413 -0.30087249
v -0.40481293 -0.02121539 -0.30103268
v -0.40045067 -0.06946553 -0.30087249
v -0.39251450 -0.11602276 -0.30039229
v -0.38104252 -0.16043050 -0.29959333
v -0.36608102 -0.20228400 -0.29847780
v -0.34768613 -0.24123296 -0.29704900
v -0.32592638 -0.27698232 -0.29531157
v -0.30088617 -0.30929136 -0.29327178
v -0.27266907 -0.33797216 -0.29093781
v -0.24140222 -0.36288502 -0.28832013
v -0.20724016 -0.38393496 -0.28543182
v -0.17036859 -0.40106681 -0.28228884
v -0.13100881 -0.41425904 -0.27891043
v -0.08941942 -0.42351941 -0.27531921
v -0.04590001 -0.42887921 -0.27154152
v -0.00079080 -0.43038887 -0.26760730
v 0.04552581 -0.42811390 -0.26355025
v 0.09262807 -0.42213167 -0.25940760
v 0.14005708 -0.41252907 -0.25521981
v 0.18732045 -0.39940126 -0.25103036
v 0.23389962 -0.38285084 -0.24688502
v 0.27925539 -0.36298850 -0.24283139
v 0.32283779 -0.33993382 -0.23891809
v 0.36409538 -0.31381726 -0.23519388
v 0.40248439 -0.28478234 -0.23170694
v 0.43748171 -0.25298791 -0.22850368
v 0.46859431 -0.21861170 -0.22562801
v 0.49537124 -0.18185195 -0.22312023
v 0.51741347 -0.14293142 -0.22101622
v 0.53438392 -0.10209851 -0.21934657
v 0.54601581 -0.05962975 -0.21813585
v 0.55211878 -0.01583171 -0.21740209
v 0.53924500 0.02826063 -0.19037049
v 0.53415783 0.07313234 -0.19060949
v 0.52362687 0.11824894 -0.19132298
v 0.50779282 0.16319305 -0.19250059
v 0.48687416 0.20752353 -0.19412525
v 0.46116202 0.25077949 -0.19617363
v 0.43101325 0.29248580 -0.19861672
v 0.39684356 0.33215921 -0.20142043
v 0.35911750 0.36931555 -0.20454638
v 0.31833902 0.40347806 -0.20795272
v 0.27504086 0.43418590 -0.21159502
v 0.22977390 0.46100330 -0.21542715
v 0.18309660 0.48352896 -0.21940215
v 0.13556490 0.50140572 -0.22347308
v 0.08772295 0.51432890 -0.22759380
v 0.04009446 0.52205523 -0.23171966
v -0.00682432 0.52440980 -0.23580812
v -0.05257070 0.52129203 -0.23981920
v -0.09672030 0.51268068 -0.24371592
v -0.13888998 0.49863603 -0.24746454
v -0.17873983 0.47930080 -0.25103471
v -0.21597376 0.45489917 -0.25439952
v -0.25033878 0.42573296 -0.25753550
v -0.28162325 0.39217686 -0.26042243
v -0.30965445 0.35467080 -0.26304321
v -0.33429530 0.31371102 -0.26538360
v -0.35544087 0.26983999 -0.26743194
v -0.37301433 0.22363513 -0.26917887
v -0.38696326 0.17569610 -0.27061708
v -0.39725576 0.12663362 -0.27174097
v -0.40387711 0.07705641 -0.27254647
v -0.40682701 0.02756005 -0.27303084
v -0.40611715 -0.02128374 -0.27319246
v -0.40176985 -0.06893644 -0.27303084
v -0.39381705 -0.11490100 -0.27254647
v -0.38230062 -0.15872735 -0.27174097
v -0.36727296 -0.20001725 -0.27061708
v -0.34879869 -0.23842672 -0.26917887
v -0.32695685 -0.27366688 -0.26743194
v -0.30184371 -0.30550278 -0.26538360
v -0.27357575 -0.33375182 -0.26304321
v -0.24229354 -0.35827929 -0.26042243
v -0.20816491 -0.37899456 -0.25753551
v -0.17138813 -0.39584608 -0.25439952
v -0.13219570 -0.40881541 -0.25103471
v -0.09085565 -0.41791256 -0.24746454
v -0.04767445 -0.42317041 -0.24371593
v -0.00299641 -0.42464021 -0.23981919
v 0.04279524 -0.42238738 -0.23580812
v 0.08928137 -0.41648862 -0.23171967
v 0.13600931 -0.40702930 -0.22759380
v 0.18249645 -0.39410243 -0.22347308
v 0.22823742 -0.37780774 -0.21940214
v 0.27270926 -0.35825264 -0.21542715
v 0.31538103 -0.33555269 -0.21159503
v 0.35572215 -0.30983394 -0.20795272
v 0.39321137 -0.28123527 -0.20454638
v 0.42734860 -0.24991044 -0.20142043
v 0.45766354 -0.21603204 -0.19861672
v 0.48372739 -0.17979285 -0.19617363
v 0.50516110 -0.14141034 -0.19412524
v 0.52164524 -0.10112747 -0.19250060
v 0.53292739 -0.05921551 -0.19132298
v 0.53882779 -0.01597584 -0.19060949
v 0.52682762 0.02760987 -0.16350387
v 0.52183821 0.07198097 -0.16373662
v 0.51154503 0.11660856 -0.16443158
v 0.49608277 0.16107921 -0.16557888
v 0.47565952 0.20495542 -0.16716233
v 0.45055284 0.24777980 -0.16915979
v 0.42110318 0.28908035 -0.17154366
v 0.38770728 0.32837681 -0.17428149
v 0.35080932 0.36518796 -0.17733667
v 0.31089182 0.39903942 -0.18066921
v 0.26846614 0.42947270 -0.18423654
v 0.22406225 0.45605428 -0.18799434
v 0.17821908 0.47838484 -0.19189736
v 0.13147501 0.49610896 -0.19590017
v 0.08435903 0.50892347 -0.19995796
v 0.03738256 0.51658645 -0.20402715
v -0.00896728 0.51892392 -0.20806598
v -0.05423357 0.51583627 -0.21203498
v -0.09799443 0.50730252 -0.21589738
v -0.13986592 0.49338303 -0.21961938
v -0.17950439 0.47422027 -0.22317028
v -0.21660725 0.45003758 -0.22652264
v -0.25091283 0.42113570 -0.22965222
v -0.28219889 0.38788756 -0.23253788
v -0.31028093 0.35073087 -0.23516150
v -0.33500943 0.31015922 -0.23750777
v -0.35626670 0.26671206 -0.23956393
v -0.37396360 0.22096294 -0.24131956
v -0.38803643 0.17350752 -0.24276638
v -0.39844305 0.12495183 -0.24389792
v -0.40516056 0.07589969 -0.24470942
v -0.40818228 0.02694136 -0.24519759
v -0.40751595 -0.02135705 -0.24536052
v -0.40318236 -0.06846280 -0.24519759
v -0.39521438 -0.11388477 -0.24470942
v -0.38365720 -0.15717888 -0.24389792
v -0.36856902 -0.19795281 -0.24276638
v -0.35002208 -0.23586842 -0.24131956
v -0.32810511 -0.27064237 -0.23956393
v -0.30292519 -0.30204512 -0.23750777
v -0.27461066 -0.32989893 -0.23516151
v -0.24331439 -0.35407359 -0.23253788
v -0.20921634 -0.37448246 -0.22965222
v -0.17252633 -0.39107733 -0.22652265
v -0.13348715 -0.40384257 -0.22317029
v -0.09237534 -0.41279038 -0.21961937
v -0.04950377 -0.41795488 -0.21589739
v -0.00522045 -0.41938815 -0.21203497
v 0.04009060 -0.41715559 -0.20806598
v 0.08601268 -0.41133321 -0.20402716
v 0.13209880 -0.40200508 -0.19995796
v 0.17787531 -0.38926220 -0.19590018
v 0.22284890 -0.37320161 -0.19189735
v 0.26651158 -0.35392775 -0.18799435
v 0.30834966 -0.33155252 -0.18423655
v 0.34785178 -0.30619800 -0.18066921
v 0.38451724 -0.27799868 -0.17733667
v 0.41786700 -0.24710383 -0.17428149
v 0.44745179 -0.21368111 -0.17154366
v 0.47286278 -0.17791855 -0.16915979
v 0.49373945 -0.14002854 -0.16716233
v 0.50977838 -0.10024925 -0.16557888
v 0.52074032 -0.05884700 -0.16443158
v 0.52645531 -0.01611852 -0.16373662
v 0.51541922 0.02701198 -0.13654888
v 0.51051768 0.07093301 -0.13677601
v 0.50043831 0.11512098 -0.13745431
v 0.48531026 0.15916595 -0.13857435
v 0.46533241 0.20263377 -0.14012076
v 0.44077012 0.24507011 -0.14207243
v 0.41194894 0.28600588 -0.14440307
v 0.37924869 0.32496355 -0.14708167
v 0.34309520 0.36146425 -0.15007322
v 0.30395180 0.39503603 -0.15333941
v 0.26231048 0.42522252 -0.15683935
v 0.21868251 0.45159211 -0.16053033
v 0.17358931 0.47374726 -0.16436862
v 0.12755335 0.49133405 -0.16831020
v 0.08109004 0.50405092 -0.17231141
v 0.03469975 0.51165691 -0.17632965
v -0.01113858 0.51397910 -0.18032385
v -0.05597327 0.51091855 -0.18425502
v -0.09938462 0.50245445 -0.18808657
v -0.14098805 0.48864752 -0.19178463
v -0.18043647 0.46963982 -0.19531822
v -0.21742151 0.44565400 -0.19865939
v -0.25167360 0.41698970 -0.20178320
v -0.28296114 0.38401840 -0.20466772
v -0.31108892 0.34717583 -0.20729390
v -0.33589615 0.30695325 -0.20964545
v -0.35725384 0.26388712 -0.21170864
v -0.37506179 0.21854772 -0.21347210
v -0.38924591 0.17152703 -0.21492664
v -0.39975522 0.12342701 -0.21606507
v -0.40655913 0.07484693 -0.21688196
v -0.40964544 0.02637231 -0.21737356
v -0.40901827 -0.02143578 -0.21753767
v -0.40469699 -0.06804981 -0.21737356
v -0.39671533 -0.11298397 -0.21688196
v -0.38512157 -0.15579957 -0.21606507
v -0.36997889 -0.19610963 -0.21492664
v -0.35136672 -0.23358122 -0.21347210
v -0.32938214 -0.26793606 -0.21170864
v -0.30414217 -0.29894937 -0.20964545
v -0.27578580 -0.32644785 -0.20729390
v -0.24447689 -0.35030530 -0.20466772
v -0.21040633 -0.37043872 -0.20178321
v -0.17379434 -0.38680288 -0.19865939
v -0.13489291 -0.39938464 -0.19531823
v -0.09398631 -0.40819814 -0.19178463
v -0.05139311 -0.41327874 -0.18808657
v -0.00746467 -0.41467913 -0.18425501
v 0.03741431 -0.41246482 -0.18032385
v 0.08282929 -0.40671116 -0.17632966
v 0.12833839 -0.39750092 -0.17231141
v 0.17347601 -0.38492343 -0.16831020
v 0.21775973 -0.36907337 -0.16436862
v 0.26069489 -0.35005236 -0.16053033
v 0.30178346 -0.32796907 -0.15683936
v 0.34053131 -0.30294200 -0.15333941
v 0.37645615 -0.27510174 -0.15007323
v 0.40909796 -0.24459339 -0.14708166
v 0.43802633 -0.21158037 -0.14440307
v 0.46285041 -0.17624629 -0.14207243
v 0.48322624 -0.13879909 -0.14012075
v 0.49886489 -0.09947249 -0.13857436
v 0.50953893 -0.05852853 -0.13745430
v 0.51508725 -0.01625962 -0.13677601
v 0.50505708 0.02646892 -0.10950221
v 0.50023305 0.06999228 -0.10972439
v 0.49034272 0.11379181 -0.11038795
v 0.47550994 0.15746070 -0.11148392
v 0.45592560 0.20056767 -0.11299760
v 0.43184428 0.24266118 -0.11490882
v 0.40357843 0.28327465 -0.11719241
v 0.37149287 0.32193291 -0.11981867
v 0.33599713 0.35815932 -0.12275402
v 0.29753762 0.39148403 -0.12596159
v 0.25658933 0.42145246 -0.12940197
v 0.21364700 0.44763472 -0.13303391
v 0.16921641 0.46963491 -0.13681502
v 0.12380611 0.48710047 -0.14070249
v 0.07791946 0.49973097 -0.14465372
v 0.03204709 0.50728666 -0.14862693
v -0.01333929 0.50959529 -0.15258172
v -0.05779262 0.50655855 -0.15647945
v -0.10089518 0.49815617 -0.16028374
v -0.14226175 0.48444868 -0.16396065
v -0.18154225 0.46557798 -0.16747895
v -0.21842319 0.44176608 -0.17081022
v -0.25262805 0.41331173 -0.17392894
v -0.28391684 0.38058498 -0.17681245
v -0.31208500 0.34401999 -0.17944090
v -0.33696185 0.30410575 -0.18179711
v -0.35840826 0.26137628 -0.18386651
v -0.37631433 0.21639895 -0.18563688
v -0.39059680 0.16976241 -0.18709827
v -0.40119680 0.12206495 -0.18824277
v -0.40807707 0.07390197 -0.18906442
v -0.41122044 0.02585473 -0.18955905
v -0.41062787 -0.02152014 -0.18972420
v -0.40631746 -0.06769970 -0.18955905
v -0.39832373 -0.11220286 -0.18906442
v -0.38669763 -0.15459568 -0.18824277
v -0.37150683 -0.19449585 -0.18709827
v -0.35283700 -0.23157514 -0.18563688
v -0.33079272 -0.26555969 -0.18386651
v -0.30549967 -0.29622889 -0.18179712
v -0.27710633 -0.32341342 -0.17944090
v -0.24578624 -0.34699066 -0.17681246
v -0.21174001 -0.36688061 -0.17392895
v -0.17519693 -0.38304094 -0.17081022
v -0.13641721 -0.39546058 -0.16747895
v -0.09569192 -0.40415541 -0.16396065
v -0.05334468 -0.40916190 -0.16028375
v -0.00972980 -0.41053328 -0.15647945
v 0.03476743 -0.40833506 -0.15258171
v 0.07973436 -0.40264210 -0.14862694
v 0.12473362 -0.39353608 -0.14465372
v 0.16930676 -0.38110468 -0.14070249
v 0.21298092 -0.36544062 -0.13681502
v 0.25527330 -0.34664301 -0.13303391
v 0.29569957 -0.32481765 -0.12940198
v 0.33378098 -0.30007989 -0.12596159
v 0.36905151 -0.27255687 -0.12275402
v 0.40106784 -0.24239006 -0.11981867
v 0.42941618 -0.20973905 -0.11719241
v 0.45372167 -0.17478354 -0.11490881
v 0.47365500 -0.13772758 -0.11299759
v 0.48894002 -0.09880099 -0.11148392
v 0.49935971 -0.05826194 -0.11038794
v 0.50476063 -0.01639909 -0.10972439
v 0.49573613 0.02598043 -0.08236433
v 0.49097952 0.06915829 -0.08258221
v 0.48125333 0.11262033 -0.08323297
v 0.46667709 0.15596244 -0.08430802
v 0.44743472 0.19875590 -0.08579326
v 0.42377129 0.24055152 -0.08766933
v 0.39598791 0.28088496 -0.08991205
v 0.36443636 0.31928313 -0.09249286
v 0.32951215 0.35527127 -0.09537936
v 0.29164686 0.38838124 -0.09853600
v 0.25130072 0.41816021 -0.10192464
v 0.20895403 0.44417970 -0.10550528
v 0.16509915 0.46604527 -0.10923671
v 0.12023245 0.48340541 -0.11307717
v 0.07484682 0.49596097 -0.11698496
v 0.02942446 0.50347289 -0.12091906
v -0.01556925 0.50576981 -0.12483959
v -0.05969126 0.50275389 -0.12870829
v -0.10252552 0.49440503 -0.13248889
v -0.14368629 0.48078385 -0.13614742
v -0.18282092 0.46203221 -0.13965243
v -0.21961139 0.43837140 -0.14297510
v -0.25377521 0.41009948 -0.14608941
v -0.28506508 0.37758525 -0.14897204
v -0.31326836 0.34126143 -0.15160244
v -0.33820566 0.30161511 -0.15396272
v -0.35972917 0.25917812 -0.15603751
v -0.37772046 0.21451537 -0.15781389
v -0.39208842 0.16821256 -0.15928121
v -0.40276722 0.12086490 -0.16043100
v -0.40971387 0.07306430 -0.16125679
v -0.41290679 0.02538837 -0.16175405
v -0.41234426 -0.02161009 -0.16192010
v -0.40804332 -0.06741217 -0.16175405
v -0.40003912 -0.11154085 -0.16125679
v -0.38838489 -0.15356634 -0.16043100
v -0.37315228 -0.19311043 -0.15928121
v -0.35443232 -0.22984884 -0.15781389
v -0.33233613 -0.26351165 -0.15603751
v -0.30699704 -0.29388188 -0.15396272
v -0.27857155 -0.32079363 -0.15160245
v -0.24724176 -0.34412735 -0.14897204
v -0.21321665 -0.36380586 -0.14608941
v -0.17673344 -0.37978908 -0.14297511
v -0.13805949 -0.39206791 -0.13965243
v -0.09749175 -0.40065962 -0.13614742
v -0.05535819 -0.40560166 -0.13248889
v -0.01201573 -0.40694783 -0.12870828
v 0.03214981 -0.40476363 -0.12483959
v 0.07672745 -0.39912338 -0.12091907
v 0.12128375 -0.39010788 -0.11698496
v 0.16536645 -0.37780347 -0.11307717
v 0.20851100 -0.36230101 -0.10923670
v 0.25024490 -0.34369749 -0.10550528
v 0.29009580 -0.32209627 -0.10192465
v 0.32759816 -0.29760988 -0.09853600
v 0.36230017 -0.27036250 -0.09537936
v 0.39377301 -0.24049240 -0.09249285
v 0.42161745 -0.20815589 -0.08991205
v 0.44547238 -0.17352931 -0.08766933
v 0.46502122 -0.13681330 -0.08579326
v 0.47999895 -0.09823423 -0.08430803
v 0.49019766 -0.05804698 -0.08323297
v 0.49547062 -0.01653691 -0.08258221
v 0.48741685 0.02554443 -0.05513870
v 0.48271784 0.06842697 -0.05535289
v 0.47313199 0.11160053 -0.05599271
v 0.45877508 0.15466333 -0.05704988
v 0.43982493 0.19718882 -0.05851082
v 0.41651870 0.23872982 -0.06035685
v 0.38914775 0.27882389 -0.06256463
v 0.35805267 0.31699970 -0.06510657
v 0.32361695 0.35278418 -0.06795133
v 0.28625961 0.38571064 -0.07106443
v 0.24642816 0.41532767 -0.07440884
v 0.20459062 0.44120804 -0.07794563
v 0.16122783 0.46295851 -0.08163460
v 0.11682578 0.48022862 -0.08543487
v 0.07186843 0.49272004 -0.08930554
v 0.02683070 0.50019464 -0.09320621
v -0.01782737 0.50248146 -0.09709746
v -0.06166616 0.49948325 -0.10094133
v -0.10427110 0.49118016 -0.10470169
v -0.14525597 0.47763290 -0.10834452
v -0.18426588 0.45898293 -0.11183816
v -0.22097905 0.43545134 -0.11515349
v -0.25510778 0.40733530 -0.11826401
v -0.28639861 0.37500274 -0.12114590
v -0.31463187 0.33888503 -0.12377798
v -0.33962089 0.29946773 -0.12614172
v -0.36121028 0.25728075 -0.12822112
v -0.37927440 0.21288687 -0.13000264
v -0.39371546 0.16686934 -0.13147504
v -0.40446158 0.11982067 -0.13262934
v -0.41146492 0.07232983 -0.13345866
v -0.41470025 0.02497130 -0.13395818
v -0.41416341 -0.02170543 -0.13412500
v -0.40987055 -0.06718485 -0.13395818
v -0.40185735 -0.11099345 -0.13345866
v -0.39017911 -0.15270494 -0.13262934
v -0.37491082 -0.19194464 -0.13147504
v -0.35614797 -0.22839171 -0.13000264
v -0.33400745 -0.26177950 -0.12822112
v -0.30862895 -0.29189420 -0.12614172
v -0.28017599 -0.31857278 -0.12377798
v -0.24883793 -0.34169838 -0.12114590
v -0.21483086 -0.36119613 -0.11826402
v -0.17839886 -0.37702794 -0.11515349
v -0.13981529 -0.38918638 -0.11183816
v -0.09938219 -0.39768998 -0.10834451
v -0.05743130 -0.40257695 -0.10470169
v -0.01432169 -0.40390160 -0.10094132
v 0.02956033 -0.40172933 -0.09709746
v 0.07380522 -0.39613413 -0.09320622
v 0.11798290 -0.38719604 -0.08930554
v 0.16164638 -0.37500017 -0.08543487
v 0.20433823 -0.35963583 -0.08163459
v 0.24559476 -0.34119824 -0.07794564
v 0.28495388 -0.31978855 -0.07440885
v 0.32196127 -0.29551703 -0.07106442
v 0.35617729 -0.26850525 -0.06795133
v 0.38718561 -0.23888875 -0.06510656
v 0.41459933 -0.20682111 -0.06256463
v 0.43806909 -0.17247569 -0.06035684
v 0.45728934 -0.13605022 -0.05851081
v 0.47200442 -0.09776823 -0.05704989
v 0.48201421 -0.05788167 -0.05599271
v 0.48717775 -0.01667318 -0.05535289
v 0.48003314 0.02515747 -0.02783110
v 0.47538262 0.06779154 -0.02804219
v 0.46591483 0.11072240 -0.02867281
v 0.45174239 0.15355022 -0.02971494
v 0.43303809 0.19585023 -0.03115543
v 0.41003241 0.23717703 -0.03297618
v 0.38300838 0.27706973 -0.03515457
v 0.35229738 0.31505849 -0.03766381
v 0.31827264 0.35067160 -0.04047345
v 0.28134263 0.38344367 -0.04354992
v 0.24194420 0.41292445 -0.04685712
v 0.20053501 0.43868781 -0.05035703
v 0.15758622 0.46034141 -0.05401026
v 0.11357507 0.47753576 -0.05777673
v 0.06897803 0.48997325 -0.06161617
v 0.02426392 0.49741634 -0.06548871
v -0.02011178 0.49969477 -0.06935533
v -0.06371230 0.49671146 -0.07317831
v -0.10612428 0.48844689 -0.07692164
v -0.14696118 0.47496176 -0.08055125
v -0.18586619 0.45639739 -0.08403533
v -0.22251429 0.43297444 -0.08734448
v -0.25661351 0.40498959 -0.09045183
v -0.28790514 0.37280984 -0.09333308
v -0.31616366 0.33686557 -0.09596658
v -0.34119613 0.29764096 -0.09833323
v -0.36284096 0.25566434 -0.10041652
v -0.38096635 0.21149665 -0.10220235
v -0.39546889 0.16571913 -0.10367902
v -0.40627165 0.11892200 -0.10483712
v -0.41332270 0.07169176 -0.10566942
v -0.41659369 0.02460025 -0.10617083
v -0.41607847 -0.02180579 -0.10633830
v -0.41179240 -0.06701375 -0.10617083
v -0.40377165 -0.11055306 -0.10566942
v -0.39207321 -0.15200038 -0.10483712
v -0.37677487 -0.19098401 -0.10367902
v -0.35797597 -0.22718596 -0.10220235
v -0.33579816 -0.26034238 -0.10041652
v -0.31038651 -0.29024209 -0.09833324
v -0.28191045 -0.31672452 -0.09596658
v -0.25056539 -0.33967500 -0.09333308
v -0.21657353 -0.35902068 -0.09045184
v -0.18018458 -0.37472512 -0.08734449
v -0.14167707 -0.38678228 -0.08403534
v -0.10135726 -0.39521169 -0.08055124
v -0.05956004 -0.40005240 -0.07692164
v -0.01664635 -0.40135888 -0.07317830
v 0.02699715 -0.39919669 -0.06935533
v 0.07096209 -0.39363944 -0.06548872
v 0.11482122 -0.38476645 -0.06161617
v 0.15813201 -0.37266182 -0.05777674
v 0.20044301 -0.35741374 -0.05401026
v 0.24129794 -0.33911571 -0.05035703
v 0.28024325 -0.31786719 -0.04685713
v 0.31683427 -0.29377644 -0.04354992
v 0.35064143 -0.26696288 -0.04047345
v 0.38125893 -0.23755980 -0.03766381
v 0.40831023 -0.20571830 -0.03515457
v 0.43145603 -0.17160941 -0.03297618
v 0.45039976 -0.13542840 -0.03115542
v 0.46489391 -0.09739632 -0.02971494
v 0.47474479 -0.05776276 -0.02867281
v 0.47981629 -0.01680798 -0.02804219
v 0.47350102 0.02481514 -0.00044889
v 0.46889069 0.06724341 -0.00065742
v 0.45952065 0.10997325 -0.00128042
v 0.44550106 0.15260641 -0.00231008
v 0.42700045 0.19471971 -0.00373363
v 0.40424366 0.23586905 -0.00553345
v 0.37750702 0.27559497 -0.00768750
v 0.34711413 0.31342880 -0.01016966
v 0.31342980 0.34889997 -0.01295020
v 0.27685374 0.38154415 -0.01599633
v 0.23781397 0.41091206 -0.01927272
v 0.19675960 0.43657849 -0.02274207
v 0.15415372 0.45815188 -0.02636571
v 0.11046636 0.47528351 -0.03010418
v 0.06616776 0.48767630 -0.03391775
v 0.02172168 0.49509336 -0.03776698
v -0.02242012 0.49736480 -0.04161320
v -0.06582329 0.49439383 -0.04541888
v -0.10807547 0.48616116 -0.04914810
v -0.14878977 0.47272749 -0.05276677
v -0.18760787 0.45423401 -0.05624294
v -0.22420211 0.43090105 -0.05954697
v -0.25827689 0.40302486 -0.06265168
v -0.28956915 0.37097174 -0.06553241
v -0.31784857 0.33517107 -0.06816707
v -0.34291709 0.29610603 -0.07053615
v -0.36460783 0.25430367 -0.07262264
v -0.38278401 0.21032333 -0.07441205
v -0.39733746 0.16474461 -0.07589227
v -0.40818714 0.11815583 -0.07705351
v -0.41527774 0.07114142 -0.07788828
v -0.41857825 0.02427110 -0.07839125
v -0.41808094 -0.02191073 -0.07855926
v -0.41380050 -0.06689385 -0.07839125
v -0.40577351 -0.11021010 -0.07788828
v -0.39405829 -0.15143862 -0.07705351
v -0.37873507 -0.19021014 -0.07589227
v -0.35990631 -0.22620906 -0.07441205
v -0.33769758 -0.25917384 -0.07262264
v -0.31225849 -0.28889549 -0.07053615
v -0.28376329 -0.31521544 -0.06816707
v -0.25241245 -0.33802090 -0.06553241
v -0.21843317 -0.35724059 -0.06265169
v -0.18207989 -0.37283955 -0.05954697
v -0.14363537 -0.38481284 -0.05624294
v -0.10340939 -0.39318079 -0.05276676
v -0.06173945 -0.39798311 -0.04914810
v -0.01898803 -0.39927461 -0.04541888
v 0.02445790 -0.39712075 -0.04161320
v 0.06819097 -0.39159489 -0.03776699
v 0.11178625 -0.38277581 -0.03391774
v 0.15480489 -0.37074681 -0.03010418
v 0.19680045 -0.35559503 -0.02636570
v 0.23732272 -0.33741259 -0.02274207
v 0.27592530 -0.31629758 -0.01927273
v 0.31217141 -0.29235655 -0.01599633
v 0.34563994 -0.26570717 -0.01295020
v 0.37593373 -0.23648081 -0.01016965
v 0.40268486 -0.20482666 -0.00768750
v 0.42556227 -0.17091369 -0.00553345
v 0.44427702 -0.13493516 -0.00373362
v 0.45858812 -0.09711009 -0.00231009
v 0.46830734 -0.05768608 -0.00128042
v 0.47330263 -0.01694144 -0.00065742
v 0.46772587 0.02451247 0.02699963
v 0.46314828 0.06677286 0.02679319
v 0.45385801 0.10933872 0.02617641
v 0.43996307 0.15181311 0.02515691
v 0.42162858 0.19377405 0.02374718
v 0.39907487 0.23477866 0.02196444
v 0.37257268 0.27436849 0.01983026
v 0.34243926 0.31207593 0.01737019
v 0.30903264 0.34743130 0.01461338
v 0.27274531 0.37997118 0.01159200
v 0.23399812 0.40924702 0.00834075
v 0.19323319 0.43483437 0.00489633
v 0.15090707 0.45634232 0.00129683
v 0.10748385 0.47342277 -0.00241880
v 0.06342869 0.48577914 -0.00621127
v 0.01920127 0.49317492 -0.01004150
v -0.02474974 0.49544066 -0.01387107
v -0.06799190 0.49247980 -0.01766264
v -0.11011371 0.48427315 -0.02138035
v -0.15072801 0.47088145 -0.02499009
v -0.18947524 0.45244577 -0.02845980
v -0.22602551 0.42918626 -0.03175965
v -0.26008034 0.40139867 -0.03486221
v -0.29137315 0.36944884 -0.03774252
v -0.31966963 0.33376534 -0.04037813
v -0.34476753 0.29483051 -0.04274918
v -0.36649575 0.25317024 -0.04483830
v -0.38471329 0.20934276 -0.04663062
v -0.39930827 0.16392623 -0.04811372
v -0.41019626 0.11750739 -0.04927754
v -0.41731910 0.07066909 -0.05011431
v -0.42064369 0.02397920 -0.05061856
v -0.42016096 -0.02201974 -0.05078701
v -0.41588514 -0.06681944 -0.05061856
v -0.40785306 -0.10995373 -0.05011431
v -0.39612419 -0.15100378 -0.04927754
v -0.38078063 -0.18960224 -0.04811372
v -0.36192752 -0.22543555 -0.04663062
v -0.33969363 -0.25824396 -0.04483830
v -0.31423212 -0.28782036 -0.04274918
v -0.28572131 -0.31400775 -0.04037814
v -0.25436576 -0.33669491 -0.03774252
v -0.22039672 -0.35581185 -0.03486222
v -0.18407254 -0.37132471 -0.03175965
v -0.14567941 -0.38322958 -0.02845980
v -0.10552999 -0.39154741 -0.02499008
v -0.06396389 -0.39631846 -0.02138035
v -0.02134484 -0.39759771 -0.01766263
v 0.02193992 -0.39545065 -0.01387107
v 0.06548383 -0.38995044 -0.01004150
v 0.10886388 -0.38117535 -0.00621126
v 0.15164421 -0.36920801 -0.00241880
v 0.19338241 -0.35413475 0.00129683
v 0.23363333 -0.33604663 0.00489632
v 0.27195633 -0.31504052 0.00834074
v 0.30792107 -0.29122164 0.01159200
v 0.34111335 -0.26470620 0.01461338
v 0.37114306 -0.23562404 0.01737020
v 0.39764934 -0.20412270 0.01983026
v 0.42030782 -0.17036955 0.02196445
v 0.43883572 -0.13455620 0.02374719
v 0.45299754 -0.09689999 0.02515691
v 0.46260939 -0.05764693 0.02617642
v 0.46754249 -0.01707371 0.02679319
v 0.44415029 0.02327693 0.05288868
v 0.43980872 0.05793521 0.05266806
v 0.43050630 0.09177006 0.05201024
v 0.41639583 0.12450985 0.05092733
v 0.39771658 0.15589921 0.04943908
v 0.37478829 0.18569928 0.04757231
v 0.34800148 0.21368769 0.04536013
v 0.31780705 0.23965829 0.04284100
v 0.28470375 0.26342093 0.04005761
v 0.24922459 0.28480097 0.03705573
v 0.21192330 0.30363906 0.03388302
v 0.17336021 0.31979099 0.03058777
v 0.13408903 0.33312759 0.02721776
v 0.09464441 0.34353506 0.02381918
v 0.05553107 0.35091547 0.02043569
v 0.01721426 0.35518740 0.01710756
v -0.01988747 0.35628726 0.01387106
v -0.05540767 0.35417044 0.01075802
v -0.08903540 0.34881314 0.00779547
v -0.12051616 0.34021401 0.00500566
v -0.14965123 0.32839603 0.00240606
v -0.17629512 0.31340878 0.00000959
v -0.20035147 0.29532996 -0.00217496
v -0.22176745 0.27426755 -0.00414249
v -0.24052776 0.25036118 -0.00589102
v -0.25664734 0.22378310 -0.00742106
v -0.27016433 0.19473908 -0.00873501
v -0.28113266 0.16346834 -0.00983648
v -0.28961505 0.13024276 -0.01072971
v -0.29567668 0.09536587 -0.01141901
v -0.29937930 0.05917037 -0.01190823
v -0.30077680 0.02201532 -0.01220045
v -0.29991166 -0.01571774 -0.01229764
v -0.29681244 -0.05362914 -0.01220045
v -0.29149313 -0.09130674 -0.01190823
v -0.28395321 -0.12833115 -0.01141901
v -0.27417965 -0.16428230 -0.01072971
v -0.26214980 -0.19874607 -0.00983648
v -0.24783547 -0.23132083 -0.00873501
v -0.23120824 -0.26162412 -0.00742106
v -0.21224536 -0.28929950 -0.00589102
v -0.19093653 -0.31402178 -0.00414249
v -0.16729098 -0.33550317 -0.00217497
v -0.14134405 -0.35349802 0.00000959
v -0.11316488 -0.36780619 0.00240605
v -0.08286162 -0.37827667 0.00500567
v -0.05058792 -0.38480893 0.00779547
v -0.01654593 -0.38735434 0.01075802
v 0.01900975 -0.38591553 0.01387107
v 0.05577232 -0.38054557 0.01710755
v 0.09338318 -0.37134552 0.02043569
v 0.13143446 -0.35846178 0.02381918
v 0.16947531 -0.34208198 0.02721776
v 0.20701761 -0.32243105 0.03058776
v 0.24354630 -0.29976595 0.03388301
v 0.27852956 -0.27437071 0.03705573
v 0.31143023 -0.24655169 0.04005760
v 0.34172023 -0.21663127 0.04284100
v 0.36889288 -0.18494399 0.04536013
v 0.39247753 -0.15183024 0.04757231
v 0.41205186 -0.11763317 0.04943908
v 0.42725486 -0.08269338 0.05092733
v 0.43779709 -0.04734591 0.05201024
v 0.44346955 -0.01191749 0.05266806
v 0.43435298 0.02276348 0.07998483
v 0.43008602 0.05750546 0.07977111
v 0.42101711 0.09134217 0.07913370
v 0.40728897 0.12400526 0.07808385
v 0.38912449 0.15524537 0.07663988
v 0.36682151 0.18483214 0.07482677
v 0.34074378 0.21255395 0.07267532
v 0.31131223 0.23821723 0.07022143
v 0.27899324 0.26164573 0.06750503
v 0.24428657 0.28267966 0.06456907
v 0.20771323 0.30117480 0.06145838
v 0.16980270 0.31700189 0.05821866
v 0.13108076 0.33004587 0.05489530
v 0.09205853 0.34020566 0.05153249
v 0.05322213 0.34739421 0.04817232
v 0.01502404 0.35153879 0.04485397
v -0.02212371 0.35258144 0.04161320
v -0.05785480 0.35048052 0.03848179
v -0.09185208 0.34521183 0.03548737
v -0.12384873 0.33677042 0.03265321
v -0.15362827 0.32517263 0.02999831
v -0.18102261 0.31045834 0.02753752
v -0.20590888 0.29269312 0.02528190
v -0.22820497 0.27197066 0.02323903
v -0.24786436 0.24841484 0.02141356
v -0.26487034 0.22218123 0.01980765
v -0.27922967 0.19345878 0.01842157
v -0.29096665 0.16247047 0.01725424
v -0.30011703 0.12947319 0.01630369
v -0.30672245 0.09475749 0.01556763
v -0.31082563 0.05864559 0.01504379
v -0.31246641 0.02148910 0.01473031
v -0.31167856 -0.01633441 0.01462595
v -0.30848789 -0.05442571 0.01473031
v -0.30291127 -0.09236933 0.01504379
v -0.29495708 -0.12973900 0.01556763
v -0.28462646 -0.16610446 0.01630369
v -0.27191596 -0.20103847 0.01725424
v -0.25682101 -0.23412385 0.01842157
v -0.23934031 -0.26496078 0.01980765
v -0.21948090 -0.29317453 0.02141355
v -0.19726386 -0.31842114 0.02323903
v -0.17273023 -0.34039456 0.02528189
v -0.14594662 -0.35883198 0.02753752
v -0.11701150 -0.37351780 0.02999830
v -0.08605961 -0.38428811 0.03265321
v -0.05326718 -0.39103220 0.03548737
v -0.01885418 -0.39369440 0.03848180
v 0.01691253 -0.39227392 0.04161320
v 0.05371991 -0.38682367 0.04485397
v 0.09120952 -0.37744807 0.04817232
v 0.12898007 -0.36430007 0.05153249
v 0.16659353 -0.34757686 0.05489530
v 0.20358037 -0.32751541 0.05821865
v 0.23944926 -0.30438669 0.06145838
v 0.27369628 -0.27849047 0.06456907
v 0.30581523 -0.25014949 0.06750503
v 0.33531088 -0.21970307 0.07022144
v 0.36170984 -0.18750240 0.07267532
v 0.38457393 -0.15390369 0.07482677
v 0.40351104 -0.11926460 0.07663989
v 0.41818681 -0.08393851 0.07808384
v 0.42833396 -0.04827099 0.07913370
v 0.43375992 -0.01259689 0.07977111
v 0.42030874 0.02202745 0.10670890
v 0.41615845 0.05692916 0.10650611
v 0.40745606 0.09082986 0.10590101
v 0.39432828 0.12346443 0.10490348
v 0.37697227 0.15458997 0.10352963
v 0.35565106 0.18398542 0.10180142
v 0.33068657 0.21145105 0.09974606
v 0.30245215 0.23680737 0.09739535
v 0.27136325 0.25989381 0.09478486
v 0.23786716 0.28056727 0.09195301
v 0.20243338 0.29870071 0.08894024
v 0.16554265 0.31418189 0.08578802
v 0.12767703 0.32691175 0.08253804
v 0.08931042 0.33680383 0.07923129
v 0.05089979 0.34378353 0.07590736
v 0.01287764 0.34778784 0.07260375
v -0.02435418 0.34876566 0.06935532
v -0.06042940 0.34667852 0.06619392
v -0.09502085 0.34150191 0.06314801
v -0.12784221 0.33322678 0.06024255
v -0.15864878 0.32186187 0.05749898
v -0.18723672 0.30743609 0.05493524
v -0.21344131 0.29000109 0.05256594
v -0.23713406 0.26963429 0.05040268
v -0.25821919 0.24644140 0.04845431
v -0.27662985 0.22055906 0.04672728
v -0.29232351 0.19215711 0.04522610
v -0.30527766 0.16144004 0.04395366
v -0.31548532 0.12864782 0.04291168
v -0.32295127 0.09405641 0.04210100
v -0.32768803 0.05797646 0.04152195
v -0.32971332 0.02075158 0.04117456
v -0.32904725 -0.01724467 0.04105878
v -0.32571124 -0.05561279 0.04117456
v -0.31972681 -0.09393273 0.04152195
v -0.31111623 -0.13176950 0.04210100
v -0.29990302 -0.16868021 0.04291168
v -0.28611415 -0.20422154 0.04395366
v -0.26978215 -0.23795758 0.04522610
v -0.25094867 -0.26946772 0.04672728
v -0.22966764 -0.29835516 0.04845430
v -0.20600972 -0.32425374 0.05040268
v -0.18006621 -0.34683559 0.05256594
v -0.15195302 -0.36581759 0.05493524
v -0.12181519 -0.38096603 0.05749898
v -0.08982932 -0.39210172 0.06024256
v -0.05620746 -0.39910200 0.06314800
v -0.02119782 -0.40190328 0.06619393
v 0.01491322 -0.40050059 0.06935533
v 0.05180266 -0.39494699 0.07260374
v 0.08911214 -0.38535113 0.07590736
v 0.12645060 -0.37187384 0.07923129
v 0.16340009 -0.35472371 0.08253804
v 0.19952037 -0.33415212 0.08578802
v 0.23435736 -0.31044681 0.08894023
v 0.26745103 -0.28392600 0.09195301
v 0.29834405 -0.25493217 0.09478486
v 0.32659292 -0.22382467 0.09739536
v 0.35177679 -0.19097436 0.09974606
v 0.37350861 -0.15675635 0.10180142
v 0.39144398 -0.12154560 0.10352963
v 0.40529066 -0.08571073 0.10490348
v 0.41481623 -0.04961006 0.10590102
v 0.41985411 -0.01358833 0.10650611
v 0.40682322 0.02132070 0.13348193
v 0.40278466 0.05645305 0.13328995
v 0.39444215 0.09047056 0.13271684
v 0.38190625 0.12311162 0.13177105
v 0.36534778 0.15414058 0.13046643
v 0.34499475 0.18334716 0.12882194
v 0.32112640 0.21054536 0.12686113
v 0.29406797 0.23557206 0.12461166
v 0.26418302 0.25828488 0.12210465
v 0.23186591 0.27856028 0.11937398
v 0.19753382 0.29629129 0.11645561
v 0.16161833 0.31138526 0.11338683
v 0.12455732 0.32376214 0.11020553
v 0.08678728 0.33335235 0.10694952
v 0.04873616 0.34009570 0.10365592
v 0.01081662 0.34394071 0.10036054
v -0.02657911 0.34484399 0.09709746
v -0.06308406 0.34277085 0.09389857
v -0.09836011 0.33769621 0.09079331
v -0.13210024 0.32960633 0.08780843
v -0.16403012 0.31850095 0.08496791
v -0.19390863 0.30439592 0.08229288
v -0.22152756 0.28732680 0.07980169
v -0.24671018 0.26735183 0.07751006
v -0.26930995 0.24455580 0.07543116
v -0.28920800 0.21905317 0.07357592
v -0.30631087 0.19099156 0.07195318
v -0.32054756 0.16055416 0.07056997
v -0.33186728 0.12796139 0.06943174
v -0.34023652 0.09347247 0.06854261
v -0.34563687 0.05738489 0.06790556
v -0.34806305 0.02003333 0.06752256
v -0.34752132 -0.01821286 0.06739477
v -0.34402835 -0.05695335 0.06752256
v -0.33761076 -0.09576226 0.06790556
v -0.32830504 -0.13419376 0.06854261
v -0.31615799 -0.17178964 0.06943174
v -0.30122788 -0.20808730 0.07056997
v -0.28358579 -0.24262825 0.07195318
v -0.26331753 -0.27496699 0.07357592
v -0.24052573 -0.30468049 0.07543116
v -0.21533220 -0.33137596 0.07751005
v -0.18788043 -0.35469968 0.07980169
v -0.15833739 -0.37434432 0.08229288
v -0.12689634 -0.39005455 0.08496791
v -0.09377756 -0.40163303 0.08780844
v -0.05923042 -0.40894306 0.09079331
v -0.02353277 -0.41191133 0.09389858
v 0.01300829 -0.41052825 0.09709746
v 0.05005885 -0.40484689 0.10036053
v 0.08725991 -0.39498087 0.10365592
v 0.12423013 -0.38110060 0.10694952
v 0.16057148 -0.36342818 0.11020553
v 0.19587292 -0.34223218 0.11338683
v 0.22971794 -0.31782036 0.11645560
v 0.26169086 -0.29053319 0.11937398
v 0.29138372 -0.26073656 0.12210464
v 0.31840543 -0.22881380 0.12461166
v 0.34238849 -0.19515954 0.12686113
v 0.36299782 -0.16017140 0.12882194
v 0.37993742 -0.12424529 0.13046644
v 0.39295797 -0.08776818 0.13177105
v 0.40186231 -0.05111384 0.13271684
v 0.40651045 -0.01463910 0.13328995
v 0.39722707 0.02081779 0.16059570
v 0.39326254 0.05624062 0.16041152
v 0.38517545 0.09041565 0.15986144
v 0.37306396 0.12308521 0.15895286
v 0.35707872 0.15402200 0.15769791
v 0.33742060 0.18302812 0.15611321
v 0.31433614 0.20993355 0.15421955
v 0.28811340 0.23459401 0.15204142
v 0.25907633 0.25688836 0.14960656
v 0.22757856 0.27671561 0.14694543
v 0.19399731 0.29399200 0.14409058
v 0.15872664 0.30864780 0.14107613
v 0.12217096 0.32062449 0.13793715
v 0.08473861 0.32987219 0.13470907
v 0.04683591 0.33634739 0.13142721
v 0.00886135 0.34001157 0.12812620
v -0.02879921 0.34083026 0.12483959
v -0.06577696 0.33877296 0.12159947
v -0.10172389 0.33381381 0.11843612
v -0.13631544 0.32593343 0.11537782
v -0.16925288 0.31512095 0.11245061
v -0.20026459 0.30137749 0.10967822
v -0.22910701 0.28471957 0.10708202
v -0.25556464 0.26518347 0.10468100
v -0.27944979 0.24282977 0.10249183
v -0.30060199 0.21774757 0.10052894
v -0.31888681 0.19005891 0.09880464
v -0.33419464 0.15992253 0.09732923
v -0.34643939 0.12753662 0.09611113
v -0.35555711 0.09314134 0.09515704
v -0.36150460 0.05701921 0.09447201
v -0.36425831 0.01949494 0.09405961
v -0.36381343 -0.01906669 0.09392191
v -0.36018312 -0.05826414 0.09405961
v -0.35339798 -0.09766444 0.09447201
v -0.34350592 -0.13680904 0.09515704
v -0.33057250 -0.17522174 0.09611113
v -0.31468113 -0.21241743 0.09732923
v -0.29593373 -0.24791133 0.09880464
v -0.27445177 -0.28122902 0.10052894
v -0.25037678 -0.31191689 0.10249183
v -0.22387185 -0.33955125 0.10468100
v -0.19512234 -0.36374825 0.10708202
v -0.16433647 -0.38417241 0.10967822
v -0.13174655 -0.40054332 0.11245060
v -0.09760828 -0.41264235 0.11537782
v -0.06220162 -0.42031639 0.11843612
v -0.02582886 -0.42348087 0.12159947
v 0.01118536 -0.42212050 0.12483959
v 0.04849729 -0.41628849 0.12812619
v 0.08574617 -0.40610411 0.13142721
v 0.12255712 -0.39174869 0.13470907
v 0.15854644 -0.37346028 0.13793715
v 0.19332492 -0.35152729 0.14107613
v 0.22650433 -0.32628092 0.14409057
v 0.25770275 -0.29808748 0.14694543
v 0.28654996 -0.26734037 0.14960656
v 0.31269506 -0.23445095 0.15204142
v 0.33581155 -0.19984172 0.15421955
v 0.35560429 -0.16393691 0.15611322
v 0.37181477 -0.12715686 0.15769791
v 0.38422658 -0.08991030 0.15895286
v 0.39267005 -0.05258925 0.15986144
v 0.39702570 -0.01556479 0.16041152
v 0.39231997 0.02056062 0.18812027
v 0.38838391 0.05631661 0.18794010
v 0.38042245 0.09067602 0.18740184
v 0.36852617 0.12338558 0.18651225
v 0.35283343 0.15422725 0.18528241
v 0.33352865 0.18301700 0.18372760
v 0.31083834 0.20960263 0.18186690
v 0.28502809 0.23386106 0.17972297
v 0.25639770 0.25569472 0.17732154
v 0.22527622 0.27502783 0.17469102
v 0.19201682 0.29180258 0.17186199
v 0.15699126 0.30597458 0.16886674
v 0.12058420 0.31750953 0.16573872
v 0.08318772 0.32637920 0.16251205
v 0.04519604 0.33255859 0.15922106
v 0.00700034 0.33602361 0.15589981
v -0.03101580 0.33674948 0.15258171
v -0.06848065 0.33471017 0.14929912
v -0.10503818 0.32987901 0.14608301
v -0.14035097 0.32223007 0.14296275
v -0.17410296 0.31174072 0.13996585
v -0.20600155 0.29839530 0.13711781
v -0.23577903 0.28218941 0.13444198
v -0.26319367 0.26313493 0.13195955
v -0.28803025 0.24126550 0.12968947
v -0.31010041 0.21664205 0.12764849
v -0.32924242 0.18935844 0.12585115
v -0.34532096 0.15954639 0.12430988
v -0.35822666 0.12737943 0.12303504
v -0.36787538 0.09307677 0.12203498
v -0.37420754 0.05690454 0.12131612
v -0.37718766 0.01917650 0.12088300
v -0.37680362 -0.01974748 0.12073833
v -0.37306626 -0.05946435 0.12088300
v -0.36600898 -0.09953320 0.12131612
v -0.35568754 -0.13948122 0.12203498
v -0.34217983 -0.17881220 0.12303504
v -0.32558617 -0.21701589 0.12430988
v -0.30602906 -0.25357833 0.12585115
v -0.28365361 -0.28799288 0.12764849
v -0.25862756 -0.31977190 0.12968947
v -0.23114150 -0.34845743 0.13195955
v -0.20140898 -0.37363191 0.13444197
v -0.16966601 -0.39492866 0.13711780
v -0.13617132 -0.41203915 0.13996585
v -0.10120487 -0.42472109 0.14296276
v -0.06506773 -0.43280292 0.14608301
v -0.02807955 -0.43618750 0.14929912
v 0.00942220 -0.43485306 0.15258171
v 0.04708575 -0.42885284 0.15589981
v 0.08454754 -0.41831222 0.15922106
v 0.12143509 -0.40342483 0.16251205
v 0.15737218 -0.38444608 0.16573872
v 0.19198188 -0.36168683 0.16886674
v 0.22489248 -0.33550420 0.17186198
v 0.25574198 -0.30629345 0.17469102
v 0.28418285 -0.27447869 0.17732153
v 0.30988848 -0.24050282 0.17972297
v 0.33255728 -0.20481943 0.18186690
v 0.35191855 -0.16788257 0.18372760
v 0.36773658 -0.13014016 0.18528242
v 0.37981534 -0.09202530 0.18651225
v 0.38800201 -0.05395054 0.18740184
v 0.39218975 -0.01630307 0.18794010
v 0.39103594 0.02049333 0.21596226
v 0.38709299 0.05660155 0.21578310
v 0.37915492 0.09115564 0.21524778
v 0.36730877 0.12390696 0.21436276
v 0.35168692 0.15464737 0.21313865
v 0.33246583 0.18320755 0.21159010
v 0.30986240 0.20945426 0.20973544
v 0.28413143 0.23328684 0.20759648
v 0.25556123 0.25463272 0.20519808
v 0.22446924 0.27344300 0.20256774
v 0.19119754 0.28968707 0.19973521
v 0.15610762 0.30334767 0.19673200
v 0.11957550 0.31441585 0.19359091
v 0.08198651 0.32288640 0.19034559
v 0.04373044 0.32875371 0.18703007
v 0.00519654 0.33200899 0.18367832
v -0.03323075 0.33263748 0.18032385
v -0.07117608 0.33061796 0.17699937
v -0.10827706 0.32592258 0.17373640
v -0.14418734 0.31851856 0.17056506
v -0.17857966 0.30837074 0.16751378
v -0.21114812 0.29544578 0.16460914
v -0.24161035 0.27971703 0.16187567
v -0.26970869 0.26117062 0.15933583
v -0.29521151 0.23981171 0.15700988
v -0.31791393 0.21567167 0.15491587
v -0.33763828 0.18881452 0.15306960
v -0.35423413 0.15934353 0.15148470
v -0.36757858 0.12740638 0.15017258
v -0.37757574 0.09320016 0.14914252
v -0.38415671 0.05697377 0.14840167
v -0.38727899 0.01902948 0.14795514
v -0.38692647 -0.02027799 0.14780596
v -0.38310872 -0.06054400 0.14795514
v -0.37586093 -0.10131919 0.14840167
v -0.36524335 -0.14211577 0.14914252
v -0.35134145 -0.18241643 0.15017258
v -0.33426530 -0.22168446 0.15148470
v -0.31414963 -0.25937513 0.15306961
v -0.29115353 -0.29494780 0.15491587
v -0.26546013 -0.32787913 0.15700988
v -0.23727641 -0.35767474 0.15933583
v -0.20683270 -0.38388179 0.16187566
v -0.17438168 -0.40610045 0.16460913
v -0.14019818 -0.42399254 0.16751378
v -0.10457700 -0.43729084 0.17056507
v -0.06783260 -0.44580416 0.17373640
v -0.03029585 -0.44942192 0.17699937
v 0.00768681 -0.44811564 0.18032385
v 0.04575733 -0.44193825 0.18367831
v 0.08354861 -0.43102180 0.18703007
v 0.12068746 -0.41557254 0.19034559
v 0.15679975 -0.39586438 0.19359091
v 0.19151320 -0.37223167 0.19673200
v 0.22446307 -0.34505905 0.19973520
v 0.25529633 -0.31477228 0.20256774
v 0.28367589 -0.28182810 0.20519808
v 0.30928667 -0.24670262 0.20759649
v 0.33183891 -0.20988253 0.20973544
v 0.35107378 -0.17185340 0.21159010
v 0.36676678 -0.13309242 0.21313866
v 0.37873183 -0.09405852 0.21436276
v 0.38682437 -0.05518607 0.21524778
v 0.39094396 -0.01687933 0.21578310
v 0.39168338 0.02052726 0.24397345
v 0.38771457 0.05697729 0.24379360
v 0.37974266 0.09171600 0.24325617
v 0.36785347 0.12449948 0.24236753
v 0.35217725 0.15512961 0.24113817
v 0.33288765 0.18345184 0.23958254
v 0.31019809 0.20935194 0.23771877
v 0.28435962 0.23275170 0.23556844
v 0.25565661 0.25360375 0.23315617
v 0.22440262 0.27188587 0.23050926
v 0.19093625 0.28759494 0.22765727
v 0.15561606 0.30074055 0.22463158
v 0.11881587 0.31133929 0.22146493
v 0.08091986 0.31940880 0.21819095
v 0.04231775 0.32496300 0.21484376
v 0.00340001 0.32800812 0.21145751
v -0.03544644 0.32853956 0.20806598
v -0.07384244 0.32654077 0.20470221
v -0.11142050 0.32198270 0.20139819
v -0.14782801 0.31482569 0.19818454
v -0.18273037 0.30502206 0.19509028
v -0.21581353 0.29252069 0.19214260
v -0.24678622 0.27727286 0.18936674
v -0.27538147 0.25923874 0.18678583
v -0.30135818 0.23839544 0.18442084
v -0.32450218 0.21474440 0.18229049
v -0.34462672 0.18832009 0.18041124
v -0.36157307 0.15919733 0.17879731
v -0.37521081 0.12749799 0.17746065
v -0.38543762 0.09339701 0.17641101
v -0.39217942 0.05712613 0.17565591
v -0.39539015 0.01897601 0.17520071
v -0.39505135 -0.02070380 0.17504862
v -0.39117221 -0.06150716 0.17520071
v -0.38378880 -0.10297648 0.17565591
v -0.37296425 -0.14460910 0.17641101
v -0.35878806 -0.18586677 0.17746065
v -0.34137595 -0.22618664 0.17879731
v -0.32086954 -0.26499333 0.18041124
v -0.29743585 -0.30171255 0.18229048
v -0.27126667 -0.33578540 0.18442084
v -0.24257842 -0.36668133 0.18678583
v -0.21161098 -0.39391237 0.18936673
v -0.17862676 -0.41704571 0.19214260
v -0.14391012 -0.43571375 0.19509027
v -0.10776485 -0.44962425 0.19818455
v -0.07051367 -0.45856656 0.20139819
v -0.03249486 -0.46241670 0.20470222
v 0.00593889 -0.46113927 0.20806598
v 0.04442449 -0.45478700 0.21145750
v 0.08259113 -0.44349840 0.21484376
v 0.12006325 -0.42749229 0.21819094
v 0.15646567 -0.40706101 0.22146493
v 0.19142640 -0.38256212 0.22463158
v 0.22458210 -0.35440770 0.22765727
v 0.25558213 -0.32305399 0.23050926
v 0.28409268 -0.28899000 0.23315617
v 0.30980241 -0.25272508 0.23556844
v 0.33242584 -0.21477878 0.23771877
v 0.35170833 -0.17566824 0.23958254
v 0.36742954 -0.13589965 0.24113818
v 0.37940712 -0.09595780 0.24236753
v 0.38749981 -0.05629872 0.24325617
v 0.39160957 -0.01734364 0.24379360
v 0.39277794 0.02058462 0.27202383
v 0.38877861 0.05733223 0.27184267
v 0.38075403 0.09222171 0.27130133
v 0.36878976 0.12501377 0.27040617
v 0.35301585 0.15551985 0.26916771
v 0.33360523 0.18359942 0.26760040
v 0.31077087 0.20915621 0.26572241
v 0.28476309 0.23213327 0.26355535
v 0.25586575 0.25250690 0.26112391
v 0.22439200 0.27028008 0.25845547
v 0.19068035 0.28547546 0.25557970
v 0.15508953 0.29812803 0.25252810
v 0.11799400 0.30827826 0.24933359
v 0.07977908 0.31596539 0.24603000
v 0.04083619 0.32122153 0.24265167
v 0.00155805 0.32406710 0.23923302
v -0.03766556 0.32450711 0.23580811
v -0.07645201 0.32252925 0.23241033
v -0.11442978 0.31810351 0.22907200
v -0.15124172 0.31118362 0.22582410
v -0.18654823 0.30171020 0.22269604
v -0.22002985 0.28961548 0.21971541
v -0.25138981 0.27482979 0.21690783
v -0.28035537 0.25728928 0.21429683
v -0.30667975 0.23694425 0.21190374
v -0.33014318 0.21376838 0.20974766
v -0.35055362 0.18776821 0.20784537
v -0.36774752 0.15899176 0.20621140
v -0.38159007 0.12753653 0.20485797
v -0.39197535 0.09355665 0.20379503
v -0.39882638 0.05726745 0.20303030
v -0.40209495 0.01894860 0.20256928
v -0.40176151 -0.02105546 0.20241524
v -0.39783492 -0.06233748 0.20256928
v -0.39035205 -0.10443236 0.20303030
v -0.37937755 -0.14682385 0.20379503
v -0.36500349 -0.18895443 0.20485797
v -0.34734891 -0.23023686 0.20621140
v -0.32655947 -0.27006755 0.20784537
v -0.30280683 -0.30784083 0.20974765
v -0.27628804 -0.34296473 0.21190374
v -0.24722506 -0.37487508 0.21429683
v -0.21586366 -0.40305129 0.21690782
v -0.18247211 -0.42702973 0.21971541
v -0.14734069 -0.44641533 0.22269603
v -0.11077888 -0.46089260 0.22582410
v -0.07311486 -0.47023267 0.22907200
v -0.03469194 -0.47429899 0.23241034
v 0.00413264 -0.47304970 0.23580812
v 0.04299180 -0.46653735 0.23923301
v 0.08151136 -0.45490621 0.24265167
v 0.11931298 -0.43838693 0.24602999
v 0.15601941 -0.41728893 0.24933359
v 0.19125714 -0.39199139 0.25252810
v 0.22466184 -0.36293194 0.25557969
v 0.25588256 -0.33059502 0.25845547
v 0.28458550 -0.29549986 0.26112390
v 0.31045973 -0.25818671 0.26355535
v 0.33322037 -0.21920570 0.26572241
v 0.35261368 -0.17910330 0.26760040
v 0.36842026 -0.13841279 0.26916771
v 0.38045867 -0.09764284 0.27040617
v 0.38858856 -0.05726963 0.27130133
v 0.39271246 -0.01773014 0.27184267
v 0.39327968 0.02061091 0.30002227
v 0.38925510 0.05757669 0.29983991
v 0.38118430 0.09255774 0.29929494
v 0.36915303 0.12531913 0.29839379
v 0.35329139 0.15568087 0.29714700
v 0.33377253 0.18351489 0.29556911
v 0.31080959 0.20874087 0.29367837
v 0.28465315 0.23132049 0.29149650
v 0.25558746 0.25125083 0.28904833
v 0.22392625 0.26855699 0.28636137
v 0.19000858 0.28328423 0.28346546
v 0.15419424 0.29548976 0.28039229
v 0.11685883 0.30523492 0.27717496
v 0.07838909 0.31257785 0.27384753
v 0.03917816 0.31756655 0.27044456
v -0.00037921 0.32023394 0.26700070
v -0.03989091 0.32059336 0.26355025
v -0.07897163 0.31863621 0.26012686
v -0.11724697 0.31433167 0.25676308
v -0.15435660 0.30762783 0.25349016
v -0.18995750 0.29845490 0.25033775
v -0.22372674 0.28673080 0.24733369
v -0.25536380 0.27236753 0.24450384
v -0.28459234 0.25528012 0.24187194
v -0.31116194 0.23539559 0.23945953
v -0.33484923 0.21266322 0.23728592
v -0.35545899 0.18706504 0.23536806
v -0.37282452 0.15862557 0.23372064
v -0.38680837 0.12742087 0.23235600
v -0.39730236 0.09358657 0.23128424
v -0.40422768 0.05732347 0.23051314
v -0.40753486 0.01890120 0.23004827
v -0.40720367 -0.02134068 0.22989294
v -0.40324289 -0.06299435 0.23004827
v -0.39568981 -0.10558874 0.23051314
v -0.38461010 -0.14859625 0.23128424
v -0.37009742 -0.19144305 0.23235600
v -0.35227297 -0.23352141 0.23372064
v -0.33128490 -0.27420350 0.23536806
v -0.30730791 -0.31285695 0.23728592
v -0.28054236 -0.34886142 0.23945953
v -0.25121362 -0.38162411 0.24187193
v -0.21957128 -0.41059617 0.24450383
v -0.18588738 -0.43528769 0.24733369
v -0.15045599 -0.45527990 0.25033775
v -0.11359037 -0.47023730 0.25349016
v -0.07562228 -0.47991528 0.25676308
v -0.03689845 -0.48416650 0.26012686
v 0.00222069 -0.48294337 0.26355026
v 0.04136520 -0.47629828 0.26700069
v 0.08015830 -0.46438039 0.27044456
v 0.11821940 -0.44743048 0.27384753
v 0.15516936 -0.42577242 0.27717497
v 0.19063301 -0.39980402 0.28039229
v 0.22424487 -0.36998477 0.28346545
v 0.25565289 -0.33682334 0.28636137
v 0.28452255 -0.30086477 0.28904832
v 0.31054246 -0.26267581 0.29149651
v 0.33342741 -0.22283283 0.29367837
v 0.35292352 -0.18190729 0.29556911
v 0.36881134 -0.14045561 0.29714701
v 0.38090943 -0.09900691 0.29839379
v 0.38907758 -0.05805445 0.29929495
v 0.39321844 -0.01804848 0.29983991
v 0.39251453 0.02057081 0.32790971
v 0.38847625 0.05764234 0.32772663
v 0.38038082 0.09263167 0.32717955
v 0.36831398 0.12530774 0.32627490
v 0.35240575 0.15549776 0.32502326
v 0.33282947 0.18308389 0.32343921
v 0.30979820 0.20799865 0.32154108
v 0.28356268 0.23021871 0.31935066
v 0.25440723 0.24975780 0.31689285
v 0.22264578 0.26665867 0.31419527
v 0.18861774 0.28098444 0.31128788
v 0.15268324 0.29281004 0.30820247
v 0.11521842 0.30221339 0.30497228
v 0.07661071 0.30926758 0.30163147
v 0.03725412 0.31403342 0.29821475
v -0.00245560 0.31655346 0.29475690
v -0.04212506 0.31684775 0.29129238
v -0.08136760 0.31491084 0.28785494
v -0.11980720 0.31071118 0.28447729
v -0.15708177 0.30419235 0.28119081
v -0.19284644 0.29527667 0.27802527
v -0.22677623 0.28387047 0.27500864
v -0.25856856 0.26987144 0.27216688
v -0.28794492 0.25317780 0.26952387
v -0.31465275 0.23369814 0.26710124
v -0.33846669 0.21136236 0.26491838
v -0.35918946 0.18613291 0.26299234
v -0.37665255 0.15801549 0.26133786
v -0.39071694 0.12706885 0.25996738
v -0.40127305 0.09341365 0.25889100
v -0.40824098 0.05723864 0.25811658
v -0.41157049 0.01880500 0.25764971
v -0.41124093 -0.02155226 0.25749371
v -0.40726096 -0.06342567 0.25764971
v -0.39966818 -0.10634020 0.25811658
v -0.38852885 -0.14976017 0.25889100
v -0.37393761 -0.19309985 0.25996738
v -0.35601690 -0.23573614 0.26133786
v -0.33491645 -0.27702313 0.26299234
v -0.31081268 -0.31630822 0.26491838
v -0.28390788 -0.35294959 0.26710124
v -0.25442961 -0.38633261 0.26952387
v -0.22262957 -0.41588691 0.27216687
v -0.18878204 -0.44110247 0.27500863
v -0.15318329 -0.46154236 0.27802526
v -0.11614873 -0.47685574 0.28119081
v -0.07801219 -0.48678578 0.28447728
v -0.03912226 -0.49117689 0.28785494
v 0.00015886 -0.48997702 0.29129238
v 0.03945964 -0.48323818 0.29475690
v 0.07840193 -0.47111327 0.29821475
v 0.11660400 -0.45385062 0.30163146
v 0.15368572 -0.43178519 0.30497228
v 0.18927113 -0.40532888 0.30820247
v 0.22299411 -0.37495770 0.31128787
v 0.25450224 -0.34119886 0.31419527
v 0.28346072 -0.30461703 0.31689284
v 0.30955790 -0.26579902 0.31935066
v 0.33250857 -0.22534104 0.32154108
v 0.35205883 -0.18383357 0.32343922
v 0.36798920 -0.14185049 0.32502326
v 0.38011848 -0.09993625 0.32627490
v 0.38830640 -0.05859683 0.32717956
v 0.39245582 -0.01829228 0.32772663
v 0.39005260 0.02044179 0.35564849
v 0.38601634 0.05747956 0.35546544
v 0.37792660 0.09237388 0.35491842
v 0.36586892 0.12489710 0.35401387
v 0.34997306 0.15488184 0.35276237
v 0.33041184 0.18221766 0.35117849
v 0.30739792 0.20684611 0.34928056
v 0.28118138 0.22875431 0.34709037
v 0.25204587 0.24796740 0.34463281
v 0.22030468 0.26454013 0.34193550
v 0.18629650 0.27854788 0.33902839
v 0.15038073 0.29007746 0.33594326
v 0.11293294 0.29921810 0.33271335
v 0.07433992 0.30605294 0.32937282
v 0.03499518 0.31065132 0.32595638
v -0.00470587 0.31306256 0.32249878
v -0.04437017 0.31331113 0.31903450
v -0.08361115 0.31139373 0.31559729
v -0.12205283 0.30727845 0.31221984
v -0.15933296 0.30090601 0.30893354
v -0.19510638 0.29219334 0.30576817
v -0.22904774 0.28103912 0.30275168
v -0.26085393 0.26733154 0.29991005
v -0.29024583 0.25095742 0.29726714
v -0.31697029 0.23181303 0.29484460
v -0.34080109 0.20981493 0.29266181
v -0.36154033 0.18491231 0.29073582
v -0.37901883 0.15709785 0.28908139
v -0.39309682 0.12641821 0.28771094
v -0.40366416 0.09298335 0.28663459
v -0.41064057 0.05697318 0.28586019
v -0.41397535 0.01864230 0.28539332
v -0.41364767 -0.02167839 0.28523733
v -0.40966611 -0.06358280 0.28539332
v -0.40206835 -0.10659457 0.28586019
v -0.39092082 -0.15017401 0.28663459
v -0.37631862 -0.19372882 0.28771094
v -0.35838458 -0.23662712 0.28908139
v -0.33726897 -0.27821236 0.29073583
v -0.31314892 -0.31781989 0.29266181
v -0.28622746 -0.35479502 0.29484460
v -0.25673282 -0.38850963 0.29726714
v -0.22491738 -0.41838039 0.29991004
v -0.19105612 -0.44388471 0.30275168
v -0.15544592 -0.46457448 0.30576817
v -0.11840268 -0.48008920 0.30893355
v -0.08026063 -0.49016453 0.31221984
v -0.04136867 -0.49463942 0.31559729
v -0.00208911 -0.49345900 0.31903450
v 0.03720652 -0.48667492 0.32249878
v 0.07614021 -0.47444219 0.32595638
v 0.11433051 -0.45701360 0.32937282
v 0.15139763 -0.43473075 0.33271336
v 0.18696615 -0.40801420 0.33594326
v 0.22067055 -0.37734983 0.33902838
v 0.25215902 -0.34327627 0.34193551
v 0.28109743 -0.30636991 0.34463281
v 0.30717487 -0.26722979 0.34709037
v 0.33010675 -0.22646424 0.34928056
v 0.34963989 -0.18467495 0.35117849
v 0.36555542 -0.14244627 0.35276237
v 0.37767263 -0.10033163 0.35401387
v 0.38585164 -0.05884437 0.35491842
v 0.38999563 -0.01844993 0.35546544
v 0.38564261 0.02021067 0.38321661
v 0.38162637 0.05705710 0.38303443
v 0.37357750 0.09173984 0.38249001
v 0.36158104 0.12403395 0.38158976
v 0.34576605 0.15377560 0.38034421
v 0.32630436 0.18085851 0.37876787
v 0.30340722 0.20522895 0.37687896
v 0.27732341 0.22687930 0.37469919
v 0.24833487 0.24584024 0.37225331
v 0.21675304 0.26217222 0.36956883
v 0.18291474 0.27595633 0.36667553
v 0.14717734 0.28728486 0.36360507
v 0.10991428 0.29625222 0.36039050
v 0.07151029 0.30294611 0.35706584
v 0.03235680 0.30743979 0.35366563
v -0.00715288 0.30978573 0.35022446
v -0.04662764 0.31001046 0.34677663
v -0.08568283 0.30811181 0.34335573
v -0.12394421 0.30405776 0.33999432
v -0.16105121 0.29778788 0.33672362
v -0.19666014 0.28921691 0.33357326
v -0.23044699 0.27824018 0.33057109
v -0.26210987 0.26474163 0.32774293
v -0.29137064 0.24860311 0.32511256
v -0.31797704 0.22971506 0.32270151
v -0.34170358 0.20798807 0.32052907
v -0.36235296 0.18336482 0.31861221
v -0.37975644 0.15583163 0.31696562
v -0.39377459 0.12542896 0.31560166
v -0.40429753 0.09226092 0.31453042
v -0.41124508 0.05650221 0.31375969
v -0.41456672 0.01840295 0.31329503
v -0.41424149 -0.02170951 0.31313978
v -0.41027795 -0.06343173 0.31329503
v -0.40271356 -0.10628892 0.31375969
v -0.39161469 -0.14974191 0.31453042
v -0.37707606 -0.19319799 0.31560166
v -0.35922016 -0.23602391 0.31696562
v -0.33819684 -0.27756090 0.31861221
v -0.31418273 -0.31714154 0.32052906
v -0.28738018 -0.35410771 0.32270151
v -0.25801674 -0.38782777 0.32511256
v -0.22634395 -0.41771451 0.32774293
v -0.19263578 -0.44324165 0.33057108
v -0.15718799 -0.46395768 0.33357326
v -0.12031527 -0.47949910 0.33672362
v -0.08235045 -0.48959891 0.33999431
v -0.04364092 -0.49409428 0.34335574
v -0.00454734 -0.49292907 0.34677663
v 0.03456051 -0.48615453 0.35022445
v 0.07330647 -0.47392600 0.35366563
v 0.11131100 -0.45649739 0.35706584
v 0.14819632 -0.43421183 0.36039051
v 0.18358903 -0.40749217 0.36360507
v 0.21712558 -0.37682717 0.36667552
v 0.24845613 -0.34275821 0.36956883
v 0.27724848 -0.30586503 0.37225331
v 0.30319345 -0.26674984 0.37469919
v 0.32600823 -0.22602401 0.37687896
v 0.34544112 -0.18429209 0.37876788
v 0.36127446 -0.14214078 0.38034422
v 0.37332870 -0.10012537 0.38158976
v 0.38146492 -0.05876042 0.38249001
v 0.38558677 -0.01851187 0.38303443
v 0.37919318 0.01987267 0.41060605
v 0.37521577 0.05636332 0.41042563
v 0.36724466 0.09071282 0.40988649
v 0.35536411 0.12269833 0.40899495
v 0.33970194 0.15215745 0.40776146
v 0.32042824 0.17898472 0.40620037
v 0.29775234 0.20312670 0.40432975
v 0.27192056 0.22457562 0.40217107
v 0.24321217 0.24336152 0.39974887
v 0.21193557 0.25954395 0.39709037
v 0.17842432 0.27320289 0.39422507
v 0.14303240 0.28442950 0.39118433
v 0.10612964 0.29331690 0.38800087
v 0.06809702 0.29995172 0.38470839
v 0.02932223 0.30440626 0.38134108
v -0.00980522 0.30673230 0.37793322
v -0.04889802 0.30695610 0.37451875
v -0.08757522 0.30507528 0.37113096
v -0.12546622 0.30105828 0.36780208
v -0.16221392 0.29484532 0.36456303
v -0.19747797 0.28635199 0.36144316
v -0.23093754 0.27547495 0.35847004
v -0.26229360 0.26209945 0.35566925
v -0.29127081 0.24610882 0.35306433
v -0.31761926 0.22739490 0.35067661
v -0.34111579 0.20586940 0.34852519
v -0.36156489 0.18147599 0.34662688
v -0.37879956 0.15420143 0.34499623
v -0.39268172 0.12408608 0.34364547
v -0.40310255 0.09123336 0.34258459
v -0.40998264 0.05581648 0.34182131
v -0.41327198 0.01808333 0.34136116
v -0.41294989 -0.02164182 0.34120740
v -0.40902471 -0.06295939 0.34136116
v -0.40153369 -0.10539920 0.34182131
v -0.39054246 -0.14842745 0.34258459
v -0.37614479 -0.19145730 0.34364547
v -0.35846203 -0.23386183 0.34499623
v -0.33764257 -0.27498903 0.34662688
v -0.31386125 -0.31417812 0.34852519
v -0.28731854 -0.35077782 0.35067661
v -0.25823968 -0.38416285 0.35306433
v -0.22687382 -0.41375206 0.35566924
v -0.19349223 -0.43902463 0.35847003
v -0.15838782 -0.45953366 0.36144316
v -0.12187222 -0.47491933 0.36456303
v -0.08427499 -0.48491760 0.36780207
v -0.04594018 -0.48936729 0.37113097
v -0.00722496 -0.48821283 0.37451875
v 0.03150448 -0.48150507 0.37793321
v 0.06987560 -0.46939774 0.38134108
v 0.10751255 -0.45214208 0.38470839
v 0.14404120 -0.43007794 0.38800088
v 0.17909173 -0.40362370 0.39118433
v 0.21230407 -0.37326314 0.39422506
v 0.24333185 -0.33953212 0.39709037
v 0.27184594 -0.30300451 0.39974886
v 0.29754026 -0.26427634 0.40217107
v 0.32013462 -0.22395270 0.40432975
v 0.33937978 -0.18263207 0.40620037
v 0.35506023 -0.14089515 0.40776146
v 0.36699808 -0.09929164 0.40899495
v 0.37505574 -0.05833094 0.40988649
v 0.37913784 -0.01847431 0.41042563
v 0.37076772 0.01943111 0.43782241
v 0.36684738 0.05540677 0.43764462
v 0.35898985 0.08930524 0.43711333
v 0.34727815 0.12090514 0.43623478
v 0.33183849 0.15004353 0.43501926
v 0.31283870 0.17661255 0.43348092
v 0.29048525 0.20055476 0.43163756
v 0.26502113 0.22185682 0.42951033
v 0.23672194 0.24054232 0.42712342
v 0.20589188 0.25666355 0.42450365
v 0.17286004 0.27029278 0.42168010
v 0.13797553 0.28151335 0.41868366
v 0.10160310 0.29041115 0.41554659
v 0.06411852 0.29706616 0.41230208
v 0.02590400 0.30154504 0.40898383
v -0.01265640 0.30389523 0.40562562
v -0.05118089 0.30414009 0.40226090
v -0.08929402 0.30227633 0.39892247
v -0.12663060 0.29827296 0.39564209
v -0.16283879 0.29207260 0.39245024
v -0.19758340 0.28359498 0.38937583
v -0.23054841 0.27274231 0.38644602
v -0.26143950 0.25940666 0.38368604
v -0.28998559 0.24347904 0.38111908
v -0.31594080 0.22485949 0.37876615
v -0.33908558 0.20346817 0.37664607
v -0.35922765 0.17925661 0.37477542
v -0.37620279 0.15221872 0.37316853
v -0.38987526 0.12240074 0.37183745
v -0.40013819 0.08991028 0.37079202
v -0.40691348 0.05492275 0.37003987
v -0.41015210 0.01768591 0.36958642
v -0.40983374 -0.02147851 0.36943491
v -0.40596671 -0.06217601 0.36958642
v -0.39858763 -0.10394402 0.37003987
v -0.38776111 -0.14625865 0.37079202
v -0.37357928 -0.18854516 0.37183745
v -0.35616157 -0.23019044 0.37316853
v -0.33565388 -0.27055769 0.37477542
v -0.31222817 -0.30900223 0.37664607
v -0.28608156 -0.34488918 0.37876615
v -0.25743575 -0.37760956 0.38111908
v -0.22653578 -0.40659766 0.38368604
v -0.19364870 -0.43134697 0.38644602
v -0.15906280 -0.45142300 0.38937582
v -0.12308487 -0.46647649 0.39245024
v -0.08603953 -0.47625118 0.39564209
v -0.04826560 -0.48059110 0.39892248
v -0.01011501 -0.47944317 0.40226091
v 0.02805141 -0.47285751 0.40562561
v 0.06586651 -0.46098459 0.40898384
v 0.10295976 -0.44406955 0.41230208
v 0.13896229 -0.42244375 0.41554659
v 0.17350945 -0.39651487 0.41868366
v 0.20624617 -0.36675422 0.42168010
v 0.23683071 -0.33368395 0.42450365
v 0.26493852 -0.29786309 0.42712341
v 0.29026752 -0.25987251 0.42951033
v 0.31254143 -0.22030209 0.43163756
v 0.33151411 -0.17973546 0.43348092
v 0.34697304 -0.13873927 0.43501926
v 0.35874265 -0.09785043 0.43623478
v 0.36668712 -0.05756693 0.43711333
v 0.37071231 -0.01834047 0.43764462
v 0.36057277 0.01889682 0.46488371
v 0.35672584 0.05421493 0.46470932
v 0.34901389 0.08755691 0.46418821
v 0.33751855 0.11870226 0.46332648
v 0.32236386 0.14748574 0.46213423
v 0.30371478 0.17379418 0.46062534
v 0.28177436 0.19756218 0.45881726
v 0.25678153 0.21876636 0.45673076
v 0.22900713 0.23741832 0.45438955
v 0.19875021 0.25355741 0.45181994
v 0.16633417 0.26724226 0.44905045
v 0.13210208 0.27854284 0.44611138
v 0.09641228 0.28753198 0.44303436
v 0.05963388 0.29427814 0.43985197
v 0.02214223 0.29883811 0.43659725
v -0.01568562 0.30125182 0.43330333
v -0.05347495 0.30153765 0.43000303
v -0.09085739 0.29969020 0.42672851
v -0.12747476 0.29567948 0.42351093
v -0.16298212 0.28945211 0.42038019
v -0.19705095 0.28093469 0.41736464
v -0.22937170 0.27003888 0.41449092
v -0.25965618 0.25666853 0.41178378
v -0.28763912 0.24072790 0.40926596
v -0.31307996 0.22213140 0.40695807
v -0.33576403 0.20081391 0.40487859
v -0.35550346 0.17674125 0.40304375
v -0.37213786 0.14992039 0.40146762
v -0.38553471 0.12040878 0.40016202
v -0.39558974 0.08832261 0.39913661
v -0.40222684 0.05384276 0.39839886
v -0.40539819 0.01721882 0.39795409
v -0.40508414 -0.02122960 0.39780548
v -0.40129293 -0.06111415 0.39795409
v -0.39406038 -0.10198251 0.39839886
v -0.38344960 -0.14332489 0.39913661
v -0.36955072 -0.18458408 0.40016202
v -0.35248033 -0.22516758 0.40146762
v -0.33238101 -0.26446140 0.40304375
v -0.30942077 -0.30184529 0.40487859
v -0.28379235 -0.33670951 0.40695807
v -0.25571244 -0.36847000 0.40926596
v -0.22542069 -0.39658520 0.41178378
v -0.19317844 -0.42057062 0.41449092
v -0.15926782 -0.44001149 0.41736463
v -0.12398928 -0.45457464 0.42038019
v -0.08766081 -0.46401648 0.42351093
v -0.05061447 -0.46818933 0.42672852
v -0.01319528 -0.46704398 0.43000303
v 0.02424284 -0.46063007 0.43330332
v 0.06133966 -0.44909292 0.43659725
v 0.09773152 -0.43266862 0.43985197
v 0.13305623 -0.41167538 0.44303437
v 0.16695571 -0.38650462 0.44611137
v 0.19908113 -0.35760852 0.44905044
v 0.22909673 -0.32548794 0.45181994
v 0.25668350 -0.29067937 0.45438954
v 0.28154462 -0.25374034 0.45673077
v 0.30340827 -0.21523738 0.45881726
v 0.32203267 -0.17573157 0.46062534
v 0.33720863 -0.13576833 0.46213423
v 0.34876352 -0.09586525 0.46332648
v 0.35656380 -0.05650342 0.46418821
v 0.36051677 -0.01812043 0.46470932
v 0.34893208 0.01828676 0.49181835
v 0.34517195 0.05283085 0.49164801
v 0.33763174 0.08553016 0.49113895
v 0.32639150 0.11616465 0.49029717
v 0.31157278 0.14456526 0.48913252
v 0.29333726 0.17061121 0.48765857
v 0.27188397 0.19422601 0.48589235
v 0.24744703 0.21537217 0.48385415
v 0.22029183 0.23404528 0.48156713
v 0.19071148 0.25026684 0.47905701
v 0.15902268 0.26407715 0.47635163
v 0.12556147 0.27552784 0.47348060
v 0.09067873 0.28467450 0.47047482
v 0.05473574 0.29156975 0.46736609
v 0.01809979 0.29625730 0.46418672
v -0.01886030 0.29876665 0.46096905
v -0.05577816 0.29910962 0.45774515
v -0.09229379 0.29727790 0.45454644
v -0.12805733 0.29324269 0.45140335
v -0.16273203 0.28695597 0.44834508
v -0.19599737 0.27835341 0.44539934
v -0.22755156 0.26735939 0.44259215
v -0.25711372 0.25389338 0.43994768
v -0.28442557 0.23787758 0.43748814
v -0.30925305 0.21924589 0.43523369
v -0.33138742 0.19795295 0.43320234
v -0.35064612 0.17398408 0.43140998
v -0.36687341 0.14736420 0.42987033
v -0.37994077 0.11816629 0.42859496
v -0.38974711 0.08651876 0.42759329
v -0.39621867 0.05261060 0.42687262
v -0.39930932 0.01669480 0.42643814
v -0.39900005 -0.02091074 0.42629297
v -0.39529909 -0.05982478 0.42643814
v -0.38824127 -0.09960735 0.42687262
v -0.37788802 -0.13976615 0.42759329
v -0.36432680 -0.17976605 0.42859496
v -0.34767095 -0.21904058 0.42987033
v -0.32805892 -0.25700482 0.43140998
v -0.30565404 -0.29306981 0.43320233
v -0.28064344 -0.32665799 0.43523369
v -0.25323798 -0.35721751 0.43748814
v -0.22367078 -0.38423768 0.43994767
v -0.19219614 -0.40726269 0.44259214
v -0.15908891 -0.42590305 0.44539933
v -0.12464187 -0.43984677 0.44834508
v -0.08916505 -0.44886649 0.45140335
v -0.05298247 -0.45282543 0.45454645
v -0.01643095 -0.45167953 0.45774516
v 0.02014383 -0.44547781 0.46096904
v 0.05638981 -0.43435936 0.46418672
v 0.09195141 -0.41854834 0.46736609
v 0.12647439 -0.39834642 0.47047482
v 0.15960826 -0.37412392 0.47348060
v 0.19101154 -0.34630850 0.47635162
v 0.22035547 -0.31537376 0.47905701
v 0.24732753 -0.28182710 0.48156713
v 0.27163682 -0.24619606 0.48385415
v 0.29301706 -0.20901737 0.48589235
v 0.31123110 -0.17082308 0.48765857
v 0.32607390 -0.13213154 0.48913253
v 0.33737615 -0.09343567 0.49029717
v 0.34500684 -0.05519520 0.49113895
v 0.34887512 -0.01782996 0.49164801
v 0.33624932 0.01762208 0.51866170
v 0.33258558 0.05130821 0.51849585
v 0.32523598 0.08330274 0.51800022
v 0.31427883 0.11338577 0.51718065
v 0.29983284 0.14138339 0.51604672
v 0.28205614 0.16716548 0.51461164
v 0.26114335 0.19064213 0.51289201
v 0.23732329 0.21175915 0.51090757
v 0.21085542 0.23049270 0.50868089
v 0.18202613 0.24684329 0.50623697
v 0.15114491 0.26082934 0.50360296
v 0.11853997 0.27248080 0.50080765
v 0.08455396 0.28183259 0.49788116
v 0.04953953 0.28891881 0.49485444
v 0.01385504 0.29376730 0.49175893
v -0.02213983 0.29639557 0.48862614
v -0.05808795 0.29680730 0.48548728
v -0.09363865 0.29499090 0.48237294
v -0.12845132 0.29091886 0.47931276
v -0.16219836 0.28454938 0.47633515
v -0.19456817 0.27582899 0.47346711
v -0.22526759 0.26469704 0.47073397
v -0.25402405 0.25109148 0.46815926
v -0.28058705 0.23495582 0.46576460
v -0.30472983 0.21624688 0.46356961
v -0.32625031 0.19494300 0.46159185
v -0.34497201 0.17105260 0.45984677
v -0.36074440 0.14462213 0.45834773
v -0.37344342 0.11574321 0.45710600
v -0.38297161 0.08455908 0.45613075
v -0.38925799 0.05126875 0.45542909
v -0.39225817 0.01612976 0.45500607
v -0.39195406 -0.02054147 0.45486473
v -0.38835373 -0.05837141 0.45500607
v -0.38149101 -0.09693402 0.45542909
v -0.37142534 -0.13575694 0.45613075
v -0.35824131 -0.17433035 0.45710600
v -0.34204846 -0.21211772 0.45834773
v -0.32298064 -0.24856780 0.45984677
v -0.30119574 -0.28312771 0.46159184
v -0.27687491 -0.31525725 0.46356961
v -0.25022211 -0.34444198 0.46576460
v -0.22146325 -0.37020708 0.46815925
v -0.19084478 -0.39213000 0.47073397
v -0.15863326 -0.40985073 0.47346711
v -0.12511293 -0.42308190 0.47633516
v -0.09058493 -0.43161516 0.47931275
v -0.05536428 -0.43532640 0.48237295
v -0.01977863 -0.43417773 0.48548728
v 0.01583547 -0.42821741 0.48862613
v 0.05113505 -0.41757732 0.49175893
v 0.08577355 -0.40246798 0.49485444
v 0.11940541 -0.38317177 0.49788116
v 0.15168868 -0.36003459 0.50080765
v 0.18228998 -0.33345568 0.50360295
v 0.21088817 -0.30387698 0.50623697
v 0.23717798 -0.27177213 0.50868088
v 0.26087504 -0.23763398 0.51090758
v 0.28171900 -0.20196456 0.51289201
v 0.29947799 -0.16526256 0.51461164
v 0.31395146 -0.12801478 0.51604672
v 0.32497373 -0.09068578 0.51718065
v 0.33241657 -0.05371060 0.51800022
v 0.33619107 -0.01748873 0.51849585
v 0.32296369 0.01692581 0.54545227
v 0.31940189 0.04970539 0.54529117
v 0.31225385 0.08095922 0.54480976
v 0.30159588 0.11046728 0.54401369
v 0.28754393 0.13805030 0.54291229
v 0.27025226 0.16356772 0.54151838
v 0.24991082 0.18691495 0.53984807
v 0.22674293 0.20801946 0.53792056
v 0.20100176 0.22683626 0.53575774
v 0.17296668 0.24334285 0.53338393
v 0.14293950 0.25753375 0.53082547
v 0.11124026 0.26941524 0.52811035
v 0.07820287 0.27899975 0.52526780
v 0.04417088 0.28630102 0.52232790
v 0.00949324 0.29132989 0.51932118
v -0.02548001 0.29409049 0.51627825
v -0.06040156 0.29457774 0.51322943
v -0.09493056 0.29277639 0.51020443
v -0.12873621 0.28866038 0.50723202
v -0.16150062 0.28219467 0.50433983
v -0.19292163 0.27333755 0.50155406
v -0.22271531 0.26204470 0.49889932
v -0.25061779 0.24827415 0.49639846
v -0.27638695 0.23199273 0.49407249
v -0.29980376 0.21318222 0.49194046
v -0.32067329 0.19184684 0.49001943
v -0.33882536 0.16802027 0.48832441
v -0.35411518 0.14177253 0.48686837
v -0.36642340 0.11321568 0.48566226
v -0.37565643 0.08250926 0.48471498
v -0.38174621 0.04986346 0.48403345
v -0.38465029 0.01554098 0.48362257
v -0.38435151 -0.02014304 0.48348528
v -0.38085785 -0.05682315 0.48362257
v -0.37420203 -0.09408821 0.48403345
v -0.36444136 -0.13148710 0.48471498
v -0.35165735 -0.16853725 0.48566226
v -0.33595552 -0.20473441 0.48686837
v -0.31746480 -0.23956349 0.48832441
v -0.29633734 -0.27251060 0.49001943
v -0.27274783 -0.30307598 0.49194046
v -0.24689302 -0.33078533 0.49407249
v -0.21899098 -0.35520273 0.49639845
v -0.18927989 -0.37594163 0.49889931
v -0.15801752 -0.39267377 0.50155406
v -0.12547897 -0.40513856 0.50433984
v -0.09195601 -0.41314807 0.50723202
v -0.05775407 -0.41659207 0.51020443
v -0.02319112 -0.41543931 0.51322943
v 0.01140598 -0.40973731 0.51627825
v 0.04570390 -0.39961008 0.51932118
v 0.07936553 -0.38525360 0.52232790
v 0.11205462 -0.36692929 0.52526780
v 0.14343811 -0.34495675 0.52811035
v 0.17319119 -0.31970447 0.53082546
v 0.20100082 -0.29158026 0.53338393
v 0.22656926 -0.26102132 0.53575774
v 0.24961909 -0.22848303 0.53792056
v 0.26989626 -0.19443001 0.53984807
v 0.28717437 -0.15932479 0.54151838
v 0.30125754 -0.12362031 0.54291229
v 0.31198401 -0.08775056 0.54401369
v 0.31922847 -0.05212396 0.54480976
v 0.32290396 -0.01711814 0.54529117
v 0.30950571 0.01622051 0.57222767
v 0.30604745 0.04807967 0.57207140
v 0.29910410 0.07858252 0.57160444
v 0.28874995 0.10750891 0.57083226
v 0.27509809 0.13467397 0.56976389
v 0.25829895 0.15992649 0.56841180
v 0.23853767 0.18314681 0.56679160
v 0.21603206 0.20424358 0.56492191
v 0.19102883 0.22315016 0.56282398
v 0.16380029 0.23982040 0.56052139
v 0.13464046 0.25422450 0.55803968
v 0.10386102 0.26634433 0.55540601
v 0.07178708 0.27616943 0.55264874
v 0.03875294 0.28369277 0.54979704
v 0.00509800 0.28890750 0.54688052
v -0.02883753 0.29180422 0.54392888
v -0.06271625 0.29236896 0.54097153
v -0.09620732 0.29058252 0.53803727
v -0.12898992 0.28642057 0.53515404
v -0.16075597 0.27985478 0.53234862
v -0.19121299 0.27085550 0.52964642
v -0.22008630 0.25939515 0.52707132
v -0.24712103 0.24545244 0.52464549
v -0.27208349 0.22901782 0.52238930
v -0.29476252 0.21009882 0.52032123
v -0.31497046 0.18872602 0.51845783
v -0.33254365 0.16495912 0.51681366
v -0.34734295 0.13889219 0.51540130
v -0.35925396 0.11065826 0.51423138
v -0.36818697 0.08043366 0.51331252
v -0.37407693 0.04844001 0.51265143
v -0.37688330 0.01494541 0.51225287
v -0.37658992 -0.01973627 0.51211970
v -0.37320463 -0.05524779 0.51225287
v -0.36675907 -0.09119307 0.51265143
v -0.35730835 -0.12714277 0.51331252
v -0.34493090 -0.16264201 0.51423138
v -0.32972808 -0.19721948 0.51540130
v -0.31182388 -0.23039704 0.51681366
v -0.29136460 -0.26170064 0.51845783
v -0.26851827 -0.29067154 0.52032123
v -0.24347438 -0.31687682 0.52238930
v -0.21644305 -0.33992006 0.52464548
v -0.18765396 -0.35945145 0.52707132
v -0.15735601 -0.37517535 0.52964641
v -0.12581498 -0.38685831 0.53234862
v -0.09331313 -0.39433351 0.53515404
v -0.06014614 -0.39750472 0.53803728
v -0.02662213 -0.39634744 0.54097153
v 0.00694187 -0.39090861 0.54392888
v 0.04022233 -0.38130417 0.54688053
v 0.07289175 -0.36771512 0.54979703
v 0.10462327 -0.35038156 0.55264875
v 0.13509293 -0.32959635 0.55540601
v 0.16398459 -0.30569651 0.55803967
v 0.19099340 -0.27905492 0.56052139
v 0.21582931 -0.25007165 0.56282398
v 0.23822193 -0.21916376 0.56492192
v 0.25792355 -0.18675773 0.56679160
v 0.27471336 -0.15327919 0.56841180
v 0.28840029 -0.11914647 0.56976390
v 0.29882643 -0.08476236 0.57083225
v 0.30586945 -0.05050814 0.57160444
v 0.30944446 -0.01673914 0.57207140
v 0.29625913 0.01552628 0.59902165
v 0.29290249 0.04648205 0.59887013
v 0.28615995 0.07624652 0.59841733
v 0.27610399 0.10459948 0.59766857
v 0.26284473 0.13135065 0.59663262
v 0.24652891 0.15633857 0.59532154
v 0.22733703 0.17942890 0.59375049
v 0.20548130 0.20051211 0.59193752
v 0.18120224 0.21950046 0.58990323
v 0.15476507 0.23632495 0.58767049
v 0.12645628 0.25093201 0.58526406
v 0.09657934 0.26327995 0.58271029
v 0.06545065 0.27333598 0.58003666
v 0.03339547 0.28107289 0.57727147
v 0.00074379 0.28646670 0.57444343
v -0.03217378 0.28949481 0.57158132
v -0.06502961 0.29013470 0.56871368
v -0.09750267 0.28836333 0.56586844
v -0.12928189 0.28415783 0.56307267
v -0.16006887 0.27749670 0.56035235
v -0.18958054 0.26836192 0.55773213
v -0.21755139 0.25674211 0.55523514
v -0.24373529 0.24263615 0.55288290
v -0.26790682 0.22605739 0.55069515
v -0.28986255 0.20703841 0.54868982
v -0.30942189 0.18563542 0.54688295
v -0.32642763 0.16193333 0.54528865
v -0.34074614 0.13604953 0.54391914
v -0.35226782 0.10813749 0.54278470
v -0.36090673 0.07838968 0.54189372
v -0.36660083 0.04703882 0.54125269
v -0.36931150 0.01435817 0.54086622
v -0.36902345 -0.01933973 0.54073709
v -0.36574442 -0.05370568 0.54086622
v -0.35950496 -0.08835842 0.54125269
v -0.35035812 -0.12288981 0.54189372
v -0.33837926 -0.15687210 0.54278470
v -0.32366563 -0.18986600 0.54391914
v -0.30633641 -0.22142951 0.54528865
v -0.28653215 -0.25112731 0.54688295
v -0.26441443 -0.27854084 0.54868982
v -0.24016558 -0.30327725 0.55069515
v -0.21398793 -0.32497880 0.55288289
v -0.18610290 -0.34333143 0.55523514
v -0.15675063 -0.35807128 0.55773212
v -0.12618783 -0.36899135 0.56035235
v -0.09468738 -0.37594523 0.56307267
v -0.06253542 -0.37885046 0.56586844
v -0.03003043 -0.37768914 0.56871368
v 0.00252023 -0.37250757 0.57158132
v 0.03480259 -0.36341377 0.57444343
v 0.06649866 -0.35057425 0.57727146
v 0.09729074 -0.33420828 0.58003667
v 0.12686382 -0.31458259 0.58271029
v 0.15491024 -0.29200350 0.58526406
v 0.18113327 -0.26681002 0.58767049
v 0.20525036 -0.23936590 0.58990323
v 0.22699803 -0.21005098 0.59193752
v 0.24613482 -0.17925439 0.59375049
v 0.26244542 -0.14736585 0.59532154
v 0.27574343 -0.11477002 0.59663262
v 0.28587479 -0.08183914 0.59766857
v 0.29272008 -0.04892811 0.59841733
v 0.29619645 -0.01637044 0.59887013
v 0.28353307 0.01485934 0.62586124
v 0.28027323 0.04495365 0.62571423
v 0.27372208 0.07401076 0.62527491
v 0.26395031 0.10181057 0.62454845
v 0.25106534 0.12815791 0.62354335
v 0.23521026 0.15288191 0.62227131
v 0.21656109 0.17583473 0.62074705
v 0.19532477 0.19688995 0.61898807
v 0.17173584 0.21594041 0.61701436
v 0.14605287 0.23289586 0.61484811
v 0.11855497 0.24768075 0.61251335
v 0.08953786 0.26023160 0.61003563
v 0.05930962 0.27049472 0.60744162
v 0.02818688 0.27842428 0.60475877
v -0.00350937 0.28398046 0.60201495
v -0.03545767 0.28712846 0.59923808
v -0.06733968 0.28783759 0.59645583
v -0.09884373 0.28608151 0.59369532
v -0.12966805 0.28183862 0.59098281
v -0.15952341 0.27509381 0.58834350
v -0.18813574 0.26583987 0.58580131
v -0.21524817 0.25408050 0.58337869
v -0.24062289 0.23983315 0.58109649
v -0.26404233 0.22313266 0.57897390
v -0.28531040 0.20403469 0.57702829
v -0.30425324 0.18261928 0.57527522
v -0.32071958 0.15899462 0.57372840
v -0.33458120 0.13329974 0.57239967
v -0.34573292 0.10570689 0.57129902
v -0.35409254 0.07642353 0.57043457
v -0.35960061 0.04569242 0.56981262
v -0.36222037 0.01379142 0.56943767
v -0.36193746 -0.01896837 0.56931239
v -0.35875953 -0.05224550 0.56943767
v -0.35271605 -0.08567271 0.56981262
v -0.34385807 -0.11886189 0.57043457
v -0.33225795 -0.15141074 0.57129902
v -0.31800935 -0.18291010 0.57239967
v -0.30122670 -0.21295174 0.57372840
v -0.28204512 -0.24113675 0.57527522
v -0.26062013 -0.26708409 0.57702828
v -0.23712723 -0.29043847 0.57897389
v -0.21176139 -0.31087833 0.58109649
v -0.18473621 -0.32812299 0.58337868
v -0.15628349 -0.34193823 0.58580130
v -0.12665134 -0.35214189 0.58834351
v -0.09610376 -0.35860666 0.59098281
v -0.06491780 -0.36126277 0.59369533
v -0.03338277 -0.36009856 0.59645584
v -0.00179683 -0.35515960 0.59923807
v 0.02953518 -0.34654669 0.60201495
v 0.06030426 -0.33441250 0.60475877
v 0.09020152 -0.31895697 0.60744162
v 0.11892047 -0.30042232 0.61003563
v 0.14616158 -0.27908620 0.61251334
v 0.17163583 -0.25525584 0.61484811
v 0.19506781 -0.22926099 0.61701436
v 0.21620074 -0.20144663 0.61898807
v 0.23479909 -0.17216704 0.62074705
v 0.25065277 -0.14177825 0.62227132
v 0.26357995 -0.11063332 0.62354335
v 0.27343017 -0.07907594 0.62454845
v 0.28008688 -0.04743618 0.62527491
v 0.28346910 -0.01602711 0.62571423
v 0.27154716 0.01423118 0.65276561
v 0.26837730 0.04352367 0.65262279
v 0.26200418 0.07191754 0.65219598
v 0.25249677 0.09919302 0.65149022
v 0.23995995 0.12515086 0.65051375
v 0.22453340 0.14961191 0.64927796
v 0.20638903 0.17241650 0.64779712
v 0.18572879 0.19342330 0.64608825
v 0.16278166 0.21250786 0.64417077
v 0.13779992 0.22956125 0.64206623
v 0.11105589 0.24448824 0.63979799
v 0.08283794 0.25720598 0.63739085
v 0.05344647 0.26764238 0.63487074
v 0.02318999 0.27573492 0.63226432
v -0.00761883 0.28142974 0.62959867
v -0.03866707 0.28468107 0.62690091
v -0.06964507 0.28545122 0.62419793
v -0.10024980 0.28371070 0.62151606
v -0.13018814 0.27943928 0.61888083
v -0.15917937 0.27262737 0.61631671
v -0.18695772 0.26327744 0.61384694
v -0.21327435 0.25140668 0.61149333
v -0.23789914 0.23704914 0.60927615
v -0.26062173 0.22025868 0.60721403
v -0.28125283 0.20111154 0.60532385
v -0.29962470 0.17970897 0.60362072
v -0.31559167 0.15617969 0.60211797
v -0.32903038 0.13068198 0.60082710
v -0.33983970 0.10340460 0.59975780
v -0.34794085 0.07456806 0.59891798
v -0.35327686 0.04442393 0.59831375
v -0.35581271 0.01325382 0.59794948
v -0.35553471 -0.01863281 0.59782776
v -0.35245046 -0.05090179 0.59794948
v -0.34658844 -0.08319878 0.59831375
v -0.33799794 -0.11515392 0.59891798
v -0.32674862 -0.14638808 0.59975780
v -0.31293064 -0.17651943 0.60082710
v -0.29665409 -0.20517038 0.60211797
v -0.27804927 -0.23197475 0.60362072
v -0.25726595 -0.25658562 0.60532384
v -0.23447340 -0.27868142 0.60721403
v -0.20985988 -0.29797324 0.60927615
v -0.18363164 -0.31421057 0.61149333
v -0.15601290 -0.32718582 0.61384693
v -0.12724379 -0.33673919 0.61631671
v -0.09758005 -0.34276049 0.61888083
v -0.06729037 -0.34519155 0.62151607
v -0.03665554 -0.34402603 0.62419793
v -0.00596520 -0.33930894 0.62690091
v 0.02448432 -0.33113448 0.62959867
v 0.05439239 -0.31964288 0.63226432
v 0.08345829 -0.30501654 0.63487074
v 0.11138348 -0.28747558 0.63739085
v 0.13787602 -0.26727179 0.63979798
v 0.16265405 -0.24468361 0.64206623
v 0.18544894 -0.22001026 0.64417077
v 0.20601006 -0.19356514 0.64608825
v 0.22410745 -0.16567113 0.64779712
v 0.23953598 -0.13665374 0.64927796
v 0.25211798 -0.10683751 0.65051376
v 0.26170653 -0.07654025 0.65149022
v 0.26818765 -0.04606953 0.65219599
v 0.27148212 -0.01571982 0.65262279
v 0.26042873 0.01364849 0.67974604
v 0.25734077 0.04220903 0.67960702
v 0.25112998 0.06999137 0.67919160
v 0.24186367 0.09677632 0.67850466
v 0.22964437 0.12236139 0.67755422
v 0.21460872 0.14656065 0.67635138
v 0.19692470 0.16920444 0.67491003
v 0.17678983 0.19013884 0.67324672
v 0.15442777 0.20922479 0.67138037
v 0.13008521 0.22633729 0.66933195
v 0.10402817 0.24136454 0.66712418
v 0.07653833 0.25420706 0.66478123
v 0.04790897 0.26477706 0.66232832
v 0.01844121 0.27299778 0.65979140
v -0.01155988 0.27880333 0.65719682
v -0.04178921 0.28213880 0.65457099
v -0.07194497 0.28296018 0.65194008
v -0.10173206 0.28123560 0.64932973
v -0.13086520 0.27694591 0.64676476
v -0.15907139 0.27008626 0.64426901
v -0.18609240 0.26066760 0.64186509
v -0.21168663 0.24871849 0.63957424
v -0.23563090 0.23428735 0.63741618
v -0.25772141 0.21744423 0.63540904
v -0.27777488 0.19828292 0.63356926
v -0.29562917 0.17692266 0.63191155
v -0.31114364 0.15350988 0.63044886
v -0.32419922 0.12821891 0.62919241
v -0.33469853 0.10125260 0.62815163
v -0.34256571 0.07284230 0.62733420
v -0.34774609 0.04324674 0.62674608
v -0.35020606 0.01275036 0.62639152
v -0.34993267 -0.01833922 0.62627305
v -0.34693346 -0.04969460 0.62639152
v -0.34123601 -0.08097304 0.62674608
v -0.33288792 -0.11182094 0.62733420
v -0.32195651 -0.14187963 0.62815163
v -0.30852876 -0.17079128 0.62919241
v -0.29271102 -0.19820517 0.63044886
v -0.27462907 -0.22378395 0.63191154
v -0.25442758 -0.24721025 0.63356926
v -0.23227030 -0.26819219 0.63540904
v -0.20833928 -0.28646921 0.63741618
v -0.18283431 -0.30181712 0.63957424
v -0.15597268 -0.31405159 0.64186509
v -0.12798734 -0.32303216 0.64426901
v -0.09912657 -0.32866359 0.64676476
v -0.06965146 -0.33089762 0.64932973
v -0.03983508 -0.32973273 0.65194008
v -0.00995930 -0.32521324 0.65457099
v 0.01968727 -0.31742749 0.65719682
v 0.04881163 -0.30650492 0.65979139
v 0.07712056 -0.29261256 0.66232832
v 0.10432272 -0.27595115 0.66478123
v 0.13013317 -0.25674997 0.66712417
v 0.15427664 -0.23526232 0.66933195
v 0.17649066 -0.21176070 0.67138037
v 0.19653028 -0.18653097 0.67324673
v 0.21417067 -0.15986843 0.67491003
v 0.22921127 -0.13207202 0.67635138
v 0.24147827 -0.10344125 0.67755423
v 0.25082786 -0.07427120 0.67850465
v 0.25714854 -0.04484971 0.67919160
v 0.26036281 -0.01545480 0.67960702
v 0.25022103 0.01311353 0.70680619
v 0.24720662 0.04101550 0.70667059
v 0.24114163 0.06824057 0.70626535
v 0.23209200 0.09457049 0.70559526
v 0.22015814 0.11980040 0.70466813
v 0.20547376 0.14373904 0.70349479
v 0.18820347 0.16620887 0.70208879
v 0.16854059 0.18704569 0.70046628
v 0.14670418 0.20609859 0.69864569
v 0.12293564 0.22322953 0.69664751
v 0.09749539 0.23831306 0.69449389
v 0.07065900 0.25123613 0.69220840
v 0.04271337 0.26189806 0.68981564
v 0.01395294 0.27021046 0.68734094
v -0.01532412 0.27609756 0.68480999
v -0.04481971 0.27949675 0.68224857
v -0.07423911 0.28035926 0.67968218
v -0.10329432 0.27865098 0.67713584
v -0.13170707 0.27435383 0.67463378
v -0.15921126 0.26746685 0.67219923
v -0.18555535 0.25800798 0.66985427
v -0.21050425 0.24601531 0.66761961
v -0.23384090 0.23154891 0.66551447
v -0.25536728 0.21469220 0.66355656
v -0.27490549 0.19555344 0.66176190
v -0.29229832 0.17426661 0.66014484
v -0.30740946 0.15099238 0.65871803
v -0.32012371 0.12591832 0.65749239
v -0.33034692 0.09925842 0.65647713
v -0.33800585 0.07125272 0.65567975
v -0.34304778 0.04216541 0.65510605
v -0.34544038 0.01228277 0.65476019
v -0.34517133 -0.01808969 0.65464463
v -0.34224804 -0.04863074 0.65476019
v -0.33669736 -0.07900790 0.65510605
v -0.32856541 -0.10888167 0.65567975
v -0.31791740 -0.13791102 0.65647713
v -0.30483756 -0.16575870 0.65749239
v -0.28942889 -0.19209689 0.65871803
v -0.27181323 -0.21661273 0.66014483
v -0.25213079 -0.23901408 0.66176189
v -0.23054035 -0.25903403 0.66355656
v -0.20721859 -0.27643619 0.66551447
v -0.18235953 -0.29101851 0.66761960
v -0.15617434 -0.30261630 0.66985427
v -0.12888954 -0.31110539 0.67219924
v -0.10074682 -0.31640320 0.67463377
v -0.07200049 -0.31846974 0.67713584
v -0.04291671 -0.31730743 0.67968218
v -0.01377042 -0.31296005 0.68224856
v 0.01515670 -0.30551080 0.68481000
v 0.04357853 -0.29508000 0.68734094
v 0.07120855 -0.28182164 0.68981564
v 0.09776199 -0.26592002 0.69220840
v 0.12296017 -0.24758522 0.69449388
v 0.14653379 -0.22704942 0.69664751
v 0.16822597 -0.20456230 0.69864569
v 0.18779692 -0.18038636 0.70046628
v 0.20502649 -0.15479355 0.70208879
v 0.21971818 -0.12806018 0.70349479
v 0.23170176 -0.10046445 0.70466814
v 0.24083634 -0.07228212 0.70559525
v 0.24701260 -0.04378404 0.70626535
v 0.25015454 -0.01523414 0.70667059
v 0.24089853 0.01262496 0.73394396
v 0.23794951 0.03993966 0.73381138
v 0.23201427 0.06666025 0.73341517
v 0.22315759 0.09256961 0.73276001
v 0.21147789 0.11746146 0.73185354
v 0.19710639 0.14114069 0.73070634
v 0.18020443 0.16342368 0.72933167
v 0.16096176 0.18413847 0.72774531
v 0.13959315 0.20312490 0.72596530
v 0.11633534 0.22023466 0.72401163
v 0.09144363 0.23533177 0.72190600
v 0.06518815 0.24829243 0.71967144
v 0.03785007 0.25900579 0.71733200
v 0.00971784 0.26737433 0.71491244
v -0.01891652 0.27331457 0.71243789
v -0.04776115 0.27675787 0.70993353
v -0.07652766 0.27765153 0.70742433
v -0.10493433 0.27595996 0.70493473
v -0.13270911 0.27166577 0.70248842
v -0.15959201 0.26477133 0.70010813
v -0.18533740 0.25530003 0.69781542
v -0.20971586 0.24329750 0.69563054
v -0.23251571 0.22883313 0.69357232
v -0.25354404 0.21200089 0.69165803
v -0.27262761 0.19292036 0.68990335
v -0.28961344 0.17173713 0.68832233
v -0.30436906 0.14862296 0.68692731
v -0.31678262 0.12377561 0.68572899
v -0.32676274 0.09741763 0.68473635
v -0.33423840 0.06979552 0.68395673
v -0.33915861 0.04117725 0.68339582
v -0.34149211 0.01185003 0.68305766
v -0.34122708 -0.01788298 0.68294468
v -0.33837090 -0.04770619 0.68305766
v -0.33294968 -0.07729603 0.68339582
v -0.32500831 -0.10632506 0.68395673
v -0.31461018 -0.13446710 0.68473635
v -0.30183708 -0.16140216 0.68572899
v -0.28678915 -0.18682147 0.68692731
v -0.26958481 -0.21043250 0.68832233
v -0.25036038 -0.23196394 0.68990335
v -0.22927031 -0.25116962 0.69165803
v -0.20648663 -0.26783285 0.69357231
v -0.18219827 -0.28176991 0.69563054
v -0.15661105 -0.29283223 0.69781541
v -0.12994593 -0.30090898 0.70010813
v -0.10243873 -0.30592776 0.70248842
v -0.07433780 -0.30785551 0.70493474
v -0.04590320 -0.30669774 0.70742433
v -0.01740371 -0.30249760 0.70993353
v 0.01088512 -0.29533412 0.71243789
v 0.03868330 -0.28532009 0.71491243
v 0.06571031 -0.27259852 0.71733200
v 0.09168723 -0.25734024 0.71967144
v 0.11634098 -0.23973954 0.72190599
v 0.13940767 -0.22001098 0.72401164
v 0.16063539 -0.19838549 0.72596529
v 0.17978902 -0.17510631 0.72774531
v 0.19665260 -0.15042603 0.72933167
v 0.21103339 -0.12460223 0.73070634
v 0.22276432 -0.09789538 0.73185355
v 0.23170709 -0.07056513 0.73276000
v 0.23775444 -0.04286819 0.73341517
v 0.24083174 -0.01505659 0.73381138
v 0.23238588 0.01217883 0.76115268
v 0.22949472 0.03897152 0.76102276
v 0.22367466 0.06523588 0.76063453
v 0.21498918 0.09075623 0.75999254
v 0.20353508 0.11532567 0.75910431
v 0.18944118 0.13874655 0.75798018
v 0.17286616 0.16083098 0.75663316
v 0.15399628 0.18140136 0.75507871
v 0.13304258 0.20029068 0.75333450
v 0.11023756 0.21734315 0.75142014
v 0.08583197 0.23241472 0.74935686
v 0.06009103 0.24537361 0.74716724
v 0.03329080 0.25610143 0.74487486
v 0.00571438 0.26449367 0.74250397
v -0.02235169 0.27046097 0.74007920
v -0.05062111 0.27393034 0.73762522
v -0.07881109 0.27484612 0.73516649
v -0.10664547 0.27317156 0.73272696
v -0.13385770 0.26888993 0.73032986
v -0.16019315 0.26200618 0.72799744
v -0.18541138 0.25254783 0.72575085
v -0.20928791 0.24056635 0.72360993
v -0.23161580 0.22613811 0.72159310
v -0.25220650 0.20936512 0.71971732
v -0.27089086 0.19037548 0.71799794
v -0.28751957 0.16932341 0.71644872
v -0.30196345 0.14638898 0.71508176
v -0.31411347 0.12177735 0.71390754
v -0.32388067 0.09571720 0.71293486
v -0.33119591 0.06845940 0.71217093
v -0.33600968 0.04027434 0.71162131
v -0.33829163 0.01144917 0.71128995
v -0.33803040 -0.01771545 0.71117923
v -0.33523320 -0.04690908 0.71128995
v -0.32992565 -0.07581587 0.71162131
v -0.32215148 -0.10411855 0.71217093
v -0.31197255 -0.13150324 0.71293486
v -0.29946856 -0.15766412 0.71390754
v -0.28473715 -0.18230806 0.71508176
v -0.26789379 -0.20515896 0.71644872
v -0.24907153 -0.22596236 0.71799794
v -0.22842104 -0.24448881 0.71971732
v -0.20611027 -0.26053753 0.72159310
v -0.18232382 -0.27393948 0.72360993
v -0.15726285 -0.28455881 0.72575085
v -0.13114339 -0.29229559 0.72799745
v -0.10419621 -0.29708540 0.73032986
v -0.07666439 -0.29890062 0.73272697
v -0.04880263 -0.29774909 0.73516649
v -0.02087430 -0.29367352 0.73762521
v 0.00685050 -0.28674951 0.74007920
v 0.03409721 -0.27708347 0.74250397
v 0.06059063 -0.26480978 0.74487486
v 0.08605708 -0.25008837 0.74716724
v 0.11022852 -0.23310065 0.74935685
v 0.13284578 -0.21404705 0.75142014
v 0.15366155 -0.19314340 0.75333450
v 0.17244483 -0.17061730 0.75507871
v 0.18898348 -0.14670571 0.75663316
v 0.20308807 -0.12165099 0.75798018
v 0.21459449 -0.09569931 0.75910431
v 0.22336671 -0.06909709 0.75999254
v 0.22929934 -0.04208942 0.76063453
v 0.23231897 -0.01491850 0.76102276
v 0.22457750 0.01176961 0.78842304
v 0.22173771 0.03809702 0.78829548
v 0.21602002 0.06394712 0.78791429
v 0.20748686 0.08910592 0.78728396
v 0.19623350 0.11336655 0.78641185
v 0.18238671 0.13652999 0.78530813
v 0.16610249 0.15840569 0.78398556
v 0.14756417 0.17881216 0.78245933
v 0.12697936 0.19757782 0.78074679
v 0.10457676 0.21454150 0.77886717
v 0.08060300 0.22955353 0.77684135
v 0.05531891 0.24247651 0.77469148
v 0.02899592 0.25318648 0.77244072
v 0.00191236 0.26157414 0.77011286
v -0.02565012 0.26754596 0.76773211
v -0.05341021 0.27102573 0.76532268
v -0.08109006 0.27195574 0.76290858
v -0.10841846 0.27029844 0.76051334
v -0.13513373 0.26603779 0.75815975
v -0.16098594 0.25918047 0.75586968
v -0.18573920 0.24975720 0.75366387
v -0.20917340 0.23782357 0.75156181
v -0.23108570 0.22346114 0.74958160
v -0.25129134 0.20677765 0.74773987
v -0.26962468 0.18790731 0.74605170
v -0.28593965 0.16701041 0.74453060
v -0.30010981 0.14427281 0.74318846
v -0.31202862 0.11990471 0.74203555
v -0.32160909 0.09413879 0.74108054
v -0.32878388 0.06722860 0.74033047
v -0.33350450 0.03944556 0.73979082
v -0.33574150 0.01107605 0.73946548
v -0.33548381 -0.01758199 0.73935678
v -0.33273860 -0.04622281 0.73946548
v -0.32753091 -0.07453723 0.73979082
v -0.31990364 -0.10221647 0.74033047
v -0.30991715 -0.12895681 0.74108054
v -0.29764957 -0.15446396 0.74203555
v -0.28319623 -0.17845727 0.74318846
v -0.26667014 -0.20067380 0.74453060
v -0.24820146 -0.22087259 0.74605170
v -0.22793767 -0.23883727 0.74773987
v -0.20604318 -0.25437970 0.74958159
v -0.18269881 -0.26734220 0.75156181
v -0.15810166 -0.27759919 0.75366387
v -0.13246353 -0.28505880 0.75586968
v -0.10601069 -0.28966319 0.75815975
v -0.07898164 -0.29138862 0.76051335
v -0.05162636 -0.29024491 0.76290858
v -0.02420341 -0.28627420 0.76532267
v 0.00302194 -0.27954925 0.76773211
v 0.02977994 -0.27017150 0.77011286
v 0.05580017 -0.25826844 0.77244072
v 0.08081359 -0.24399117 0.77469148
v 0.10455667 -0.22751113 0.77684135
v 0.12677456 -0.20901750 0.77886717
v 0.14722403 -0.18871409 0.78074678
v 0.16567781 -0.16681612 0.78245933
v 0.18192722 -0.14354816 0.78398556
v 0.19578586 -0.11914045 0.78530813
v 0.20709214 -0.09382761 0.78641185
v 0.21571233 -0.06784552 0.78728396
v 0.22154259 -0.04142986 0.78791429
v 0.22451070 -0.01481471 0.78829548
v 0.21735463 0.01139107 0.81574475
v 0.21456084 0.03730038 0.81561929
v 0.20893491 0.06277113 0.81524439
v 0.20053842 0.08759117 0.81462444
v 0.18946512 0.11155431 0.81376670
v 0.17583992 0.13446110 0.81268117
v 0.15981653 0.15611954 0.81138040
v 0.14157553 0.17634599 0.80987932
v 0.12132136 0.19496581 0.80819499
v 0.09927930 0.21181454 0.80634635
v 0.07569223 0.22673874 0.80435392
v 0.05081698 0.23959731 0.80223947
v 0.02492086 0.25026275 0.80002579
v -0.00172218 0.25862236 0.79773630
v -0.02883489 0.26457988 0.79539478
v -0.05614039 0.26805697 0.79302505
v -0.08336533 0.26899465 0.79065073
v -0.11024289 0.26735495 0.78829497
v -0.13651572 0.26312214 0.78598016
v -0.16193806 0.25630439 0.78372783
v -0.18627809 0.24693453 0.78155836
v -0.20931951 0.23507107 0.77949094
v -0.23086306 0.22079914 0.77754336
v -0.25072734 0.20423031 0.77573198
v -0.26874977 0.18550287 0.77407163
v -0.28478702 0.16478113 0.77257560
v -0.29871513 0.14225458 0.77125557
v -0.31042956 0.11813650 0.77012166
v -0.31984521 0.09266185 0.76918239
v -0.32689597 0.06608536 0.76844468
v -0.33153454 0.03867840 0.76791392
v -0.33373204 0.01072597 0.76759394
v -0.33347769 -0.01747685 0.76748703
v -0.33077861 -0.04562868 0.76759394
v -0.32565939 -0.07342612 0.76791392
v -0.31816207 -0.10056751 0.76844468
v -0.30834593 -0.12675747 0.76918239
v -0.29628745 -0.15171097 0.77012166
v -0.28208025 -0.17515740 0.77125557
v -0.26583507 -0.19684424 0.77257559
v -0.24767956 -0.21654098 0.77407163
v -0.22775850 -0.23404157 0.77573198
v -0.20623320 -0.24916760 0.77754336
v -0.18328119 -0.26177032 0.77949094
v -0.15909599 -0.27173184 0.78155836
v -0.13388567 -0.27896668 0.78372783
v -0.10787258 -0.28342171 0.78598016
v -0.08129115 -0.28507638 0.78829497
v -0.05438714 -0.28394179 0.79065074
v -0.02741488 -0.28005949 0.79302505
v -0.00063530 -0.27350004 0.79539478
v 0.02568618 -0.26436094 0.79773630
v 0.05128342 -0.25276418 0.80002580
v 0.07589155 -0.23885409 0.80223947
v 0.09925119 -0.22279420 0.80435391
v 0.12111133 -0.20476486 0.80634636
v 0.14123243 -0.18496061 0.80819499
v 0.15939070 -0.16358690 0.80987932
v 0.17538049 -0.14085857 0.81138040
v 0.18901827 -0.11699629 0.81268118
v 0.20014480 -0.09222560 0.81376671
v 0.20862832 -0.06677395 0.81462444
v 0.21436648 -0.04086940 0.81524439
v 0.21728813 -0.01473945 0.81561929
v 0.21059935 0.01103704 0.84310737
v 0.20784720 0.03656591 0.84298381
v 0.20230459 0.06168518 0.84261457
v 0.19403220 0.08618467 0.84200400
v 0.18312248 0.10985937 0.84115924
v 0.16969860 0.13251012 0.84009012
v 0.15391208 0.15394456 0.83880902
v 0.13594100 0.17397803 0.83733063
v 0.11598695 0.19243436 0.83567178
v 0.09427197 0.20914720 0.83385110
v 0.07103555 0.22396106 0.83188879
v 0.04653086 0.23673256 0.82980632
v 0.02102132 0.24733203 0.82762612
v -0.00522299 0.25564482 0.82537125
v -0.03192888 0.26157308 0.82306513
v -0.05882354 0.26503711 0.82073124
v -0.08563764 0.26597722 0.81839283
v -0.11210839 0.26435526 0.81607269
v -0.13798230 0.26015589 0.81379289
v -0.16301742 0.25338813 0.81157461
v -0.18698553 0.24408634 0.80943796
v -0.20967373 0.23231093 0.80740180
v -0.23088594 0.21814914 0.80548367
v -0.25044377 0.20171503 0.80369968
v -0.26818731 0.18314938 0.80206444
v -0.28397563 0.16261871 0.80059103
v -0.29768690 0.14031455 0.79929096
v -0.30921847 0.11645170 0.79817420
v -0.31848668 0.09126594 0.79724913
v -0.32542663 0.06501203 0.79652258
v -0.32999199 0.03796046 0.79599985
v -0.33215434 0.01039431 0.79568471
v -0.33190318 -0.01739433 0.79557941
v -0.32924558 -0.04510814 0.79568471
v -0.32420568 -0.07244879 0.79599985
v -0.31682480 -0.09912069 0.79652258
v -0.30716130 -0.12483529 0.79724913
v -0.29529022 -0.14931510 0.79817420
v -0.28130359 -0.17229747 0.79929096
v -0.26531024 -0.19353807 0.80059103
v -0.24743573 -0.21281467 0.80206444
v -0.22782227 -0.22992920 0.80369968
v -0.20662856 -0.24471069 0.80548366
v -0.18402916 -0.25701719 0.80740180
v -0.16021447 -0.26673666 0.80943795
v -0.13538924 -0.27378847 0.81157461
v -0.10977232 -0.27812305 0.81379288
v -0.08359446 -0.27972211 0.81607269
v -0.05709767 -0.27859762 0.81839283
v -0.03053241 -0.27479066 0.82073124
v -0.00415572 -0.26836991 0.82306513
v 0.02177090 -0.25942981 0.82537125
v 0.04698521 -0.24808802 0.82762612
v 0.07122623 -0.23448362 0.82980632
v 0.09423823 -0.21877395 0.83188878
v 0.11577384 -0.20113262 0.83385110
v 0.13559692 -0.18174672 0.83567178
v 0.15348676 -0.16081434 0.83733064
v 0.16924068 -0.13854259 0.83880902
v 0.18267766 -0.11514470 0.84009012
v 0.19364066 -0.09083895 0.84115924
v 0.20199979 -0.06584611 0.84200400
v 0.20765402 -0.04038808 0.84261457
v 0.21053325 -0.01468696 0.84298381
v 0.20420349 0.01070185 0.87050153
v 0.20148968 0.03587923 0.87037971
v 0.19602386 0.06066844 0.87001568
v 0.18786596 0.08486140 0.86941371
v 0.17710710 0.10825458 0.86858083
v 0.16386892 0.13064976 0.86752677
v 0.14830091 0.15185499 0.86626371
v 0.13057871 0.17168554 0.86480614
v 0.11090126 0.18996482 0.86317064
v 0.08948766 0.20652575 0.86137559
v 0.06657417 0.22121185 0.85944091
v 0.04241057 0.23387884 0.85738777
v 0.01725671 0.24439589 0.85523826
v -0.00862100 0.25264748 0.85301514
v -0.03495309 0.25853486 0.85074150
v -0.06147052 0.26197781 0.84844047
v -0.08790768 0.26291636 0.84613498
v -0.11400546 0.26131228 0.84384751
v -0.13951394 0.25715060 0.84159981
v -0.16419461 0.25044092 0.83941277
v -0.18782254 0.24121844 0.83730620
v -0.21018791 0.22954479 0.83529871
v -0.23109756 0.21550831 0.83340759
v -0.25037576 0.19922442 0.83164872
v -0.26786500 0.18083500 0.83003650
v -0.28342652 0.16050766 0.82858383
v -0.29694039 0.13843465 0.82730208
v -0.30830555 0.11483099 0.82620104
v -0.31743973 0.08993230 0.82528899
v -0.32427908 0.06399245 0.82457267
v -0.32877797 0.03728035 0.82405730
v -0.33090853 0.01007680 0.82374660
v -0.33066047 -0.01732921 0.82364278
v -0.32804072 -0.04464417 0.82374660
v -0.32307314 -0.07157431 0.82405730
v -0.31579837 -0.09782924 0.82457267
v -0.30627381 -0.12312618 0.82528899
v -0.29457342 -0.14719375 0.82620104
v -0.28078775 -0.16977571 0.82730208
v -0.26502395 -0.19063435 0.82858383
v -0.24740561 -0.20955380 0.83003650
v -0.22807279 -0.22634216 0.83164871
v -0.20718171 -0.24083432 0.83340758
v -0.18490442 -0.25289344 0.83529871
v -0.16142841 -0.26241201 0.83730619
v -0.13695543 -0.26931290 0.83941277
v -0.11170115 -0.27354923 0.84159981
v -0.08589301 -0.27510434 0.84384751
v -0.05976956 -0.27399072 0.84613498
v -0.03357774 -0.27024902 0.84844046
v -0.00757100 -0.26394639 0.85074150
v 0.01799281 -0.25517476 0.85301514
v 0.04285503 -0.24404853 0.85523827
v 0.06675823 -0.23070249 0.85738777
v 0.08945017 -0.21528935 0.85944091
v 0.11068678 -0.19797723 0.86137559
v 0.13023510 -0.17894772 0.86317064
v 0.14787741 -0.15839287 0.86480614
v 0.16341368 -0.13651387 0.86626371
v 0.17666524 -0.11351800 0.86752677
v 0.18747722 -0.08961786 0.86858084
v 0.19572134 -0.06502875 0.86941370
v 0.20129800 -0.03996760 0.87001568
v 0.20413791 -0.01465199 0.87037971
v 0.19807437 0.01038064 0.89791907
v 0.19539641 0.03522802 0.89779887
v 0.19000259 0.05970306 0.89743969
v 0.18195196 0.08359987 0.89684573
v 0.17133462 0.10671670 0.89602395
v 0.15827054 0.12885667 0.89498394
v 0.14290731 0.14982882 0.89373770
v 0.12541840 0.16944906 0.89229955
v 0.10600014 0.18754120 0.89068584
v 0.08486887 0.20393829 0.88891471
v 0.06225774 0.21848379 0.88700580
v 0.03841337 0.23103329 0.88498001
v 0.01359223 0.24145576 0.88285914
v -0.01194271 0.24963541 0.88066564
v -0.03792552 0.25547337 0.87842228
v -0.06409066 0.25888935 0.87615191
v -0.09017604 0.25982331 0.87387714
v -0.11592595 0.25823725 0.87162014
v -0.14109383 0.25411639 0.86940238
v -0.16544438 0.24747078 0.86724447
v -0.18875567 0.23833601 0.86516597
v -0.21082081 0.22677423 0.86318523
v -0.23144925 0.21287432 0.86131930
v -0.25046771 0.19675207 0.85958386
v -0.26772092 0.17854965 0.85799312
v -0.28307208 0.15843476 0.85655981
v -0.29640295 0.13659934 0.85529513
v -0.30761395 0.11325786 0.85420876
v -0.31662404 0.08864488 0.85330886
v -0.32337029 0.06301273 0.85260209
v -0.32780774 0.03662832 0.85209358
v -0.32990901 0.00976979 0.85178702
v -0.32966396 -0.01727698 0.85168459
v -0.32707941 -0.04422216 0.85178702
v -0.32217891 -0.07077614 0.85209358
v -0.31500255 -0.09665312 0.85260209
v -0.30560687 -0.12157515 0.85330886
v -0.29406476 -0.14527607 0.85420876
v -0.28046549 -0.16750493 0.85529513
v -0.26491467 -0.18802922 0.85655981
v -0.24753410 -0.20663824 0.85799312
v -0.22846186 -0.22314496 0.85958386
v -0.20785204 -0.23738875 0.86131929
v -0.18587415 -0.24923677 0.86318523
v -0.16271318 -0.25858489 0.86516597
v -0.13856809 -0.26535870 0.86724448
v -0.11365158 -0.26951327 0.86940238
v -0.08818802 -0.27103304 0.87162014
v -0.06241278 -0.26993090 0.87387714
v -0.03656948 -0.26624695 0.87615190
v -0.01090821 -0.26004718 0.87842228
v 0.01431655 -0.25142146 0.88066564
v 0.03884953 -0.24048142 0.88285914
v 0.06243666 -0.22735873 0.88498001
v 0.08482896 -0.21220218 0.88700580
v 0.10578556 -0.19517573 0.88891471
v 0.12507641 -0.17645655 0.89068584
v 0.14248664 -0.15623190 0.89229955
v 0.15781874 -0.13469828 0.89373770
v 0.17089637 -0.11205820 0.89498394
v 0.18156658 -0.08851961 0.89602396
v 0.18970272 -0.06429338 0.89684573
v 0.19520644 -0.03959227 0.89743969
v 0.19800936 -0.01463000 0.89779887
v 0.19213661 0.01006945 0.92535331
v 0.18949279 0.03460226 0.92523465
v 0.18416743 0.05877454 0.92488006
v 0.17621901 0.08238267 0.92429372
v 0.16573639 0.10522684 0.92348246
v 0.15283810 0.12711187 0.92245576
v 0.13766989 0.14784816 0.92122548
v 0.12040306 0.16725283 0.91980575
v 0.10123149 0.18515060 0.91821270
v 0.08036882 0.20137527 0.91646425
v 0.05804531 0.21577098 0.91457979
v 0.03450450 0.22819368 0.91257994
v 0.00999962 0.23851280 0.91048622
v -0.01520968 0.24661285 0.90832081
v -0.04086079 0.25239526 0.90610618
v -0.06669155 0.25577998 0.90386487
v -0.09244318 0.25670725 0.90161923
v -0.11786326 0.25513925 0.89939113
v -0.14270835 0.25106151 0.89720177
v -0.16674622 0.24448422 0.89507150
v -0.18975779 0.23544318 0.89301961
v -0.21153889 0.22400058 0.89106423
v -0.23190144 0.21024527 0.88922220
v -0.25067446 0.19429288 0.88750898
v -0.26770473 0.17628519 0.88593861
v -0.28285726 0.15638922 0.88452365
v -0.29601548 0.13479608 0.88327516
v -0.30708115 0.11171890 0.88220270
v -0.31597426 0.08739064 0.88131433
v -0.32263280 0.06206166 0.88061661
v -0.32701245 0.03599642 0.88011461
v -0.32908623 0.00947031 0.87981197
v -0.32884409 -0.01723401 0.87971085
v -0.32629286 -0.04383028 0.87981197
v -0.32145570 -0.07003274 0.88011461
v -0.31437222 -0.09555969 0.88061661
v -0.30509817 -0.12013756 0.88131433
v -0.29370546 -0.14350457 0.88220270
v -0.28028212 -0.16541418 0.88327517
v -0.26493238 -0.18563833 0.88452365
v -0.24777639 -0.20397043 0.88593861
v -0.22895038 -0.22022743 0.88750898
v -0.20860638 -0.23425223 0.88922219
v -0.18691167 -0.24591519 0.89106423
v -0.16404878 -0.25511472 0.89301961
v -0.14021408 -0.26177854 0.89507150
v -0.11561750 -0.26586312 0.89720177
v -0.09048051 -0.26735382 0.89939114
v -0.06503543 -0.26626355 0.90161923
v -0.03952277 -0.26263205 0.90386487
v -0.01418944 -0.25652413 0.90610618
v 0.01071333 -0.24802804 0.90832081
v 0.03493349 -0.23725324 0.91048623
v 0.05822017 -0.22432872 0.91257993
v 0.08032753 -0.20940011 0.91457978
v 0.10101768 -0.19262818 0.91646425
v 0.12006349 -0.17418622 0.91821270
v 0.13725275 -0.15425787 0.91980575
v 0.15239039 -0.13303563 0.92122548
v 0.16530226 -0.11071813 0.92245576
v 0.17583734 -0.08750950 0.92348247
v 0.18387052 -0.06361684 0.92429372
v 0.18930468 -0.03924933 0.92488007
v 0.19207228 -0.01461733 0.92523465
v 0.18633164 0.00976523 0.95279924
v 0.18372066 0.03399416 0.95268207
v 0.17846145 0.05787159 0.95233190
v 0.17061163 0.08119620 0.95175287
v 0.16025908 0.10377028 0.95095175
v 0.14752080 0.12540051 0.94993786
v 0.13254080 0.14589904 0.94872293
v 0.11548824 0.16508446 0.94732092
v 0.09655469 0.18278285 0.94574776
v 0.07595114 0.19882920 0.94402112
v 0.05390504 0.21306864 0.94216018
v 0.03065687 0.22535814 0.94018529
v 0.00645683 0.23556779 0.93811771
v -0.01843868 0.24358296 0.93597932
v -0.04377029 0.24930552 0.93379233
v -0.06927908 0.25265605 0.93157900
v -0.09470949 0.25357512 0.92936139
v -0.11981222 0.25202527 0.92716109
v -0.14434691 0.24799218 0.92499906
v -0.16808419 0.24148619 0.92289538
v -0.19080778 0.23254305 0.92086909
v -0.21231604 0.22122469 0.91893812
v -0.23242333 0.20761961 0.91711908
v -0.25096082 0.19184277 0.91542724
v -0.26777724 0.17403516 0.91387647
v -0.28273938 0.15436267 0.91247917
v -0.29573210 0.13301498 0.91124627
v -0.30665849 0.11020359 0.91018719
v -0.31543958 0.08615940 0.90930991
v -0.32201420 0.06113043 0.90862089
v -0.32633856 0.03537852 0.90812516
v -0.32838604 0.00917607 0.90782630
v -0.32814681 -0.01719747 0.90772644
v -0.32562754 -0.04345929 0.90782630
v -0.32085116 -0.06932732 0.90812516
v -0.31385671 -0.09452367 0.90862089
v -0.30469923 -0.11877868 0.90930991
v -0.29344974 -0.14183448 0.91018719
v -0.28019510 -0.16344840 0.91124627
v -0.26503822 -0.18339609 0.91247917
v -0.24809763 -0.20147453 0.91387647
v -0.22950788 -0.21750397 0.91542724
v -0.20941900 -0.23133022 0.91711907
v -0.18799619 -0.24282612 0.91893812
v -0.16541964 -0.25189229 0.92086909
v -0.14188320 -0.25845801 0.92289538
v -0.11759417 -0.26248082 0.92499906
v -0.09277123 -0.26394667 0.92716110
v -0.06764381 -0.26286857 0.92936139
v -0.04244940 -0.25928574 0.93157900
v -0.01743182 -0.25326211 0.93379233
v 0.00716078 -0.24488442 0.93597932
v 0.03107951 -0.23426030 0.93811771
v 0.05407656 -0.22151640 0.94018529
v 0.07590915 -0.20679597 0.94216018
v 0.09634229 -0.19025677 0.94402112
v 0.11515167 -0.17206914 0.94574775
v 0.13212764 -0.15241352 0.94732092
v 0.14707757 -0.13147909 0.94872293
v 0.15982940 -0.10946117 0.94993786
v 0.17023393 -0.08656055 0.95095175
v 0.17816761 -0.06298111 0.95175287
v 0.18353457 -0.03892885 0.95233191
v 0.18626796 -0.01461114 0.95268207
v 0.18061600 0.00946568 0.98025300
v 0.17803710 0.03339793 0.98013727
v 0.17284235 0.05698585 0.97979142
v 0.16508879 0.08003042 0.97921951
v 0.15486308 0.10233613 0.97842824
v 0.14228097 0.12371170 0.97742683
v 0.12748459 0.14397116 0.97622685
v 0.11064112 0.16293485 0.97484209
v 0.09193977 0.18043050 0.97328829
v 0.07158893 0.19629451 0.97158290
v 0.04981332 0.21037341 0.96974485
v 0.02685050 0.22252535 0.96779426
v 0.00294759 0.23262149 0.96575212
v -0.02164212 0.24054817 0.96364004
v -0.04666244 0.24620805 0.96147996
v -0.07185762 0.24952236 0.95929387
v -0.09697523 0.25043221 0.95710354
v -0.12176904 0.24890055 0.95493032
v -0.14600164 0.24491320 0.95279489
v -0.16944649 0.23848052 0.95071709
v -0.19188998 0.22963805 0.94871574
v -0.21313299 0.21844737 0.94680853
v -0.23299217 0.20499624 0.94501187
v -0.25130077 0.18939882 0.94334085
v -0.26790947 0.17179487 0.94180916
v -0.28268668 0.15234890 0.94042906
v -0.29551878 0.13124885 0.93921132
v -0.30630996 0.10870422 0.93816528
v -0.31498236 0.08494365 0.93729879
v -0.32147556 0.06021256 0.93661824
v -0.32574632 0.03477001 0.93612862
v -0.32776837 0.00888534 0.93583343
v -0.32753200 -0.01716525 0.93573480
v -0.32504381 -0.04310236 0.93583343
v -0.32032644 -0.06864747 0.93612862
v -0.31341845 -0.09352630 0.93661824
v -0.30437417 -0.11747276 0.93729879
v -0.29326374 -0.14023262 0.93816528
v -0.28017295 -0.16156667 0.93921132
v -0.26520333 -0.18125388 0.94042905
v -0.24847200 -0.19909434 0.94180916
v -0.23011180 -0.21491111 0.94334085
v -0.21027090 -0.22855250 0.94501186
v -0.18911238 -0.23989354 0.94680853
v -0.16681424 -0.24883654 0.94871574
v -0.14356789 -0.25531209 0.95071709
v -0.11957807 -0.25927867 0.95279489
v -0.09506078 -0.26072258 0.95493033
v -0.07024258 -0.25965686 0.95710354
v -0.04535806 -0.25612024 0.95929386
v -0.02064806 -0.25017574 0.96147997
v 0.00364235 -0.24190884 0.96364004
v 0.02726729 -0.23142555 0.96575212
v 0.04998202 -0.21885059 0.96779426
v 0.07154669 -0.20432495 0.96974485
v 0.09172917 -0.18800391 0.97158290
v 0.11030791 -0.17005521 0.97328828
v 0.12707577 -0.15065644 0.97484209
v 0.14184249 -0.12999394 0.97622685
v 0.15443811 -0.10826011 0.97742683
v 0.16471521 -0.08565276 0.97842824
v 0.17255180 -0.06237285 0.97921951
v 0.17785302 -0.03862351 0.97979142
v 0.18055305 -0.01460930 0.98013727
v 0.17495869 0.00916920 1.00771181
v 0.17241126 0.03280946 1.00759749
v 0.16727996 0.05611132 1.00725587
v 0.15962104 0.07887814 1.00669097
v 0.14952021 0.10091661 1.00590938
v 0.13709167 0.12203759 1.00492022
v 0.12247594 0.14205715 1.00373493
v 0.10583813 0.16079749 1.00236711
v 0.08736516 0.17808818 1.00083232
v 0.06726288 0.19376725 0.99914780
v 0.04575327 0.20768281 0.99733225
v 0.02307103 0.21969431 0.99540553
v -0.00053976 0.22967432 0.99338838
v -0.02482890 0.23751014 0.99130215
v -0.04954328 0.24310545 0.98916850
v -0.07443030 0.24638229 0.98700916
v -0.09924060 0.24728228 0.98484563
v -0.12373097 0.24576880 0.98269901
v -0.14766690 0.24182788 0.98058971
v -0.17082464 0.23546983 0.97853734
v -0.19299319 0.22672986 0.97656048
v -0.21397587 0.21566903 0.97467660
v -0.23359159 0.20237436 0.97290193
v -0.25167569 0.18695883 0.97125136
v -0.26808064 0.16956092 0.96973842
v -0.28267653 0.15034346 0.96837520
v -0.29535109 0.12949248 0.96717237
v -0.30600980 0.10721526 0.96613913
v -0.31457568 0.08373799 0.96528324
v -0.32098908 0.05930341 0.96461103
v -0.32520736 0.03416763 0.96412739
v -0.32720451 0.00859690 0.96383582
v -0.32697099 -0.01713585 0.96373839
v -0.32451330 -0.04275461 0.96383582
v -0.31985381 -0.06798429 0.96412739
v -0.31303057 -0.09255409 0.96461103
v -0.30409731 -0.11620137 0.96528324
v -0.29312322 -0.13867527 0.96613913
v -0.28019305 -0.15973978 0.96717237
v -0.26540711 -0.17917694 0.96837520
v -0.24888104 -0.19678960 0.96973842
v -0.23074601 -0.21240342 0.97125136
v -0.21114837 -0.22586891 0.97290192
v -0.19024921 -0.23706298 0.97467660
v -0.16822429 -0.24588947 0.97656048
v -0.14526272 -0.25228007 0.97853734
v -0.12156669 -0.25619403 0.98058971
v -0.09734955 -0.25761790 0.98269901
v -0.07283509 -0.25656468 0.98484564
v -0.04825502 -0.25307263 0.98700915
v -0.02384724 -0.24720393 0.98916850
v 0.00014617 -0.23904290 0.99130215
v 0.02348234 -0.22869407 0.99338838
v 0.04591948 -0.21628037 0.99540553
v 0.06722068 -0.20194076 0.99733225
v 0.08715666 -0.18582840 0.99914780
v 0.10550853 -0.16810853 1.00083232
v 0.12207167 -0.14895629 1.00236712
v 0.13665814 -0.12855538 1.00373493
v 0.14910004 -0.10709552 1.00492022
v 0.15925177 -0.08477181 1.00590938
v 0.16699276 -0.06178250 1.00669097
v 0.17222934 -0.03832804 1.00725587
v 0.17489642 -0.01461029 1.00759749
v 0.16933822 0.00887464 1.03517385
v 0.16682197 0.03222589 1.03506093
v 0.16175343 0.05524391 1.03472349
v 0.15418817 0.07773440 1.03416551
v 0.14421089 0.09950633 1.03339349
v 0.13193435 0.12037277 1.03241645
v 0.11749738 0.14015189 1.03124567
v 0.10106309 0.15866789 1.02989461
v 0.08281605 0.17575221 1.02837862
v 0.06295970 0.19124471 1.02671473
v 0.04171327 0.20499513 1.02492142
v 0.01930857 0.21686445 1.02301829
v -0.00401328 0.22672659 1.02102585
v -0.02800511 0.23447008 1.01896517
v -0.05241695 0.23999966 1.01685765
v -0.07699926 0.24323813 1.01472476
v -0.10150574 0.24412791 1.01258773
v -0.12569614 0.24263263 1.01046740
v -0.14933884 0.23873858 1.00838393
v -0.17221282 0.23245597 1.00635669
v -0.19410969 0.22381968 1.00440405
v -0.21483515 0.21289012 1.00254325
v -0.23421038 0.19975342 1.00079031
v -0.25207270 0.18452139 0.99915995
v -0.26827645 0.16733100 0.99766554
v -0.28269329 0.14834331 0.99631902
v -0.29521232 0.12774227 0.99513092
v -0.30574022 0.10573287 0.99411033
v -0.31420097 0.08253871 0.99326492
v -0.32053564 0.05839978 0.99260094
v -0.32470208 0.03356914 0.99212323
v -0.32667471 0.00830992 0.99183523
v -0.32644400 -0.01710823 0.99173900
v -0.32401645 -0.04241266 0.99183523
v -0.31941409 -0.06733167 0.99212323
v -0.31267460 -0.09159783 0.99260094
v -0.30385093 -0.11495187 0.99326492
v -0.29301148 -0.13714609 0.99411033
v -0.28023994 -0.15794759 0.99513092
v -0.26563538 -0.17714127 0.99631902
v -0.24931199 -0.19453261 0.99766554
v -0.23139936 -0.20994962 0.99915995
v -0.21204204 -0.22324488 1.00079030
v -0.19139909 -0.23429702 1.00254324
v -0.16964415 -0.24301122 1.00440405
v -0.14696398 -0.24932016 1.00635670
v -0.12355830 -0.25318376 1.00838393
v -0.09963783 -0.25458879 1.01046740
v -0.07542363 -0.25354813 1.01258773
v -0.05114457 -0.25009963 1.01472475
v -0.02703563 -0.24430462 1.01685765
v -0.00333594 -0.23624631 1.01896516
v 0.01971461 -0.22602788 1.02102585
v 0.04187718 -0.21377059 1.02301829
v 0.06291775 -0.19961153 1.02492141
v 0.08260983 -0.18370179 1.02671473
v 0.10073721 -0.16620441 1.02837861
v 0.11709780 -0.14729215 1.02989461
v 0.13150588 -0.12714627 1.03124567
v 0.14379565 -0.10595400 1.03241645
v 0.15382326 -0.08390785 1.03339350
v 0.16146958 -0.06120349 1.03416550
v 0.16664220 -0.03803880 1.03472350
v 0.16927669 -0.01461309 1.03506093
v 0.16374043 0.00858127 1.06263794
v 0.16125516 0.03164533 1.06252641
v 0.15624897 0.05438085 1.06219312
v 0.14877675 0.07659590 1.06164200
v 0.13892221 0.09810174 1.06087950
v 0.12679669 0.11871367 1.05991448
v 0.11253732 0.13825201 1.05875812
v 0.09630519 0.15654305 1.05742369
v 0.07828265 0.17342015 1.05592636
v 0.05867061 0.18872508 1.05428296
v 0.03768558 0.20230925 1.05251172
v 0.01555656 0.21403527 1.05063203
v -0.00747828 0.22377851 1.04866412
v -0.03117486 0.23142879 1.04662880
v -0.05528623 0.23689190 1.04454724
v -0.07956594 0.24009155 1.04244060
v -0.10377073 0.24097080 1.04032988
v -0.12766331 0.23949375 1.03823565
v -0.15101489 0.23564684 1.03617784
v -0.17360718 0.22944016 1.03417556
v -0.19523435 0.22090826 1.03224696
v -0.21570454 0.21011083 1.03040906
v -0.23484109 0.19713309 1.02867770
v -0.25248333 0.18208553 1.02706742
v -0.26848742 0.16510356 1.02559141
v -0.28272658 0.14634638 1.02426147
v -0.29509135 0.12599585 1.02308799
v -0.30548948 0.10425452 1.02207997
v -0.31384592 0.08134337 1.02124497
v -0.32010247 0.05749952 1.02058917
v -0.32421756 0.03297303 1.02011734
v -0.32616583 0.00802383 1.01983288
v -0.32593796 -0.01708171 1.01973784
v -0.32354030 -0.04207428 1.01983288
v -0.31899468 -0.06668553 1.02011734
v -0.31233821 -0.09065138 1.02058917
v -0.30362330 -0.11371580 1.02124497
v -0.29291744 -0.13563423 1.02207997
v -0.28030329 -0.15617673 1.02308799
v -0.26587868 -0.17513096 1.02426146
v -0.24975645 -0.19230498 1.02559141
v -0.23206452 -0.20752898 1.02706742
v -0.21294567 -0.22065750 1.02867770
v -0.19255701 -0.23157075 1.03040906
v -0.17107004 -0.24017524 1.03224695
v -0.14866919 -0.24640459 1.03417556
v -0.12555174 -0.25021919 1.03617784
v -0.10192581 -0.25160612 1.03823566
v -0.07800973 -0.25057809 1.04032988
v -0.05402956 -0.24717248 1.04244060
v -0.03021739 -0.24144986 1.04454724
v -0.00680939 -0.23349239 1.04662880
v 0.01595748 -0.22340185 1.04866412
v 0.03784732 -0.21129798 1.05063203
v 0.05862900 -0.19731611 1.05251172
v 0.07807882 -0.18160527 1.05428296
v 0.09598317 -0.16432645 1.05592636
v 0.11214250 -0.14565016 1.05742369
v 0.12637336 -0.12575530 1.05875812
v 0.13851196 -0.10482666 1.05991448
v 0.14841624 -0.08305433 1.06087950
v 0.15596852 -0.06063145 1.06164200
v 0.16107753 -0.03775340 1.06219312
v 0.16367967 -0.01461699 1.06252641
v 0.15815613 0.00828861 1.09010320
v 0.15570171 0.03106657 1.08999306
v 0.15075762 0.05352040 1.08966391
v 0.14337815 0.07546054 1.08911964
v 0.13364584 0.09670054 1.08836659
v 0.12167075 0.11705799 1.08741355
v 0.10758830 0.13635536 1.08627155
v 0.09155755 0.15442103 1.08495368
v 0.07375860 0.17109042 1.08347493
v 0.05438989 0.18620715 1.08185193
v 0.03366524 0.19962442 1.08010268
v 0.01181080 0.21120651 1.07824631
v -0.01093822 0.22083024 1.07630282
v -0.03434073 0.22838673 1.07429278
v -0.05815288 0.23378292 1.07223705
v -0.08213127 0.23694345 1.07015656
v -0.10603564 0.23781205 1.06807204
v -0.12963166 0.23635324 1.06600380
v -0.15269338 0.23255359 1.06397153
v -0.17500522 0.22642319 1.06199410
v -0.19636390 0.21799605 1.06008944
v -0.21657994 0.20733131 1.05827435
v -0.23547887 0.19451307 1.05656448
v -0.25290206 0.17965056 1.05497419
v -0.26870741 0.16287756 1.05351650
v -0.28276975 0.14435140 1.05220306
v -0.29498094 0.12425167 1.05104415
v -0.30524993 0.10277858 1.05004864
v -0.31350258 0.08015038 1.04922401
v -0.31968143 0.05660130 1.04857634
v -0.32374538 0.03237835 1.04811037
v -0.32566945 0.00773827 1.04782944
v -0.32544438 -0.01705584 1.04773558
v -0.32307650 -0.04173802 1.04782944
v -0.31858732 -0.06604326 1.04811037
v -0.31201354 -0.08971078 1.04857634
v -0.30340684 -0.11248774 1.04922401
v -0.29283394 -0.13413268 1.05004864
v -0.28037643 -0.15441859 1.05104415
v -0.26613096 -0.17313581 1.05220306
v -0.25020893 -0.19009484 1.05351649
v -0.23273668 -0.20512807 1.05497419
v -0.21385522 -0.21809192 1.05656448
v -0.19371971 -0.22886815 1.05827435
v -0.17249950 -0.23736449 1.06008943
v -0.15037675 -0.24351542 1.06199411
v -0.12754628 -0.24728190 1.06397153
v -0.10421362 -0.24865115 1.06600381
v -0.08059439 -0.24763577 1.06807204
v -0.05691185 -0.24427268 1.07015655
v -0.03339519 -0.23862168 1.07223705
v -0.01027769 -0.23076386 1.07429277
v 0.01220666 -0.22079977 1.07630283
v 0.03382488 -0.20884756 1.07824631
v 0.05434871 -0.19504081 1.08010267
v 0.07355721 -0.17952667 1.08185193
v 0.09123942 -0.16246410 1.08347493
v 0.10719829 -0.14402136 1.08495368
v 0.12125261 -0.12437511 1.08627155
v 0.13324061 -0.10370779 1.08741356
v 0.14302203 -0.08220703 1.08836659
v 0.15048065 -0.06006356 1.08911963
v 0.15552626 -0.03747029 1.08966391
v 0.15809612 -0.01462154 1.08999306
v 0.15257971 0.00799636 1.11756916
v 0.15015604 0.03048885 1.11746040
v 0.14527392 0.05266146 1.11713537
v 0.13798694 0.07432698 1.11659792
v 0.12837659 0.09530131 1.11585432
v 0.11655160 0.11540428 1.11491323
v 0.10264565 0.13446056 1.11378554
v 0.08681584 0.15230066 1.11248419
v 0.06923998 0.16876203 1.11102398
v 0.05011403 0.18369022 1.10942133
v 0.02964915 0.19694022 1.10769400
v 0.00806866 0.20837798 1.10586092
v -0.01439521 0.21788182 1.10394179
v -0.03750436 0.22534424 1.10195694
v -0.06101802 0.23067327 1.09992698
v -0.08469581 0.23379450 1.09787258
v -0.10830051 0.23465235 1.09581419
v -0.13160070 0.23321175 1.09377189
v -0.15437329 0.22945952 1.09176509
v -0.17640539 0.22340550 1.08981245
v -0.19749627 0.21508344 1.08793167
v -0.21745882 0.20455166 1.08613934
v -0.23612080 0.19189326 1.08445090
v -0.25332550 0.17721613 1.08288055
v -0.26893264 0.16065243 1.08144113
v -0.28281864 0.14235752 1.08014416
v -0.29487669 0.12250884 1.07899978
v -0.30501690 0.10130405 1.07801675
v -0.31316603 0.07895874 1.07720245
v -0.31926738 0.05570425 1.07656291
v -0.32328038 0.03178449 1.07610277
v -0.32518030 0.00745302 1.07582537
v -0.32495806 -0.01703035 1.07573268
v -0.32261987 -0.04140300 1.07582537
v -0.31818699 -0.06540323 1.07610277
v -0.31169562 -0.08877356 1.07656291
v -0.30319686 -0.11126432 1.07720245
v -0.29275656 -0.13263712 1.07801675
v -0.28045529 -0.15266783 1.07899978
v -0.26638845 -0.17114943 1.08014416
v -0.25066607 -0.18789485 1.08144113
v -0.23341293 -0.20273863 1.08288055
v -0.21476822 -0.21553902 1.08445090
v -0.19488519 -0.22617930 1.08613934
v -0.17393105 -0.23456837 1.08793166
v -0.15208568 -0.24064160 1.08981246
v -0.12954145 -0.24436042 1.09176509
v -0.10650132 -0.24571226 1.09377189
v -0.08317820 -0.24470955 1.09581419
v -0.05979255 -0.24138877 1.09787257
v -0.03657071 -0.23580891 1.09992699
v -0.01374299 -0.22805011 1.10195694
v 0.00845951 -0.21821158 1.10394179
v 0.02980676 -0.20640998 1.10586091
v 0.05007331 -0.19277720 1.10769400
v 0.06904104 -0.17745852 1.10942133
v 0.08650165 -0.16061081 1.11102398
v 0.10226049 -0.14240024 1.11248419
v 0.11613865 -0.12300121 1.11378554
v 0.12797641 -0.10259382 1.11491323
v 0.13763524 -0.08136334 1.11585432
v 0.14500040 -0.05949808 1.11659792
v 0.14998277 -0.03718850 1.11713538
v 0.15252043 -0.01462648 1.11746040
f 1 2 66
f 1 66 65
f 2 3 67
f 2 67 66
f 3 4 68
f 3 68 67
f 4 5 69
f 4 69 68
f 5 6 70
f 5 70 69
f 6 7 71
f 6 71 70
f 7 8 72
f 7 72 71
f 8 9 73
f 8 73 72
f 9 10 74
f 9 74 73
f 10 11 75
f 10 75 74
f 11 12 76
f 11 76 75
f 12 13 77
f 12 77 76
f 13 14 78
f 13 78 77
f 14 15 79
f 14 79 78
f 15 16 80
f 15 80 79
f 16 17 81
f 16 81 80
f 17 18 82
f 17 82 81
f 18 19 83
f 18 83 82
f 19 20 84
f 19 84 83
f 20 21 85
f 20 85 84
f 21 22 86
f 21 86 85
f 22 23 87
f 22 87 86
f 23 24 88
f 23 88 87
f 24 25 89
f 24 89 88
f 25 26 90
f 25 90 89
f 26 27 91
f 26 91 90
f 27 28 92
f 27 92 91
f 28 29 93
f 28 93 92
f 29 30 94
f 29 94 93
f 30 31 95
f 30 95 94
f 31 32 96
f 31 96 95
f 32 33 97
f 32 97 96
f 33 34 98
f 33 98 97
f 34 35 99
f 34 99 98
f 35 36 100
f 35 100 99
f 36 37 101
f 36 101 100
f 37 38 102
f 37 102 101
f 38 39 103
f 38 103 102
f 39 40 104
f 39 104 103
f 40 41 105
f 40 105 104
f 41 42 106
f 41 106 105
f 42 43 107
f 42 107 106
f 43 44 108
f 43 108 107
f 44 45 109
f 44 109 108
f 45 46 110
f 45 110 109
f 46 47 111
f 46 111 110
f 47 48 112
f 47 112 111
f 48 49 113
f 48 113 112
f 49 50 114
f 49 114 113
f 50 51 115
f 50 115 114
f 51 52 116
f 51 116 115
f 52 53 117
f 52 117 116
f 53 54 118
f 53 118 117
f 54 55 119
f 54 119 118
f 55 56 120
f 55 120 119
f 56 57 121
f 56 121 120
f 57 58 122
f 57 122 121
f 58 59 123
f 58 123 122
f 59 60 124
f 59 124 123
f 60 61 125
f 60 125 124
f 61 62 126
f 61 126 125
f 62 63 127
f 62 127 126
f 63 64 128
f 63 128 127
f 64 1 65
f 64 65 128
f 65 66 130
f 65 130 129
f 66 67 131
f 66 131 130
f 67 68 132
f 67 132 131
f 68 69 133
f 68 133 132
f 69 70 134
f 69 134 133
f 70 71 135
f 70 135 134
f 71 72 136
f 71 136 135
f 72 73 137
f 72 137 136
f 73 74 138
f 73 138 137
f 74 75 139
f 74 139 138
f 75 76 140
f 75 140 139
f 76 77 141
f 76 141 140
f 77 78 142
f 77 142 141
f 78 79 143
f 78 143 142
f 79 80 144
f 79 144 143
f 80 81 145
f 80 145 144
f 81 82 146
f 81 146 145
f 82 83 147
f 82 147 146
f 83 84 148
f 83 148 147
f 84 85 149
f 84 149 148
f 85 86 150
f 85 150 149
f 86 87 151
f 86 151 150
f 87 88 152
f 87 152 151
f 88 89 153
f 88 153 152
f 89 90 154
f 89 154 153
f 90 91 155
f 90 155 154
f 91 92 156
f 91 156 155
f 92 93 157
f 92 157 156
f 93 94 158
f 93 158 157
f 94 95 159
f 94 159 158
f 95 96 160
f 95 160 159
f 96 97 161
f 96 161 160
f 97 98 162
f 97 162 161
f 98 99 163
f 98 163 162
f 99 100 164
f 99 164 163
f 100 101 165
f 100 165 164
f 101 102 166
f 101 166 165
f 102 103 167
f 102 167 166
f 103 104 168
f 103 168 167
f 104 105 169
f 104 169 168
f 105 106 170
f 105 170 169
f 106 107 171
f 106 171 170
f 107 108 172
f 107 172 171
f 108 109 173
f 108 173 172
f 109 110 174
f 109 174 173
f 110 111 175
f 110 175 174
f 111 112 176
f 111 176 175
f 112 113 177
f 112 177 176
f 113 114 178
f 113 178 177
f 114 115 179
f 114 179 178
f 115 116 180
f 115 180 179
f 116 117 181
f 116 181 180
f 117 118 182
f 117 182 181
f 118 119 183
f 118 183 182
f 119 120 184
f 119 184 183
f 120 121 185
f 120 185 184
f 121 122 186
f 121 186 185
f 122 123 187
f 122 187 186
f 123 124 188
f 123 188 187
f 124 125 189
f 124 189 188
f 125 126 190
f 125 190 189
f 126 127 191
f 126 191 190
f 127 128 192
f 127 192 191
f 128 65 129
f 128 129 192
f 129 130 194
f 129 194 193
f 130 131 195
f 130 195 194
f 131 132 196
f 131 196 195
f 132 133 197
f 132 197 196
f 133 134 198
f 133 198 197
f 134 135 199
f 134 199 198
f 135 136 200
f 135 200 199
f 136 137 201
f 136 201 200
f 137 138 202
f 137 202 201
f 138 139 203
f 138 203 202
f 139 140 204
f 139 204 203
f 140 141 205
f 140 205 204
f 141 142 206
f 141 206 205
f 142 143 207
f 142 207 206
f 143 144 208
f 143 208 207
f 144 145 209
f 144 209 208
f 145 146 210
f 145 210 209
f 146 147 211
f 146 211 210
f 147 148 212
f 147 212 211
f 148 149 213
f 148 213 212
f 149 150 214
f 149 214 213
f 150 151 215
f 150 215 214
f 151 152 216
f 151 216 215
f 152 153 217
f 152 217 216
f 153 154 218
f 153 218 217
f 154 155 219
f 154 219 218
f 155 156 220
f 155 220 219
f 156 157 221
f 156 221 220
f 157 158 222
f 157 222 221
f 158 159 223
f 158 223 222
f 159 160 224
f 159 224 223
f 160 161 225
f 160 225 224
f 161 162 226
f 161 226 225
f 162 163 227
f 162 227 226
f 163 164 228
f 163 228 227
f 164 165 229
f 164 229 228
f 165 166 230
f 165 230 229
f 166 167 231
f 166 231 230
f 167 168 232
f 167 232 231
f 168 169 233
f 168 233 232
f 169 170 234
f 169 234 233
f 170 171 235
f 170 235 234
f 171 172 236
f 171 236 235
f 172 173 237
f 172 237 236
f 173 174 238
f 173 238 237
f 174 175 239
f 174 239 238
f 175 176 240
f 175 240 239
f 176 177 241
f 176 241 240
f 177 178 242
f 177 242 241
f 178 179 243
f 178 243 242
f 179 180 244
f 179 244 243
f 180 181 245
f 180 245 244
f 181 182 246
f 181 246 245
f 182 183 247
f 182 247 246
f 183 184 248
f 183 248 247
f 184 185 249
f 184 249 248
f 185 186 250
f 185 250 249
f 186 187 251
f 186 251 250
f 187 188 252
f 187 252 251
f 188 189 253
f 188 253 252
f 189 190 254
f 189 254 253
f 190 191 255
f 190 255 254
f 191 192 256
f 191 256 255
f 192 129 193
f 192 193 256
f 193 194 258
f 193 258 257
f 194 195 259
f 194 259 258
f 195 196 260
f 195 260 259
f 196 197 261
f 196 261 260
f 197 198 262
f 197 262 261
f 198 199 263
f 198 263 262
f 199 200 264
f 199 264 263
f 200 201 265
f 200 265 264
f 201 202 266
f 201 266 265
f 202 203 267
f 202 267 266
f 203 204 268
f 203 268 267
f 204 205 269
f 204 269 268
f 205 206 270
f 205 270 269
f 206 207 271
f 206 271 270
f 207 208 272
f 207 272 271
f 208 209 273
f 208 273 272
f 209 210 274
f 209 274 273
f 210 211 275
f 210 275 274
f 211 212 276
f 211 276 275
f 212 213 277
f 212 277 276
f 213 214 278
f 213 278 277
f 214 215 279
f 214 279 278
f 215 216 280
f 215 280 279
f 216 217 281
f 216 281 280
f 217 218 282
f 217 282 281
f 218 219 283
f 218 283 282
f 219 220 284
f 219 284 283
f 220 221 285
f 220 285 284
f 221 222 286
f 221 286 285
f 222 223 287
f 222 287 286
f 223 224 288
f 223 288 287
f 224 225 289
f 224 289 288
f 225 226 290
f 225 290 289
f 226 227 291
f 226 291 290
f 227 228 292
f 227 292 291
f 228 229 293
f 228 293 292
f 229 230 294
f 229 294 293
f 230 231 295
f 230 295 294
f 231 232 296
f 231 296 295
f 232 233 297
f 232 297 296
f 233 234 298
f 233 298 297
f 234 235 299
f 234 299 298
f 235 236 300
f 235 300 299
f 236 237 301
f 236 301 300
f 237 238 302
f 237 302 301
f 238 239 303
f 238 303 302
f 239 240 304
f 239 304 303
f 240 241 305
f 240 305 304
f 241 242 306
f 241 306 305
f 242 243 307
f 242 307 306
f 243 244 308
f 243 308 307
f 244 245 309
f 244 309 308
f 245 246 310
f 245 310 309
f 246 247 311
f 246 311 310
f 247 248 312
f 247 312 311
f 248 249 313
f 248 313 312
f 249 250 314
f 249 314 313
f 250 251 315
f 250 315 314
f 251 252 316
f 251 316 315
f 252 253 317
f 252 317 316
f 253 254 318
f 253 318 317
f 254 255 319
f 254 319 318
f 255 256 320
f 255 320 319
f 256 193 257
f 256 257 320
f 257 258 322
f 257 322 321
f 258 259 323
f 258 323 322
f 259 260 324
f 259 324 323
f 260 261 325
f 260 325 324
f 261 262 326
f 261 326 325
f 262 263 327
f 262 327 326
f 263 264 328
f 263 328 327
f 264 265 329
f 264 329 328
f 265 266 330
f 265 330 329
f 266 267 331
f 266 331 330
f 267 268 332
f 267 332 331
f 268 269 333
f 268 333 332
f 269 270 334
f 269 334 333
f 270 271 335
f 270 335 334
f 271 272 336
f 271 336 335
f 272 273 337
f 272 337 336
f 273 274 338
f 273 338 337
f 274 275 339
f 274 339 338
f 275 276 340
f 275 340 339
f 276 277 341
f 276 341 340
f 277 278 342
f 277 342 341
f 278 279 343
f 278 343 342
f 279 280 344
f 279 344 343
f 280 281 345
f 280 345 344
f 281 282 346
f 281 346 345
f 282 283 347
f 282 347 346
f 283 284 348
f 283 348 347
f 284 285 349
f 284 349 348
f 285 286 350
f 285 350 349
f 286 287 351
f 286 351 350
f 287 288 352
f 287 352 351
f 288 289 353
f 288 353 352
f 289 290 354
f 289 354 353
f 290 291 355
f 290 355 354
f 291 292 356
f 291 356 355
f 292 293 357
f 292 357 356
f 293 294 358
f 293 358 357
f 294 295 359
f 294 359 358
f 295 296 360
f 295 360 359
f 296 297 361
f 296 361 360
f 297 298 362
f 297 362 361
f 298 299 363
f 298 363 362
f 299 300 364
f 299 364 363
f 300 301 365
f 300 365 364
f 301 302 366
f 301 366 365
f 302 303 367
f 302 367 366
f 303 304 368
f 303 368 367
f 304 305 369
f 304 369 368
f 305 306 370
f 305 370 369
f 306 307 371
f 306 371 370
f 307 308 372
f 307 372 371
f 308 309 373
f 308 373 372
f 309 310 374
f 309 374 373
f 310 311 375
f 310 375 374
f 311 312 376
f 311 376 375
f 312 313 377
f 312 377 376
f 313 314 378
f 313 378 377
f 314 315 379
f 314 379 378
f 315 316 380
f 315 380 379
f 316 317 381
f 316 381 380
f 317 318 382
f 317 382 381
f 318 319 383
f 318 383 382
f 319 320 384
f 319 384 383
f 320 257 321
f 320 321 384
f 321 322 386
f 321 386 385
f 322 323 387
f 322 387 386
f 323 324 388
f 323 388 387
f 324 325 389
f 324 389 388
f 325 326 390
f 325 390 389
f 326 327 391
f 326 391 390
f 327 328 392
f 327 392 391
f 328 329 393
f 328 393 392
f 329 330 394
f 329 394 393
f 330 331 395
f 330 395 394
f 331 332 396
f 331 396 395
f 332 333 397
f 332 397 396
f 333 334 398
f 333 398 397
f 334 335 399
f 334 399 398
f 335 336 400
f 335 400 399
f 336 337 401
f 336 401 400
f 337 338 402
f 337 402 401
f 338 339 403
f 338 403 402
f 339 340 404
f 339 404 403
f 340 341 405
f 340 405 404
f 341 342 406
f 341 406 405
f 342 343 407
f 342 407 406
f 343 344 408
f 343 408 407
f 344 345 409
f 344 409 408
f 345 346 410
f 345 410 409
f 346 347 411
f 346 411 410
f 347 348 412
f 347 412 411
f 348 349 413
f 348 413 412
f 349 350 414
f 349 414 413
f 350 351 415
f 350 415 414
f 351 352 416
f 351 416 415
f 352 353 417
f 352 417 416
f 353 354 418
f 353 418 417
f 354 355 419
f 354 419 418
f 355 356 420
f 355 420 419
f 356 357 421
f 356 421 420
f 357 358 422
f 357 422 421
f 358 359 423
f 358 423 422
f 359 360 424
f 359 424 423
f 360 361 425
f 360 425 424
f 361 362 426
f 361 426 425
f 362 363 427
f 362 427 426
f 363 364 428
f 363 428 427
f 364 365 429
f 364 429 428
f 365 366 430
f 365 430 429
f 366 367 431
f 366 431 430
f 367 368 432
f 367 432 431
f 368 369 433
f 368 433 432
f 369 370 434
f 369 434 433
f 370 371 435
f 370 435 434
f 371 372 436
f 371 436 435
f 372 373 437
f 372 437 436
f 373 374 438
f 373 438 437
f 374 375 439
f 374 439 438
f 375 376 440
f 375 440 439
f 376 377 441
f 376 441 440
f 377 378 442
f 377 442 441
f 378 379 443
f 378 443 442
f 379 380 444
f 379 444 443
f 380 381 445
f 380 445 444
f 381 382 446
f 381 446 445
f 382 383 447
f 382 447 446
f 383 384 448
f 383 448 447
f 384 321 385
f 384 385 448
f 385 386 450
f 385 450 449
f 386 387 451
f 386 451 450
f 387 388 452
f 387 452 451
f 388 389 453
f 388 453 452
f 389 390 454
f 389 454 453
f 390 391 455
f 390 455 454
f 391 392 456
f 391 456 455
f 392 393 457
f 392 457 456
f 393 394 458
f 393 458 457
f 394 395 459
f 394 459 458
f 395 396 460
f 395 460 459
f 396 397 461
f 396 461 460
f 397 398 462
f 397 462 461
f 398 399 463
f 398 463 462
f 399 400 464
f 399 464 463
f 400 401 465
f 400 465 464
f 401 402 466
f 401 466 465
f 402 403 467
f 402 467 466
f 403 404 468
f 403 468 467
f 404 405 469
f 404 469 468
f 405 406 470
f 405 470 469
f 406 407 471
f 406 471 470
f 407 408 472
f 407 472 471
f 408 409 473
f 408 473 472
f 409 410 474
f 409 474 473
f 410 411 475
f 410 475 474
f 411 412 476
f 411 476 475
f 412 413 477
f 412 477 476
f 413 414 478
f 413 478 477
f 414 415 479
f 414 479 478
f 415 416 480
f 415 480 479
f 416 417 481
f 416 481 480
f 417 418 482
f 417 482 481
f 418 419 483
f 418 483 482
f 419 420 484
f 419 484 483
f 420 421 485
f 420 485 484
f 421 422 486
f 421 486 485
f 422 423 487
f 422 487 486
f 423 424 488
f 423 488 487
f 424 425 489
f 424 489 488
f 425 426 490
f 425 490 489
f 426 427 491
f 426 491 490
f 427 428 492
f 427 492 491
f 428 429 493
f 428 493 492
f 429 430 494
f 429 494 493
f 430 431 495
f 430 495 494
f 431 432 496
f 431 496 495
f 432 433 497
f 432 497 496
f 433 434 498
f 433 498 497
f 434 435 499
f 434 499 498
f 435 436 500
f 435 500 499
f 436 437 501
f 436 501 500
f 437 438 502
f 437 502 501
f 438 439 503
f 438 503 502
f 439 440 504
f 439 504 503
f 440 441 505
f 440 505 504
f 441 442 506
f 441 506 505
f 442 443 507
f 442 507 506
f 443 444 508
f 443 508 507
f 444 445 509
f 444 509 508
f 445 446 510
f 445 510 509
f 446 447 511
f 446 511 510
f 447 448 512
f 447 512 511
f 448 385 449
f 448 449 512
f 449 450 514
f 449 514 513
f 450 451 515
f 450 515 514
f 451 452 516
f 451 516 515
f 452 453 517
f 452 517 516
f 453 454 518
f 453 518 517
f 454 455 519
f 454 519 518
f 455 456 520
f 455 520 519
f 456 457 521
f 456 521 520
f 457 458 522
f 457 522 521
f 458 459 523
f 458 523 522
f 459 460 524
f 459 524 523
f 460 461 525
f 460 525 524
f 461 462 526
f 461 526 525
f 462 463 527
f 462 527 526
f 463 464 528
f 463 528 527
f 464 465 529
f 464 529 528
f 465 466 530
f 465 530 529
f 466 467 531
f 466 531 530
f 467 468 532
f 467 532 531
f 468 469 533
f 468 533 532
f 469 470 534
f 469 534 533
f 470 471 535
f 470 535 534
f 471 472 536
f 471 536 535
f 472 473 537
f 472 537 536
f 473 474 538
f 473 538 537
f 474 475 539
f 474 539 538
f 475 476 540
f 475 540 539
f 476 477 541
f 476 541 540
f 477 478 542
f 477 542 541
f 478 479 543
f 478 543 542
f 479 480 544
f 479 544 543
f 480 481 545
f 480 545 544
f 481 482 546
f 481 546 545
f 482 483 547
f 482 547 546
f 483 484 548
f 483 548 547
f 484 485 549
f 484 549 548
f 485 486 550
f 485 550 549
f 486 487 551
f 486 551 550
f 487 488 552
f 487 552 551
f 488 489 553
f 488 553 552
f 489 490 554
f 489 554 553
f 490 491 555
f 490 555 554
f 491 492 556
f 491 556 555
f 492 493 557
f 492 557 556
f 493 494 558
f 493 558 557
f 494 495 559
f 494 559 558
f 495 496 560
f 495 560 559
f 496 497 561
f 496 561 560
f 497 498 562
f 497 562 561
f 498 499 563
f 498 563 562
f 499 500 564
f 499 564 563
f 500 501 565
f 500 565 564
f 501 502 566
f 501 566 565
f 502 503 567
f 502 567 566
f 503 504 568
f 503 568 567
f 504 505 569
f 504 569 568
f 505 506 570
f 505 570 569
f 506 507 571
f 506 571 570
f 507 508 572
f 507 572 571
f 508 509 573
f 508 573 572
f 509 510 574
f 509 574 573
f 510 511 575
f 510 575 574
f 511 512 576
f 511 576 575
f 512 449 513
f 512 513 576
f 513 514 578
f 513 578 577
f 514 515 579
f 514 579 578
f 515 516 580
f 515 580 579
f 516 517 581
f 516 581 580
f 517 518 582
f 517 582 581
f 518 519 583
f 518 583 582
f 519 520 584
f 519 584 583
f 520 521 585
f 520 585 584
f 521 522 586
f 521 586 585
f 522 523 587
f 522 587 586
f 523 524 588
f 523 588 587
f 524 525 589
f 524 589 588
f 525 526 590
f 525 590 589
f 526 527 591
f 526 591 590
f 527 528 592
f 527 592 591
f 528 529 593
f 528 593 592
f 529 530 594
f 529 594 593
f 530 531 595
f 530 595 594
f 531 532 596
f 531 596 595
f 532 533 597
f 532 597 596
f 533 534 598
f 533 598 597
f 534 535 599
f 534 599 598
f 535 536 600
f 535 600 599
f 536 537 601
f 536 601 600
f 537 538 602
f 537 602 601
f 538 539 603
f 538 603 602
f 539 540 604
f 539 604 603
f 540 541 605
f 540 605 604
f 541 542 606
f 541 606 605
f 542 543 607
f 542 607 606
f 543 544 608
f 543 608 607
f 544 545 609
f 544 609 608
f 545 546 610
f 545 610 609
f 546 547 611
f 546 611 610
f 547 548 612
f 547 612 611
f 548 549 613
f 548 613 612
f 549 550 614
f 549 614 613
f 550 551 615
f 550 615 614
f 551 552 616
f 551 616 615
f 552 553 617
f 552 617 616
f 553 554 618
f 553 618 617
f 554 555 619
f 554 619 618
f 555 556 620
f 555 620 619
f 556 557 621
f 556 621 620
f 557 558 622
f 557 622 621
f 558 559 623
f 558 623 622
f 559 560 624
f 559 624 623
f 560 561 625
f 560 625 624
f 561 562 626
f 561 626 625
f 562 563 627
f 562 627 626
f 563 564 628
f 563 628 627
f 564 565 629
f 564 629 628
f 565 566 630
f 565 630 629
f 566 567 631
f 566 631 630
f 567 568 632
f 567 632 631
f 568 569 633
f 568 633 632
f 569 570 634
f 569 634 633
f 570 571 635
f 570 635 634
f 571 572 636
f 571 636 635
f 572 573 637
f 572 637 636
f 573 574 638
f 573 638 637
f 574 575 639
f 574 639 638
f 575 576 640
f 575 640 639
f 576 513 577
f 576 577 640
f 577 578 642
f 577 642 641
f 578 579 643
f 578 643 642
f 579 580 644
f 579 644 643
f 580 581 645
f 580 645 644
f 581 582 646
f 581 646 645
f 582 583 647
f 582 647 646
f 583 584 648
f 583 648 647
f 584 585 649
f 584 649 648
f 585 586 650
f 585 650 649
f 586 587 651
f 586 651 650
f 587 588 652
f 587 652 651
f 588 589 653
f 588 653 652
f 589 590 654
f 589 654 653
f 590 591 655
f 590 655 654
f 591 592 656
f 591 656 655
f 592 593 657
f 592 657 656
f 593 594 658
f 593 658 657
f 594 595 659
f 594 659 658
f 595 596 660
f 595 660 659
f 596 597 661
f 596 661 660
f 597 598 662
f 597 662 661
f 598 599 663
f 598 663 662
f 599 600 664
f 599 664 663
f 600 601 665
f 600 665 664
f 601 602 666
f 601 666 665
f 602 603 667
f 602 667 666
f 603 604 668
f 603 668 667
f 604 605 669
f 604 669 668
f 605 606 670
f 605 670 669
f 606 607 671
f 606 671 670
f 607 608 672
f 607 672 671
f 608 609 673
f 608 673 672
f 609 610 674
f 609 674 673
f 610 611 675
f 610 675 674
f 611 612 676
f 611 676 675
f 612 613 677
f 612 677 676
f 613 614 678
f 613 678 677
f 614 615 679
f 614 679 678
f 615 616 680
f 615 680 679
f 616 617 681
f 616 681 680
f 617 618 682
f 617 682 681
f 618 619 683
f 618 683 682
f 619 620 684
f 619 684 683
f 620 621 685
f 620 685 684
f 621 622 686
f 621 686 685
f 622 623 687
f 622 687 686
f 623 624 688
f 623 688 687
f 624 625 689
f 624 689 688
f 625 626 690
f 625 690 689
f 626 627 691
f 626 691 690
f 627 628 692
f 627 692 691
f 628 629 693
f 628 693 692
f 629 630 694
f 629 694 693
f 630 631 695
f 630 695 694
f 631 632 696
f 631 696 695
f 632 633 697
f 632 697 696
f 633 634 698
f 633 698 697
f 634 635 699
f 634 699 698
f 635 636 700
f 635 700 699
f 636 637 701
f 636 701 700
f 637 638 702
f 637 702 701
f 638 639 703
f 638 703 702
f 639 640 704
f 639 704 703
f 640 577 641
f 640 641 704
f 641 642 706
f 641 706 705
f 642 643 707
f 642 707 706
f 643 644 708
f 643 708 707
f 644 645 709
f 644 709 708
f 645 646 710
f 645 710 709
f 646 647 711
f 646 711 710
f 647 648 712
f 647 712 711
f 648 649 713
f 648 713 712
f 649 650 714
f 649 714 713
f 650 651 715
f 650 715 714
f 651 652 716
f 651 716 715
f 652 653 717
f 652 717 716
f 653 654 718
f 653 718 717
f 654 655 719
f 654 719 718
f 655 656 720
f 655 720 719
f 656 657 721
f 656 721 720
f 657 658 722
f 657 722 721
f 658 659 723
f 658 723 722
f 659 660 724
f 659 724 723
f 660 661 725
f 660 725 724
f 661 662 726
f 661 726 725
f 662 663 727
f 662 727 726
f 663 664 728
f 663 728 727
f 664 665 729
f 664 729 728
f 665 666 730
f 665 730 729
f 666 667 731
f 666 731 730
f 667 668 732
f 667 732 731
f 668 669 733
f 668 733 732
f 669 670 734
f 669 734 733
f 670 671 735
f 670 735 734
f 671 672 736
f 671 736 735
f 672 673 737
f 672 737 736
f 673 674 738
f 673 738 737
f 674 675 739
f 674 739 738
f 675 676 740
f 675 740 739
f 676 677 741
f 676 741 740
f 677 678 742
f 677 742 741
f 678 679 743
f 678 743 742
f 679 680 744
f 679 744 743
f 680 681 745
f 680 745 744
f 681 682 746
f 681 746 745
f 682 683 747
f 682 747 746
f 683 684 748
f 683 748 747
f 684 685 749
f 684 749 748
f 685 686 750
f 685 750 749
f 686 687 751
f 686 751 750
f 687 688 752
f 687 752 751
f 688 689 753
f 688 753 752
f 689 690 754
f 689 754 753
f 690 691 755
f 690 755 754
f 691 692 756
f 691 756 755
f 692 693 757
f 692 757 756
f 693 694 758
f 693 758 757
f 694 695 759
f 694 759 758
f 695 696 760
f 695 760 759
f 696 697 761
f 696 761 760
f 697 698 762
f 697 762 761
f 698 699 763
f 698 763 762
f 699 700 764
f 699 764 763
f 700 701 765
f 700 765 764
f 701 702 766
f 701 766 765
f 702 703 767
f 702 767 766
f 703 704 768
f 703 768 767
f 704 641 705
f 704 705 768
f 705 706 770
f 705 770 769
f 706 707 771
f 706 771 770
f 707 708 772
f 707 772 771
f 708 709 773
f 708 773 772
f 709 710 774
f 709 774 773
f 710 711 775
f 710 775 774
f 711 712 776
f 711 776 775
f 712 713 777
f 712 777 776
f 713 714 778
f 713 778 777
f 714 715 779
f 714 779 778
f 715 716 780
f 715 780 779
f 716 717 781
f 716 781 780
f 717 718 782
f 717 782 781
f 718 719 783
f 718 783 782
f 719 720 784
f 719 784 783
f 720 721 785
f 720 785 784
f 721 722 786
f 721 786 785
f 722 723 787
f 722 787 786
f 723 724 788
f 723 788 787
f 724 725 789
f 724 789 788
f 725 726 790
f 725 790 789
f 726 727 791
f 726 791 790
f 727 728 792
f 727 792 791
f 728 729 793
f 728 793 792
f 729 730 794
f 729 794 793
f 730 731 795
f 730 795 794
f 731 732 796
f 731 796 795
f 732 733 797
f 732 797 796
f 733 734 798
f 733 798 797
f 734 735 799
f 734 799 798
f 735 736 800
f 735 800 799
f 736 737 801
f 736 801 800
f 737 738 802
f 737 802 801
f 738 739 803
f 738 803 802
f 739 740 804
f 739 804 803
f 740 741 805
f 740 805 804
f 741 742 806
f 741 806 805
f 742 743 807
f 742 807 806
f 743 744 808
f 743 808 807
f 744 745 809
f 744 809 808
f 745 746 810
f 745 810 809
f 746 747 811
f 746 811 810
f 747 748 812
f 747 812 811
f 748 749 813
f 748 813 812
f 749 750 814
f 749 814 813
f 750 751 815
f 750 815 814
f 751 752 816
f 751 816 815
f 752 753 817
f 752 817 816
f 753 754 818
f 753 818 817
f 754 755 819
f 754 819 818
f 755 756 820
f 755 820 819
f 756 757 821
f 756 821 820
f 757 758 822
f 757 822 821
f 758 759 823
f 758 823 822
f 759 760 824
f 759 824 823
f 760 761 825
f 760 825 824
f 761 762 826
f 761 826 825
f 762 763 827
f 762 827 826
f 763 764 828
f 763 828 827
f 764 765 829
f 764 829 828
f 765 766 830
f 765 830 829
f 766 767 831
f 766 831 830
f 767 768 832
f 767 832 831
f 768 705 769
f 768 769 832
f 769 770 834
f 769 834 833
f 770 771 835
f 770 835 834
f 771 772 836
f 771 836 835
f 772 773 837
f 772 837 836
f 773 774 838
f 773 838 837
f 774 775 839
f 774 839 838
f 775 776 840
f 775 840 839
f 776 777 841
f 776 841 840
f 777 778 842
f 777 842 841
f 778 779 843
f 778 843 842
f 779 780 844
f 779 844 843
f 780 781 845
f 780 845 844
f 781 782 846
f 781 846 845
f 782 783 847
f 782 847 846
f 783 784 848
f 783 848 847
f 784 785 849
f 784 849 848
f 785 786 850
f 785 850 849
f 786 787 851
f 786 851 850
f 787 788 852
f 787 852 851
f 788 789 853
f 788 853 852
f 789 790 854
f 789 854 853
f 790 791 855
f 790 855 854
f 791 792 856
f 791 856 855
f 792 793 857
f 792 857 856
f 793 794 858
f 793 858 857
f 794 795 859
f 794 859 858
f 795 796 860
f 795 860 859
f 796 797 861
f 796 861 860
f 797 798 862
f 797 862 861
f 798 799 863
f 798 863 862
f 799 800 864
f 799 864 863
f 800 801 865
f 800 865 864
f 801 802 866
f 801 866 865
f 802 803 867
f 802 867 866
f 803 804 868
f 803 868 867
f 804 805 869
f 804 869 868
f 805 806 870
f 805 870 869
f 806 807 871
f 806 871 870
f 807 808 872
f 807 872 871
f 808 809 873
f 808 873 872
f 809 810 874
f 809 874 873
f 810 811 875
f 810 875 874
f 811 812 876
f 811 876 875
f 812 813 877
f 812 877 876
f 813 814 878
f 813 878 877
f 814 815 879
f 814 879 878
f 815 816 880
f 815 880 879
f 816 817 881
f 816 881 880
f 817 818 882
f 817 882 881
f 818 819 883
f 818 883 882
f 819 820 884
f 819 884 883
f 820 821 885
f 820 885 884
f 821 822 886
f 821 886 885
f 822 823 887
f 822 887 886
f 823 824 888
f 823 888 887
f 824 825 889
f 824 889 888
f 825 826 890
f 825 890 889
f 826 827 891
f 826 891 890
f 827 828 892
f 827 892 891
f 828 829 893
f 828 893 892
f 829 830 894
f 829 894 893
f 830 831 895
f 830 895 894
f 831 832 896
f 831 896 895
f 832 769 833
f 832 833 896
f 833 834 898
f 833 898 897
f 834 835 899
f 834 899 898
f 835 836 900
f 835 900 899
f 836 837 901
f 836 901 900
f 837 838 902
f 837 902 901
f 838 839 903
f 838 903 902
f 839 840 904
f 839 904 903
f 840 841 905
f 840 905 904
f 841 842 906
f 841 906 905
f 842 843 907
f 842 907 906
f 843 844 908
f 843 908 907
f 844 845 909
f 844 909 908
f 845 846 910
f 845 910 909
f 846 847 911
f 846 911 910
f 847 848 912
f 847 912 911
f 848 849 913
f 848 913 912
f 849 850 914
f 849 914 913
f 850 851 915
f 850 915 914
f 851 852 916
f 851 916 915
f 852 853 917
f 852 917 916
f 853 854 918
f 853 918 917
f 854 855 919
f 854 919 918
f 855 856 920
f 855 920 919
f 856 857 921
f 856 921 920
f 857 858 922
f 857 922 921
f 858 859 923
f 858 923 922
f 859 860 924
f 859 924 923
f 860 861 925
f 860 925 924
f 861 862 926
f 861 926 925
f 862 863 927
f 862 927 926
f 863 864 928
f 863 928 927
f 864 865 929
f 864 929 928
f 865 866 930
f 865 930 929
f 866 867 931
f 866 931 930
f 867 868 932
f 867 932 931
f 868 869 933
f 868 933 932
f 869 870 934
f 869 934 933
f 870 871 935
f 870 935 934
f 871 872 936
f 871 936 935
f 872 873 937
f 872 937 936
f 873 874 938
f 873 938 937
f 874 875 939
f 874 939 938
f 875 876 940
f 875 940 939
f 876 877 941
f 876 941 940
f 877 878 942
f 877 942 941
f 878 879 943
f 878 943 942
f 879 880 944
f 879 944 943
f 880 881 945
f 880 945 944
f 881 882 946
f 881 946 945
f 882 883 947
f 882 947 946
f 883 884 948
f 883 948 947
f 884 885 949
f 884 949 948
f 885 886 950
f 885 950 949
f 886 887 951
f 886 951 950
f 887 888 952
f 887 952 951
f 888 889 953
f 888 953 952
f 889 890 954
f 889 954 953
f 890 891 955
f 890 955 954
f 891 892 956
f 891 956 955
f 892 893 957
f 892 957 956
f 893 894 958
f 893 958 957
f 894 895 959
f 894 959 958
f 895 896 960
f 895 960 959
f 896 833 897
f 896 897 960
f 897 898 962
f 897 962 961
f 898 899 963
f 898 963 962
f 899 900 964
f 899 964 963
f 900 901 965
f 900 965 964
f 901 902 966
f 901 966 965
f 902 903 967
f 902 967 966
f 903 904 968
f 903 968 967
f 904 905 969
f 904 969 968
f 905 906 970
f 905 970 969
f 906 907 971
f 906 971 970
f 907 908 972
f 907 972 971
f 908 909 973
f 908 973 972
f 909 910 974
f 909 974 973
f 910 911 975
f 910 975 974
f 911 912 976
f 911 976 975
f 912 913 977
f 912 977 976
f 913 914 978
f 913 978 977
f 914 915 979
f 914 979 978
f 915 916 980
f 915 980 979
f 916 917 981
f 916 981 980
f 917 918 982
f 917 982 981
f 918 919 983
f 918 983 982
f 919 920 984
f 919 984 983
f 920 921 985
f 920 985 984
f 921 922 986
f 921 986 985
f 922 923 987
f 922 987 986
f 923 924 988
f 923 988 987
f 924 925 989
f 924 989 988
f 925 926 990
f 925 990 989
f 926 927 991
f 926 991 990
f 927 928 992
f 927 992 991
f 928 929 993
f 928 993 992
f 929 930 994
f 929 994 993
f 930 931 995
f 930 995 994
f 931 932 996
f 931 996 995
f 932 933 997
f 932 997 996
f 933 934 998
f 933 998 997
f 934 935 999
f 934 999 998
f 935 936 1000
f 935 1000 999
f 936 937 1001
f 936 1001 1000
f 937 938 1002
f 937 1002 1001
f 938 939 1003
f 938 1003 1002
f 939 940 1004
f 939 1004 1003
f 940 941 1005
f 940 1005 1004
f 941 942 1006
f 941 1006 1005
f 942 943 1007
f 942 1007 1006
f 943 944 1008
f 943 1008 1007
f 944 945 1009
f 944 1009 1008
f 945 946 1010
f 945 1010 1009
f 946 947 1011
f 946 1011 1010
f 947 948 1012
f 947 1012 1011
f 948 949 1013
f 948 1013 1012
f 949 950 1014
f 949 1014 1013
f 950 951 1015
f 950 1015 1014
f 951 952 1016
f 951 1016 1015
f 952 953 1017
f 952 1017 1016
f 953 954 1018
f 953 1018 1017
f 954 955 1019
f 954 1019 1018
f 955 956 1020
f 955 1020 1019
f 956 957 1021
f 956 1021 1020
f 957 958 1022
f 957 1022 1021
f 958 959 1023
f 958 1023 1022
f 959 960 1024
f 959 1024 1023
f 960 897 961
f 960 961 1024
f 961 962 1026
f 961 1026 1025
f 962 963 1027
f 962 1027 1026
f 963 964 1028
f 963 1028 1027
f 964 965 1029
f 964 1029 1028
f 965 966 1030
f 965 1030 1029
f 966 967 1031
f 966 1031 1030
f 967 968 1032
f 967 1032 1031
f 968 969 1033
f 968 1033 1032
f 969 970 1034
f 969 1034 1033
f 970 971 1035
f 970 1035 1034
f 971 972 1036
f 971 1036 1035
f 972 973 1037
f 972 1037 1036
f 973 974 1038
f 973 1038 1037
f 974 975 1039
f 974 1039 1038
f 975 976 1040
f 975 1040 1039
f 976 977 1041
f 976 1041 1040
f 977 978 1042
f 977 1042 1041
f 978 979 1043
f 978 1043 1042
f 979 980 1044
f 979 1044 1043
f 980 981 1045
f 980 1045 1044
f 981 982 1046
f 981 1046 1045
f 982 983 1047
f 982 1047 1046
f 983 984 1048
f 983 1048 1047
f 984 985 1049
f 984 1049 1048
f 985 986 1050
f 985 1050 1049
f 986 987 1051
f 986 1051 1050
f 987 988 1052
f 987 1052 1051
f 988 989 1053
f 988 1053 1052
f 989 990 1054
f 989 1054 1053
f 990 991 1055
f 990 1055 1054
f 991 992 1056
f 991 1056 1055
f 992 993 1057
f 992 1057 1056
f 993 994 1058
f 993 1058 1057
f 994 995 1059
f 994 1059 1058
f 995 996 1060
f 995 1060 1059
f 996 997 1061
f 996 1061 1060
f 997 998 1062
f 997 1062 1061
f 998 999 1063
f 998 1063 1062
f 999 1000 1064
f 999 1064 1063
f 1000 1001 1065
f 1000 1065 1064
f 1001 1002 1066
f 1001 1066 1065
f 1002 1003 1067
f 1002 1067 1066
f 1003 1004 1068
f 1003 1068 1067
f 1004 1005 1069
f 1004 1069 1068
f 1005 1006 1070
f 1005 1070 1069
f 1006 1007 1071
f 1006 1071 1070
f 1007 1008 1072
f 1007 1072 1071
f 1008 1009 1073
f 1008 1073 1072
f 1009 1010 1074
f 1009 1074 1073
f 1010 1011 1075
f 1010 1075 1074
f 1011 1012 1076
f 1011 1076 1075
f 1012 1013 1077
f 1012 1077 1076
f 1013 1014 1078
f 1013 1078 1077
f 1014 1015 1079
f 1014 1079 1078
f 1015 1016 1080
f 1015 1080 1079
f 1016 1017 1081
f 1016 1081 1080
f 1017 1018 1082
f 1017 1082 1081
f 1018 1019 1083
f 1018 1083 1082
f 1019 1020 1084
f 1019 1084 1083
f 1020 1021 1085
f 1020 1085 1084
f 1021 1022 1086
f 1021 1086 1085
f 1022 1023 1087
f 1022 1087 1086
f 1023 1024 1088
f 1023 1088 1087
f 1024 961 1025
f 1024 1025 1088
f 1025 1026 1090
f 1025 1090 1089
f 1026 1027 1091
f 1026 1091 1090
f 1027 1028 1092
f 1027 1092 1091
f 1028 1029 1093
f 1028 1093 1092
f 1029 1030 1094
f 1029 1094 1093
f 1030 1031 1095
f 1030 1095 1094
f 1031 1032 1096
f 1031 1096 1095
f 1032 1033 1097
f 1032 1097 1096
f 1033 1034 1098
f 1033 1098 1097
f 1034 1035 1099
f 1034 1099 1098
f 1035 1036 1100
f 1035 1100 1099
f 1036 1037 1101
f 1036 1101 1100
f 1037 1038 1102
f 1037 1102 1101
f 1038 1039 1103
f 1038 1103 1102
f 1039 1040 1104
f 1039 1104 1103
f 1040 1041 1105
f 1040 1105 1104
f 1041 1042 1106
f 1041 1106 1105
f 1042 1043 1107
f 1042 1107 1106
f 1043 1044 1108
f 1043 1108 1107
f 1044 1045 1109
f 1044 1109 1108
f 1045 1046 1110
f 1045 1110 1109
f 1046 1047 1111
f 1046 1111 1110
f 1047 1048 1112
f 1047 1112 1111
f 1048 1049 1113
f 1048 1113 1112
f 1049 1050 1114
f 1049 1114 1113
f 1050 1051 1115
f 1050 1115 1114
f 1051 1052 1116
f 1051 1116 1115
f 1052 1053 1117
f 1052 1117 1116
f 1053 1054 1118
f 1053 1118 1117
f 1054 1055 1119
f 1054 1119 1118
f 1055 1056 1120
f 1055 1120 1119
f 1056 1057 1121
f 1056 1121 1120
f 1057 1058 1122
f 1057 1122 1121
f 1058 1059 1123
f 1058 1123 1122
f 1059 1060 1124
f 1059 1124 1123
f 1060 1061 1125
f 1060 1125 1124
f 1061 1062 1126
f 1061 1126 1125
f 1062 1063 1127
f 1062 1127 1126
f 1063 1064 1128
f 1063 1128 1127
f 1064 1065 1129
f 1064 1129 1128
f 1065 1066 1130
f 1065 1130 1129
f 1066 1067 1131
f 1066 1131 1130
f 1067 1068 1132
f 1067 1132 1131
f 1068 1069 1133
f 1068 1133 1132
f 1069 1070 1134
f 1069 1134 1133
f 1070 1071 1135
f 1070 1135 1134
f 1071 1072 1136
f 1071 1136 1135
f 1072 1073 1137
f 1072 1137 1136
f 1073 1074 1138
f 1073 1138 1137
f 1074 1075 1139
f 1074 1139 1138
f 1075 1076 1140
f 1075 1140 1139
f 1076 1077 1141
f 1076 1141 1140
f 1077 1078 1142
f 1077 1142 1141
f 1078 1079 1143
f 1078 1143 1142
f 1079 1080 1144
f 1079 1144 1143
f 1080 1081 1145
f 1080 1145 1144
f 1081 1082 1146
f 1081 1146 1145
f 1082 1083 1147
f 1082 1147 1146
f 1083 1084 1148
f 1083 1148 1147
f 1084 1085 1149
f 1084 1149 1148
f 1085 1086 1150
f 1085 1150 1149
f 1086 1087 1151
f 1086 1151 1150
f 1087 1088 1152
f 1087 1152 1151
f 1088 1025 1089
f 1088 1089 1152
f 1089 1090 1154
f 1089 1154 1153
f 1090 1091 1155
f 1090 1155 1154
f 1091 1092 1156
f 1091 1156 1155
f 1092 1093 1157
f 1092 1157 1156
f 1093 1094 1158
f 1093 1158 1157
f 1094 1095 1159
f 1094 1159 1158
f 1095 1096 1160
f 1095 1160 1159
f 1096 1097 1161
f 1096 1161 1160
f 1097 1098 1162
f 1097 1162 1161
f 1098 1099 1163
f 1098 1163 1162
f 1099 1100 1164
f 1099 1164 1163
f 1100 1101 1165
f 1100 1165 1164
f 1101 1102 1166
f 1101 1166 1165
f 1102 1103 1167
f 1102 1167 1166
f 1103 1104 1168
f 1103 1168 1167
f 1104 1105 1169
f 1104 1169 1168
f 1105 1106 1170
f 1105 1170 1169
f 1106 1107 1171
f 1106 1171 1170
f 1107 1108 1172
f 1107 1172 1171
f 1108 1109 1173
f 1108 1173 1172
f 1109 1110 1174
f 1109 1174 1173
f 1110 1111 1175
f 1110 1175 1174
f 1111 1112 1176
f 1111 1176 1175
f 1112 1113 1177
f 1112 1177 1176
f 1113 1114 1178
f 1113 1178 1177
f 1114 1115 1179
f 1114 1179 1178
f 1115 1116 1180
f 1115 1180 1179
f 1116 1117 1181
f 1116 1181 1180
f 1117 1118 1182
f 1117 1182 1181
f 1118 1119 1183
f 1118 1183 1182
f 1119 1120 1184
f 1119 1184 1183
f 1120 1121 1185
f 1120 1185 1184
f 1121 1122 1186
f 1121 1186 1185
f 1122 1123 1187
f 1122 1187 1186
f 1123 1124 1188
f 1123 1188 1187
f 1124 1125 1189
f 1124 1189 1188
f 1125 1126 1190
f 1125 1190 1189
f 1126 1127 1191
f 1126 1191 1190
f 1127 1128 1192
f 1127 1192 1191
f 1128 1129 1193
f 1128 1193 1192
f 1129 1130 1194
f 1129 1194 1193
f 1130 1131 1195
f 1130 1195 1194
f 1131 1132 1196
f 1131 1196 1195
f 1132 1133 1197
f 1132 1197 1196
f 1133 1134 1198
f 1133 1198 1197
f 1134 1135 1199
f 1134 1199 1198
f 1135 1136 1200
f 1135 1200 1199
f 1136 1137 1201
f 1136 1201 1200
f 1137 1138 1202
f 1137 1202 1201
f 1138 1139 1203
f 1138 1203 1202
f 1139 1140 1204
f 1139 1204 1203
f 1140 1141 1205
f 1140 1205 1204
f 1141 1142 1206
f 1141 1206 1205
f 1142 1143 1207
f 1142 1207 1206
f 1143 1144 1208
f 1143 1208 1207
f 1144 1145 1209
f 1144 1209 1208
f 1145 1146 1210
f 1145 1210 1209
f 1146 1147 1211
f 1146 1211 1210
f 1147 1148 1212
f 1147 1212 1211
f 1148 1149 1213
f 1148 1213 1212
f 1149 1150 1214
f 1149 1214 1213
f 1150 1151 1215
f 1150 1215 1214
f 1151 1152 1216
f 1151 1216 1215
f 1152 1089 1153
f 1152 1153 1216
f 1153 1154 1218
f 1153 1218 1217
f 1154 1155 1219
f 1154 1219 1218
f 1155 1156 1220
f 1155 1220 1219
f 1156 1157 1221
f 1156 1221 1220
f 1157 1158 1222
f 1157 1222 1221
f 1158 1159 1223
f 1158 1223 1222
f 1159 1160 1224
f 1159 1224 1223
f 1160 1161 1225
f 1160 1225 1224
f 1161 1162 1226
f 1161 1226 1225
f 1162 1163 1227
f 1162 1227 1226
f 1163 1164 1228
f 1163 1228 1227
f 1164 1165 1229
f 1164 1229 1228
f 1165 1166 1230
f 1165 1230 1229
f 1166 1167 1231
f 1166 1231 1230
f 1167 1168 1232
f 1167 1232 1231
f 1168 1169 1233
f 1168 1233 1232
f 1169 1170 1234
f 1169 1234 1233
f 1170 1171 1235
f 1170 1235 1234
f 1171 1172 1236
f 1171 1236 1235
f 1172 1173 1237
f 1172 1237 1236
f 1173 1174 1238
f 1173 1238 1237
f 1174 1175 1239
f 1174 1239 1238
f 1175 1176 1240
f 1175 1240 1239
f 1176 1177 1241
f 1176 1241 1240
f 1177 1178 1242
f 1177 1242 1241
f 1178 1179 1243
f 1178 1243 1242
f 1179 1180 1244
f 1179 1244 1243
f 1180 1181 1245
f 1180 1245 1244
f 1181 1182 1246
f 1181 1246 1245
f 1182 1183 1247
f 1182 1247 1246
f 1183 1184 1248
f 1183 1248 1247
f 1184 1185 1249
f 1184 1249 1248
f 1185 1186 1250
f 1185 1250 1249
f 1186 1187 1251
f 1186 1251 1250
f 1187 1188 1252
f 1187 1252 1251
f 1188 1189 1253
f 1188 1253 1252
f 1189 1190 1254
f 1189 1254 1253
f 1190 1191 1255
f 1190 1255 1254
f 1191 1192 1256
f 1191 1256 1255
f 1192 1193 1257
f 1192 1257 1256
f 1193 1194 1258
f 1193 1258 1257
f 1194 1195 1259
f 1194 1259 1258
f 1195 1196 1260
f 1195 1260 1259
f 1196 1197 1261
f 1196 1261 1260
f 1197 1198 1262
f 1197 1262 1261
f 1198 1199 1263
f 1198 1263 1262
f 1199 1200 1264
f 1199 1264 1263
f 1200 1201 1265
f 1200 1265 1264
f 1201 1202 1266
f 1201 1266 1265
f 1202 1203 1267
f 1202 1267 1266
f 1203 1204 1268
f 1203 1268 1267
f 1204 1205 1269
f 1204 1269 1268
f 1205 1206 1270
f 1205 1270 1269
f 1206 1207 1271
f 1206 1271 1270
f 1207 1208 1272
f 1207 1272 1271
f 1208 1209 1273
f 1208 1273 1272
f 1209 1210 1274
f 1209 1274 1273
f 1210 1211 1275
f 1210 1275 1274
f 1211 1212 1276
f 1211 1276 1275
f 1212 1213 1277
f 1212 1277 1276
f 1213 1214 1278
f 1213 1278 1277
f 1214 1215 1279
f 1214 1279 1278
f 1215 1216 1280
f 1215 1280 1279
f 1216 1153 1217
f 1216 1217 1280
f 1217 1218 1282
f 1217 1282 1281
f 1218 1219 1283
f 1218 1283 1282
f 1219 1220 1284
f 1219 1284 1283
f 1220 1221 1285
f 1220 1285 1284
f 1221 1222 1286
f 1221 1286 1285
f 1222 1223 1287
f 1222 1287 1286
f 1223 1224 1288
f 1223 1288 1287
f 1224 1225 1289
f 1224 1289 1288
f 1225 1226 1290
f 1225 1290 1289
f 1226 1227 1291
f 1226 1291 1290
f 1227 1228 1292
f 1227 1292 1291
f 1228 1229 1293
f 1228 1293 1292
f 1229 1230 1294
f 1229 1294 1293
f 1230 1231 1295
f 1230 1295 1294
f 1231 1232 1296
f 1231 1296 1295
f 1232 1233 1297
f 1232 1297 1296
f 1233 1234 1298
f 1233 1298 1297
f 1234 1235 1299
f 1234 1299 1298
f 1235 1236 1300
f 1235 1300 1299
f 1236 1237 1301
f 1236 1301 1300
f 1237 1238 1302
f 1237 1302 1301
f 1238 1239 1303
f 1238 1303 1302
f 1239 1240 1304
f 1239 1304 1303
f 1240 1241 1305
f 1240 1305 1304
f 1241 1242 1306
f 1241 1306 1305
f 1242 1243 1307
f 1242 1307 1306
f 1243 1244 1308
f 1243 1308 1307
f 1244 1245 1309
f 1244 1309 1308
f 1245 1246 1310
f 1245 1310 1309
f 1246 1247 1311
f 1246 1311 1310
f 1247 1248 1312
f 1247 1312 1311
f 1248 1249 1313
f 1248 1313 1312
f 1249 1250 1314
f 1249 1314 1313
f 1250 1251 1315
f 1250 1315 1314
f 1251 1252 1316
f 1251 1316 1315
f 1252 1253 1317
f 1252 1317 1316
f 1253 1254 1318
f 1253 1318 1317
f 1254 1255 1319
f 1254 1319 1318
f 1255 1256 1320
f 1255 1320 1319
f 1256 1257 1321
f 1256 1321 1320
f 1257 1258 1322
f 1257 1322 1321
f 1258 1259 1323
f 1258 1323 1322
f 1259 1260 1324
f 1259 1324 1323
f 1260 1261 1325
f 1260 1325 1324
f 1261 1262 1326
f 1261 1326 1325
f 1262 1263 1327
f 1262 1327 1326
f 1263 1264 1328
f 1263 1328 1327
f 1264 1265 1329
f 1264 1329 1328
f 1265 1266 1330
f 1265 1330 1329
f 1266 1267 1331
f 1266 1331 1330
f 1267 1268 1332
f 1267 1332 1331
f 1268 1269 1333
f 1268 1333 1332
f 1269 1270 1334
f 1269 1334 1333
f 1270 1271 1335
f 1270 1335 1334
f 1271 1272 1336
f 1271 1336 1335
f 1272 1273 1337
f 1272 1337 1336
f 1273 1274 1338
f 1273 1338 1337
f 1274 1275 1339
f 1274 1339 1338
f 1275 1276 1340
f 1275 1340 1339
f 1276 1277 1341
f 1276 1341 1340
f 1277 1278 1342
f 1277 1342 1341
f 1278 1279 1343
f 1278 1343 1342
f 1279 1280 1344
f 1279 1344 1343
f 1280 1217 1281
f 1280 1281 1344
f 1281 1282 1346
f 1281 1346 1345
f 1282 1283 1347
f 1282 1347 1346
f 1283 1284 1348
f 1283 1348 1347
f 1284 1285 1349
f 1284 1349 1348
f 1285 1286 1350
f 1285 1350 1349
f 1286 1287 1351
f 1286 1351 1350
f 1287 1288 1352
f 1287 1352 1351
f 1288 1289 1353
f 1288 1353 1352
f 1289 1290 1354
f 1289 1354 1353
f 1290 1291 1355
f 1290 1355 1354
f 1291 1292 1356
f 1291 1356 1355
f 1292 1293 1357
f 1292 1357 1356
f 1293 1294 1358
f 1293 1358 1357
f 1294 1295 1359
f 1294 1359 1358
f 1295 1296 1360
f 1295 1360 1359
f 1296 1297 1361
f 1296 1361 1360
f 1297 1298 1362
f 1297 1362 1361
f 1298 1299 1363
f 1298 1363 1362
f 1299 1300 1364
f 1299 1364 1363
f 1300 1301 1365
f 1300 1365 1364
f 1301 1302 1366
f 1301 1366 1365
f 1302 1303 1367
f 1302 1367 1366
f 1303 1304 1368
f 1303 1368 1367
f 1304 1305 1369
f 1304 1369 1368
f 1305 1306 1370
f 1305 1370 1369
f 1306 1307 1371
f 1306 1371 1370
f 1307 1308 1372
f 1307 1372 1371
f 1308 1309 1373
f 1308 1373 1372
f 1309 1310 1374
f 1309 1374 1373
f 1310 1311 1375
f 1310 1375 1374
f 1311 1312 1376
f 1311 1376 1375
f 1312 1313 1377
f 1312 1377 1376
f 1313 1314 1378
f 1313 1378 1377
f 1314 1315 1379
f 1314 1379 1378
f 1315 1316 1380
f 1315 1380 1379
f 1316 1317 1381
f 1316 1381 1380
f 1317 1318 1382
f 1317 1382 1381
f 1318 1319 1383
f 1318 1383 1382
f 1319 1320 1384
f 1319 1384 1383
f 1320 1321 1385
f 1320 1385 1384
f 1321 1322 1386
f 1321 1386 1385
f 1322 1323 1387
f 1322 1387 1386
f 1323 1324 1388
f 1323 1388 1387
f 1324 1325 1389
f 1324 1389 1388
f 1325 1326 1390
f 1325 1390 1389
f 1326 1327 1391
f 1326 1391 1390
f 1327 1328 1392
f 1327 1392 1391
f 1328 1329 1393
f 1328 1393 1392
f 1329 1330 1394
f 1329 1394 1393
f 1330 1331 1395
f 1330 1395 1394
f 1331 1332 1396
f 1331 1396 1395
f 1332 1333 1397
f 1332 1397 1396
f 1333 1334 1398
f 1333 1398 1397
f 1334 1335 1399
f 1334 1399 1398
f 1335 1336 1400
f 1335 1400 1399
f 1336 1337 1401
f 1336 1401 1400
f 1337 1338 1402
f 1337 1402 1401
f 1338 1339 1403
f 1338 1403 1402
f 1339 1340 1404
f 1339 1404 1403
f 1340 1341 1405
f 1340 1405 1404
f 1341 1342 1406
f 1341 1406 1405
f 1342 1343 1407
f 1342 1407 1406
f 1343 1344 1408
f 1343 1408 1407
f 1344 1281 1345
f 1344 1345 1408
f 1345 1346 1410
f 1345 1410 1409
f 1346 1347 1411
f 1346 1411 1410
f 1347 1348 1412
f 1347 1412 1411
f 1348 1349 1413
f 1348 1413 1412
f 1349 1350 1414
f 1349 1414 1413
f 1350 1351 1415
f 1350 1415 1414
f 1351 1352 1416
f 1351 1416 1415
f 1352 1353 1417
f 1352 1417 1416
f 1353 1354 1418
f 1353 1418 1417
f 1354 1355 1419
f 1354 1419 1418
f 1355 1356 1420
f 1355 1420 1419
f 1356 1357 1421
f 1356 1421 1420
f 1357 1358 1422
f 1357 1422 1421
f 1358 1359 1423
f 1358 1423 1422
f 1359 1360 1424
f 1359 1424 1423
f 1360 1361 1425
f 1360 1425 1424
f 1361 1362 1426
f 1361 1426 1425
f 1362 1363 1427
f 1362 1427 1426
f 1363 1364 1428
f 1363 1428 1427
f 1364 1365 1429
f 1364 1429 1428
f 1365 1366 1430
f 1365 1430 1429
f 1366 1367 1431
f 1366 1431 1430
f 1367 1368 1432
f 1367 1432 1431
f 1368 1369 1433
f 1368 1433 1432
f 1369 1370 1434
f 1369 1434 1433
f 1370 1371 1435
f 1370 1435 1434
f 1371 1372 1436
f 1371 1436 1435
f 1372 1373 1437
f 1372 1437 1436
f 1373 1374 1438
f 1373 1438 1437
f 1374 1375 1439
f 1374 1439 1438
f 1375 1376 1440
f 1375 1440 1439
f 1376 1377 1441
f 1376 1441 1440
f 1377 1378 1442
f 1377 1442 1441
f 1378 1379 1443
f 1378 1443 1442
f 1379 1380 1444
f 1379 1444 1443
f 1380 1381 1445
f 1380 1445 1444
f 1381 1382 1446
f 1381 1446 1445
f 1382 1383 1447
f 1382 1447 1446
f 1383 1384 1448
f 1383 1448 1447
f 1384 1385 1449
f 1384 1449 1448
f 1385 1386 1450
f 1385 1450 1449
f 1386 1387 1451
f 1386 1451 1450
f 1387 1388 1452
f 1387 1452 1451
f 1388 1389 1453
f 1388 1453 1452
f 1389 1390 1454
f 1389 1454 1453
f 1390 1391 1455
f 1390 1455 1454
f 1391 1392 1456
f 1391 1456 1455
f 1392 1393 1457
f 1392 1457 1456
f 1393 1394 1458
f 1393 1458 1457
f 1394 1395 1459
f 1394 1459 1458
f 1395 1396 1460
f 1395 1460 1459
f 1396 1397 1461
f 1396 1461 1460
f 1397 1398 1462
f 1397 1462 1461
f 1398 1399 1463
f 1398 1463 1462
f 1399 1400 1464
f 1399 1464 1463
f 1400 1401 1465
f 1400 1465 1464
f 1401 1402 1466
f 1401 1466 1465
f 1402 1403 1467
f 1402 1467 1466
f 1403 1404 1468
f 1403 1468 1467
f 1404 1405 1469
f 1404 1469 1468
f 1405 1406 1470
f 1405 1470 1469
f 1406 1407 1471
f 1406 1471 1470
f 1407 1408 1472
f 1407 1472 1471
f 1408 1345 1409
f 1408 1409 1472
f 1409 1410 1474
f 1409 1474 1473
f 1410 1411 1475
f 1410 1475 1474
f 1411 1412 1476
f 1411 1476 1475
f 1412 1413 1477
f 1412 1477 1476
f 1413 1414 1478
f 1413 1478 1477
f 1414 1415 1479
f 1414 1479 1478
f 1415 1416 1480
f 1415 1480 1479
f 1416 1417 1481
f 1416 1481 1480
f 1417 1418 1482
f 1417 1482 1481
f 1418 1419 1483
f 1418 1483 1482
f 1419 1420 1484
f 1419 1484 1483
f 1420 1421 1485
f 1420 1485 1484
f 1421 1422 1486
f 1421 1486 1485
f 1422 1423 1487
f 1422 1487 1486
f 1423 1424 1488
f 1423 1488 1487
f 1424 1425 1489
f 1424 1489 1488
f 1425 1426 1490
f 1425 1490 1489
f 1426 1427 1491
f 1426 1491 1490
f 1427 1428 1492
f 1427 1492 1491
f 1428 1429 1493
f 1428 1493 1492
f 1429 1430 1494
f 1429 1494 1493
f 1430 1431 1495
f 1430 1495 1494
f 1431 1432 1496
f 1431 1496 1495
f 1432 1433 1497
f 1432 1497 1496
f 1433 1434 1498
f 1433 1498 1497
f 1434 1435 1499
f 1434 1499 1498
f 1435 1436 1500
f 1435 1500 1499
f 1436 1437 1501
f 1436 1501 1500
f 1437 1438 1502
f 1437 1502 1501
f 1438 1439 1503
f 1438 1503 1502
f 1439 1440 1504
f 1439 1504 1503
f 1440 1441 1505
f 1440 1505 1504
f 1441 1442 1506
f 1441 1506 1505
f 1442 1443 1507
f 1442 1507 1506
f 1443 1444 1508
f 1443 1508 1507
f 1444 1445 1509
f 1444 1509 1508
f 1445 1446 1510
f 1445 1510 1509
f 1446 1447 1511
f 1446 1511 1510
f 1447 1448 1512
f 1447 1512 1511
f 1448 1449 1513
f 1448 1513 1512
f 1449 1450 1514
f 1449 1514 1513
f 1450 1451 1515
f 1450 1515 1514
f 1451 1452 1516
f 1451 1516 1515
f 1452 1453 1517
f 1452 1517 1516
f 1453 1454 1518
f 1453 1518 1517
f 1454 1455 1519
f 1454 1519 1518
f 1455 1456 1520
f 1455 1520 1519
f 1456 1457 1521
f 1456 1521 1520
f 1457 1458 1522
f 1457 1522 1521
f 1458 1459 1523
f 1458 1523 1522
f 1459 1460 1524
f 1459 1524 1523
f 1460 1461 1525
f 1460 1525 1524
f 1461 1462 1526
f 1461 1526 1525
f 1462 1463 1527
f 1462 1527 1526
f 1463 1464 1528
f 1463 1528 1527
f 1464 1465 1529
f 1464 1529 1528
f 1465 1466 1530
f 1465 1530 1529
f 1466 1467 1531
f 1466 1531 1530
f 1467 1468 1532
f 1467 1532 1531
f 1468 1469 1533
f 1468 1533 1532
f 1469 1470 1534
f 1469 1534 1533
f 1470 1471 1535
f 1470 1535 1534
f 1471 1472 1536
f 1471 1536 1535
f 1472 1409 1473
f 1472 1473 1536
f 1473 1474 1538
f 1473 1538 1537
f 1474 1475 1539
f 1474 1539 1538
f 1475 1476 1540
f 1475 1540 1539
f 1476 1477 1541
f 1476 1541 1540
f 1477 1478 1542
f 1477 1542 1541
f 1478 1479 1543
f 1478 1543 1542
f 1479 1480 1544
f 1479 1544 1543
f 1480 1481 1545
f 1480 1545 1544
f 1481 1482 1546
f 1481 1546 1545
f 1482 1483 1547
f 1482 1547 1546
f 1483 1484 1548
f 1483 1548 1547
f 1484 1485 1549
f 1484 1549 1548
f 1485 1486 1550
f 1485 1550 1549
f 1486 1487 1551
f 1486 1551 1550
f 1487 1488 1552
f 1487 1552 1551
f 1488 1489 1553
f 1488 1553 1552
f 1489 1490 1554
f 1489 1554 1553
f 1490 1491 1555
f 1490 1555 1554
f 1491 1492 1556
f 1491 1556 1555
f 1492 1493 1557
f 1492 1557 1556
f 1493 1494 1558
f 1493 1558 1557
f 1494 1495 1559
f 1494 1559 1558
f 1495 1496 1560
f 1495 1560 1559
f 1496 1497 1561
f 1496 1561 1560
f 1497 1498 1562
f 1497 1562 1561
f 1498 1499 1563
f 1498 1563 1562
f 1499 1500 1564
f 1499 1564 1563
f 1500 1501 1565
f 1500 1565 1564
f 1501 1502 1566
f 1501 1566 1565
f 1502 1503 1567
f 1502 1567 1566
f 1503 1504 1568
f 1503 1568 1567
f 1504 1505 1569
f 1504 1569 1568
f 1505 1506 1570
f 1505 1570 1569
f 1506 1507 1571
f 1506 1571 1570
f 1507 1508 1572
f 1507 1572 1571
f 1508 1509 1573
f 1508 1573 1572
f 1509 1510 1574
f 1509 1574 1573
f 1510 1511 1575
f 1510 1575 1574
f 1511 1512 1576
f 1511 1576 1575
f 1512 1513 1577
f 1512 1577 1576
f 1513 1514 1578
f 1513 1578 1577
f 1514 1515 1579
f 1514 1579 1578
f 1515 1516 1580
f 1515 1580 1579
f 1516 1517 1581
f 1516 1581 1580
f 1517 1518 1582
f 1517 1582 1581
f 1518 1519 1583
f 1518 1583 1582
f 1519 1520 1584
f 1519 1584 1583
f 1520 1521 1585
f 1520 1585 1584
f 1521 1522 1586
f 1521 1586 1585
f 1522 1523 1587
f 1522 1587 1586
f 1523 1524 1588
f 1523 1588 1587
f 1524 1525 1589
f 1524 1589 1588
f 1525 1526 1590
f 1525 1590 1589
f 1526 1527 1591
f 1526 1591 1590
f 1527 1528 1592
f 1527 1592 1591
f 1528 1529 1593
f 1528 1593 1592
f 1529 1530 1594
f 1529 1594 1593
f 1530 1531 1595
f 1530 1595 1594
f 1531 1532 1596
f 1531 1596 1595
f 1532 1533 1597
f 1532 1597 1596
f 1533 1534 1598
f 1533 1598 1597
f 1534 1535 1599
f 1534 1599 1598
f 1535 1536 1600
f 1535 1600 1599
f 1536 1473 1537
f 1536 1537 1600
f 1537 1538 1602
f 1537 1602 1601
f 1538 1539 1603
f 1538 1603 1602
f 1539 1540 1604
f 1539 1604 1603
f 1540 1541 1605
f 1540 1605 1604
f 1541 1542 1606
f 1541 1606 1605
f 1542 1543 1607
f 1542 1607 1606
f 1543 1544 1608
f 1543 1608 1607
f 1544 1545 1609
f 1544 1609 1608
f 1545 1546 1610
f 1545 1610 1609
f 1546 1547 1611
f 1546 1611 1610
f 1547 1548 1612
f 1547 1612 1611
f 1548 1549 1613
f 1548 1613 1612
f 1549 1550 1614
f 1549 1614 1613
f 1550 1551 1615
f 1550 1615 1614
f 1551 1552 1616
f 1551 1616 1615
f 1552 1553 1617
f 1552 1617 1616
f 1553 1554 1618
f 1553 1618 1617
f 1554 1555 1619
f 1554 1619 1618
f 1555 1556 1620
f 1555 1620 1619
f 1556 1557 1621
f 1556 1621 1620
f 1557 1558 1622
f 1557 1622 1621
f 1558 1559 1623
f 1558 1623 1622
f 1559 1560 1624
f 1559 1624 1623
f 1560 1561 1625
f 1560 1625 1624
f 1561 1562 1626
f 1561 1626 1625
f 1562 1563 1627
f 1562 1627 1626
f 1563 1564 1628
f 1563 1628 1627
f 1564 1565 1629
f 1564 1629 1628
f 1565 1566 1630
f 1565 1630 1629
f 1566 1567 1631
f 1566 1631 1630
f 1567 1568 1632
f 1567 1632 1631
f 1568 1569 1633
f 1568 1633 1632
f 1569 1570 1634
f 1569 1634 1633
f 1570 1571 1635
f 1570 1635 1634
f 1571 1572 1636
f 1571 1636 1635
f 1572 1573 1637
f 1572 1637 1636
f 1573 1574 1638
f 1573 1638 1637
f 1574 1575 1639
f 1574 1639 1638
f 1575 1576 1640
f 1575 1640 1639
f 1576 1577 1641
f 1576 1641 1640
f 1577 1578 1642
f 1577 1642 1641
f 1578 1579 1643
f 1578 1643 1642
f 1579 1580 1644
f 1579 1644 1643
f 1580 1581 1645
f 1580 1645 1644
f 1581 1582 1646
f 1581 1646 1645
f 1582 1583 1647
f 1582 1647 1646
f 1583 1584 1648
f 1583 1648 1647
f 1584 1585 1649
f 1584 1649 1648
f 1585 1586 1650
f 1585 1650 1649
f 1586 1587 1651
f 1586 1651 1650
f 1587 1588 1652
f 1587 1652 1651
f 1588 1589 1653
f 1588 1653 1652
f 1589 1590 1654
f 1589 1654 1653
f 1590 1591 1655
f 1590 1655 1654
f 1591 1592 1656
f 1591 1656 1655
f 1592 1593 1657
f 1592 1657 1656
f 1593 1594 1658
f 1593 1658 1657
f 1594 1595 1659
f 1594 1659 1658
f 1595 1596 1660
f 1595 1660 1659
f 1596 1597 1661
f 1596 1661 1660
f 1597 1598 1662
f 1597 1662 1661
f 1598 1599 1663
f 1598 1663 1662
f 1599 1600 1664
f 1599 1664 1663
f 1600 1537 1601
f 1600 1601 1664
f 1601 1602 1666
f 1601 1666 1665
f 1602 1603 1667
f 1602 1667 1666
f 1603 1604 1668
f 1603 1668 1667
f 1604 1605 1669
f 1604 1669 1668
f 1605 1606 1670
f 1605 1670 1669
f 1606 1607 1671
f 1606 1671 1670
f 1607 1608 1672
f 1607 1672 1671
f 1608 1609 1673
f 1608 1673 1672
f 1609 1610 1674
f 1609 1674 1673
f 1610 1611 1675
f 1610 1675 1674
f 1611 1612 1676
f 1611 1676 1675
f 1612 1613 1677
f 1612 1677 1676
f 1613 1614 1678
f 1613 1678 1677
f 1614 1615 1679
f 1614 1679 1678
f 1615 1616 1680
f 1615 1680 1679
f 1616 1617 1681
f 1616 1681 1680
f 1617 1618 1682
f 1617 1682 1681
f 1618 1619 1683
f 1618 1683 1682
f 1619 1620 1684
f 1619 1684 1683
f 1620 1621 1685
f 1620 1685 1684
f 1621 1622 1686
f 1621 1686 1685
f 1622 1623 1687
f 1622 1687 1686
f 1623 1624 1688
f 1623 1688 1687
f 1624 1625 1689
f 1624 1689 1688
f 1625 1626 1690
f 1625 1690 1689
f 1626 1627 1691
f 1626 1691 1690
f 1627 1628 1692
f 1627 1692 1691
f 1628 1629 1693
f 1628 1693 1692
f 1629 1630 1694
f 1629 1694 1693
f 1630 1631 1695
f 1630 1695 1694
f 1631 1632 1696
f 1631 1696 1695
f 1632 1633 1697
f 1632 1697 1696
f 1633 1634 1698
f 1633 1698 1697
f 1634 1635 1699
f 1634 1699 1698
f 1635 1636 1700
f 1635 1700 1699
f 1636 1637 1701
f 1636 1701 1700
f 1637 1638 1702
f 1637 1702 1701
f 1638 1639 1703
f 1638 1703 1702
f 1639 1640 1704
f 1639 1704 1703
f 1640 1641 1705
f 1640 1705 1704
f 1641 1642 1706
f 1641 1706 1705
f 1642 1643 1707
f 1642 1707 1706
f 1643 1644 1708
f 1643 1708 1707
f 1644 1645 1709
f 1644 1709 1708
f 1645 1646 1710
f 1645 1710 1709
f 1646 1647 1711
f 1646 1711 1710
f 1647 1648 1712
f 1647 1712 1711
f 1648 1649 1713
f 1648 1713 1712
f 1649 1650 1714
f 1649 1714 1713
f 1650 1651 1715
f 1650 1715 1714
f 1651 1652 1716
f 1651 1716 1715
f 1652 1653 1717
f 1652 1717 1716
f 1653 1654 1718
f 1653 1718 1717
f 1654 1655 1719
f 1654 1719 1718
f 1655 1656 1720
f 1655 1720 1719
f 1656 1657 1721
f 1656 1721 1720
f 1657 1658 1722
f 1657 1722 1721
f 1658 1659 1723
f 1658 1723 1722
f 1659 1660 1724
f 1659 1724 1723
f 1660 1661 1725
f 1660 1725 1724
f 1661 1662 1726
f 1661 1726 1725
f 1662 1663 1727
f 1662 1727 1726
f 1663 1664 1728
f 1663 1728 1727
f 1664 1601 1665
f 1664 1665 1728
f 1665 1666 1730
f 1665 1730 1729
f 1666 1667 1731
f 1666 1731 1730
f 1667 1668 1732
f 1667 1732 1731
f 1668 1669 1733
f 1668 1733 1732
f 1669 1670 1734
f 1669 1734 1733
f 1670 1671 1735
f 1670 1735 1734
f 1671 1672 1736
f 1671 1736 1735
f 1672 1673 1737
f 1672 1737 1736
f 1673 1674 1738
f 1673 1738 1737
f 1674 1675 1739
f 1674 1739 1738
f 1675 1676 1740
f 1675 1740 1739
f 1676 1677 1741
f 1676 1741 1740
f 1677 1678 1742
f 1677 1742 1741
f 1678 1679 1743
f 1678 1743 1742
f 1679 1680 1744
f 1679 1744 1743
f 1680 1681 1745
f 1680 1745 1744
f 1681 1682 1746
f 1681 1746 1745
f 1682 1683 1747
f 1682 1747 1746
f 1683 1684 1748
f 1683 1748 1747
f 1684 1685 1749
f 1684 1749 1748
f 1685 1686 1750
f 1685 1750 1749
f 1686 1687 1751
f 1686 1751 1750
f 1687 1688 1752
f 1687 1752 1751
f 1688 1689 1753
f 1688 1753 1752
f 1689 1690 1754
f 1689 1754 1753
f 1690 1691 1755
f 1690 1755 1754
f 1691 1692 1756
f 1691 1756 1755
f 1692 1693 1757
f 1692 1757 1756
f 1693 1694 1758
f 1693 1758 1757
f 1694 1695 1759
f 1694 1759 1758
f 1695 1696 1760
f 1695 1760 1759
f 1696 1697 1761
f 1696 1761 1760
f 1697 1698 1762
f 1697 1762 1761
f 1698 1699 1763
f 1698 1763 1762
f 1699 1700 1764
f 1699 1764 1763
f 1700 1701 1765
f 1700 1765 1764
f 1701 1702 1766
f 1701 1766 1765
f 1702 1703 1767
f 1702 1767 1766
f 1703 1704 1768
f 1703 1768 1767
f 1704 1705 1769
f 1704 1769 1768
f 1705 1706 1770
f 1705 1770 1769
f 1706 1707 1771
f 1706 1771 1770
f 1707 1708 1772
f 1707 1772 1771
f 1708 1709 1773
f 1708 1773 1772
f 1709 1710 1774
f 1709 1774 1773
f 1710 1711 1775
f 1710 1775 1774
f 1711 1712 1776
f 1711 1776 1775
f 1712 1713 1777
f 1712 1777 1776
f 1713 1714 1778
f 1713 1778 1777
f 1714 1715 1779
f 1714 1779 1778
f 1715 1716 1780
f 1715 1780 1779
f 1716 1717 1781
f 1716 1781 1780
f 1717 1718 1782
f 1717 1782 1781
f 1718 1719 1783
f 1718 1783 1782
f 1719 1720 1784
f 1719 1784 1783
f 1720 1721 1785
f 1720 1785 1784
f 1721 1722 1786
f 1721 1786 1785
f 1722 1723 1787
f 1722 1787 1786
f 1723 1724 1788
f 1723 1788 1787
f 1724 1725 1789
f 1724 1789 1788
f 1725 1726 1790
f 1725 1790 1789
f 1726 1727 1791
f 1726 1791 1790
f 1727 1728 1792
f 1727 1792 1791
f 1728 1665 1729
f 1728 1729 1792
f 1729 1730 1794
f 1729 1794 1793
f 1730 1731 1795
f 1730 1795 1794
f 1731 1732 1796
f 1731 1796 1795
f 1732 1733 1797
f 1732 1797 1796
f 1733 1734 1798
f 1733 1798 1797
f 1734 1735 1799
f 1734 1799 1798
f 1735 1736 1800
f 1735 1800 1799
f 1736 1737 1801
f 1736 1801 1800
f 1737 1738 1802
f 1737 1802 1801
f 1738 1739 1803
f 1738 1803 1802
f 1739 1740 1804
f 1739 1804 1803
f 1740 1741 1805
f 1740 1805 1804
f 1741 1742 1806
f 1741 1806 1805
f 1742 1743 1807
f 1742 1807 1806
f 1743 1744 1808
f 1743 1808 1807
f 1744 1745 1809
f 1744 1809 1808
f 1745 1746 1810
f 1745 1810 1809
f 1746 1747 1811
f 1746 1811 1810
f 1747 1748 1812
f 1747 1812 1811
f 1748 1749 1813
f 1748 1813 1812
f 1749 1750 1814
f 1749 1814 1813
f 1750 1751 1815
f 1750 1815 1814
f 1751 1752 1816
f 1751 1816 1815
f 1752 1753 1817
f 1752 1817 1816
f 1753 1754 1818
f 1753 1818 1817
f 1754 1755 1819
f 1754 1819 1818
f 1755 1756 1820
f 1755 1820 1819
f 1756 1757 1821
f 1756 1821 1820
f 1757 1758 1822
f 1757 1822 1821
f 1758 1759 1823
f 1758 1823 1822
f 1759 1760 1824
f 1759 1824 1823
f 1760 1761 1825
f 1760 1825 1824
f 1761 1762 1826
f 1761 1826 1825
f 1762 1763 1827
f 1762 1827 1826
f 1763 1764 1828
f 1763 1828 1827
f 1764 1765 1829
f 1764 1829 1828
f 1765 1766 1830
f 1765 1830 1829
f 1766 1767 1831
f 1766 1831 1830
f 1767 1768 1832
f 1767 1832 1831
f 1768 1769 1833
f 1768 1833 1832
f 1769 1770 1834
f 1769 1834 1833
f 1770 1771 1835
f 1770 1835 1834
f 1771 1772 1836
f 1771 1836 1835
f 1772 1773 1837
f 1772 1837 1836
f 1773 1774 1838
f 1773 1838 1837
f 1774 1775 1839
f 1774 1839 1838
f 1775 1776 1840
f 1775 1840 1839
f 1776 1777 1841
f 1776 1841 1840
f 1777 1778 1842
f 1777 1842 1841
f 1778 1779 1843
f 1778 1843 1842
f 1779 1780 1844
f 1779 1844 1843
f 1780 1781 1845
f 1780 1845 1844
f 1781 1782 1846
f 1781 1846 1845
f 1782 1783 1847
f 1782 1847 1846
f 1783 1784 1848
f 1783 1848 1847
f 1784 1785 1849
f 1784 1849 1848
f 1785 1786 1850
f 1785 1850 1849
f 1786 1787 1851
f 1786 1851 1850
f 1787 1788 1852
f 1787 1852 1851
f 1788 1789 1853
f 1788 1853 1852
f 1789 1790 1854
f 1789 1854 1853
f 1790 1791 1855
f 1790 1855 1854
f 1791 1792 1856
f 1791 1856 1855
f 1792 1729 1793
f 1792 1793 1856
f 1793 1794 1858
f 1793 1858 1857
f 1794 1795 1859
f 1794 1859 1858
f 1795 1796 1860
f 1795 1860 1859
f 1796 1797 1861
f 1796 1861 1860
f 1797 1798 1862
f 1797 1862 1861
f 1798 1799 1863
f 1798 1863 1862
f 1799 1800 1864
f 1799 1864 1863
f 1800 1801 1865
f 1800 1865 1864
f 1801 1802 1866
f 1801 1866 1865
f 1802 1803 1867
f 1802 1867 1866
f 1803 1804 1868
f 1803 1868 1867
f 1804 1805 1869
f 1804 1869 1868
f 1805 1806 1870
f 1805 1870 1869
f 1806 1807 1871
f 1806 1871 1870
f 1807 1808 1872
f 1807 1872 1871
f 1808 1809 1873
f 1808 1873 1872
f 1809 1810 1874
f 1809 1874 1873
f 1810 1811 1875
f 1810 1875 1874
f 1811 1812 1876
f 1811 1876 1875
f 1812 1813 1877
f 1812 1877 1876
f 1813 1814 1878
f 1813 1878 1877
f 1814 1815 1879
f 1814 1879 1878
f 1815 1816 1880
f 1815 1880 1879
f 1816 1817 1881
f 1816 1881 1880
f 1817 1818 1882
f 1817 1882 1881
f 1818 1819 1883
f 1818 1883 1882
f 1819 1820 1884
f 1819 1884 1883
f 1820 1821 1885
f 1820 1885 1884
f 1821 1822 1886
f 1821 1886 1885
f 1822 1823 1887
f 1822 1887 1886
f 1823 1824 1888
f 1823 1888 1887
f 1824 1825 1889
f 1824 1889 1888
f 1825 1826 1890
f 1825 1890 1889
f 1826 1827 1891
f 1826 1891 1890
f 1827 1828 1892
f 1827 1892 1891
f 1828 1829 1893
f 1828 1893 1892
f 1829 1830 1894
f 1829 1894 1893
f 1830 1831 1895
f 1830 1895 1894
f 1831 1832 1896
f 1831 1896 1895
f 1832 1833 1897
f 1832 1897 1896
f 1833 1834 1898
f 1833 1898 1897
f 1834 1835 1899
f 1834 1899 1898
f 1835 1836 1900
f 1835 1900 1899
f 1836 1837 1901
f 1836 1901 1900
f 1837 1838 1902
f 1837 1902 1901
f 1838 1839 1903
f 1838 1903 1902
f 1839 1840 1904
f 1839 1904 1903
f 1840 1841 1905
f 1840 1905 1904
f 1841 1842 1906
f 1841 1906 1905
f 1842 1843 1907
f 1842 1907 1906
f 1843 1844 1908
f 1843 1908 1907
f 1844 1845 1909
f 1844 1909 1908
f 1845 1846 1910
f 1845 1910 1909
f 1846 1847 1911
f 1846 1911 1910
f 1847 1848 1912
f 1847 1912 1911
f 1848 1849 1913
f 1848 1913 1912
f 1849 1850 1914
f 1849 1914 1913
f 1850 1851 1915
f 1850 1915 1914
f 1851 1852 1916
f 1851 1916 1915
f 1852 1853 1917
f 1852 1917 1916
f 1853 1854 1918
f 1853 1918 1917
f 1854 1855 1919
f 1854 1919 1918
f 1855 1856 1920
f 1855 1920 1919
f 1856 1793 1857
f 1856 1857 1920
f 1857 1858 1922
f 1857 1922 1921
f 1858 1859 1923
f 1858 1923 1922
f 1859 1860 1924
f 1859 1924 1923
f 1860 1861 1925
f 1860 1925 1924
f 1861 1862 1926
f 1861 1926 1925
f 1862 1863 1927
f 1862 1927 1926
f 1863 1864 1928
f 1863 1928 1927
f 1864 1865 1929
f 1864 1929 1928
f 1865 1866 1930
f 1865 1930 1929
f 1866 1867 1931
f 1866 1931 1930
f 1867 1868 1932
f 1867 1932 1931
f 1868 1869 1933
f 1868 1933 1932
f 1869 1870 1934
f 1869 1934 1933
f 1870 1871 1935
f 1870 1935 1934
f 1871 1872 1936
f 1871 1936 1935
f 1872 1873 1937
f 1872 1937 1936
f 1873 1874 1938
f 1873 1938 1937
f 1874 1875 1939
f 1874 1939 1938
f 1875 1876 1940
f 1875 1940 1939
f 1876 1877 1941
f 1876 1941 1940
f 1877 1878 1942
f 1877 1942 1941
f 1878 1879 1943
f 1878 1943 1942
f 1879 1880 1944
f 1879 1944 1943
f 1880 1881 1945
f 1880 1945 1944
f 1881 1882 1946
f 1881 1946 1945
f 1882 1883 1947
f 1882 1947 1946
f 1883 1884 1948
f 1883 1948 1947
f 1884 1885 1949
f 1884 1949 1948
f 1885 1886 1950
f 1885 1950 1949
f 1886 1887 1951
f 1886 1951 1950
f 1887 1888 1952
f 1887 1952 1951
f 1888 1889 1953
f 1888 1953 1952
f 1889 1890 1954
f 1889 1954 1953
f 1890 1891 1955
f 1890 1955 1954
f 1891 1892 1956
f 1891 1956 1955
f 1892 1893 1957
f 1892 1957 1956
f 1893 1894 1958
f 1893 1958 1957
f 1894 1895 1959
f 1894 1959 1958
f 1895 1896 1960
f 1895 1960 1959
f 1896 1897 1961
f 1896 1961 1960
f 1897 1898 1962
f 1897 1962 1961
f 1898 1899 1963
f 1898 1963 1962
f 1899 1900 1964
f 1899 1964 1963
f 1900 1901 1965
f 1900 1965 1964
f 1901 1902 1966
f 1901 1966 1965
f 1902 1903 1967
f 1902 1967 1966
f 1903 1904 1968
f 1903 1968 1967
f 1904 1905 1969
f 1904 1969 1968
f 1905 1906 1970
f 1905 1970 1969
f 1906 1907 1971
f 1906 1971 1970
f 1907 1908 1972
f 1907 1972 1971
f 1908 1909 1973
f 1908 1973 1972
f 1909 1910 1974
f 1909 1974 1973
f 1910 1911 1975
f 1910 1975 1974
f 1911 1912 1976
f 1911 1976 1975
f 1912 1913 1977
f 1912 1977 1976
f 1913 1914 1978
f 1913 1978 1977
f 1914 1915 1979
f 1914 1979 1978
f 1915 1916 1980
f 1915 1980 1979
f 1916 1917 1981
f 1916 1981 1980
f 1917 1918 1982
f 1917 1982 1981
f 1918 1919 1983
f 1918 1983 1982
f 1919 1920 1984
f 1919 1984 1983
f 1920 1857 1921
f 1920 1921 1984
f 1921 1922 1986
f 1921 1986 1985
f 1922 1923 1987
f 1922 1987 1986
f 1923 1924 1988
f 1923 1988 1987
f 1924 1925 1989
f 1924 1989 1988
f 1925 1926 1990
f 1925 1990 1989
f 1926 1927 1991
f 1926 1991 1990
f 1927 1928 1992
f 1927 1992 1991
f 1928 1929 1993
f 1928 1993 1992
f 1929 1930 1994
f 1929 1994 1993
f 1930 1931 1995
f 1930 1995 1994
f 1931 1932 1996
f 1931 1996 1995
f 1932 1933 1997
f 1932 1997 1996
f 1933 1934 1998
f 1933 1998 1997
f 1934 1935 1999
f 1934 1999 1998
f 1935 1936 2000
f 1935 2000 1999
f 1936 1937 2001
f 1936 2001 2000
f 1937 1938 2002
f 1937 2002 2001
f 1938 1939 2003
f 1938 2003 2002
f 1939 1940 2004
f 1939 2004 2003
f 1940 1941 2005
f 1940 2005 2004
f 1941 1942 2006
f 1941 2006 2005
f 1942 1943 2007
f 1942 2007 2006
f 1943 1944 2008
f 1943 2008 2007
f 1944 1945 2009
f 1944 2009 2008
f 1945 1946 2010
f 1945 2010 2009
f 1946 1947 2011
f 1946 2011 2010
f 1947 1948 2012
f 1947 2012 2011
f 1948 1949 2013
f 1948 2013 2012
f 1949 1950 2014
f 1949 2014 2013
f 1950 1951 2015
f 1950 2015 2014
f 1951 1952 2016
f 1951 2016 2015
f 1952 1953 2017
f 1952 2017 2016
f 1953 1954 2018
f 1953 2018 2017
f 1954 1955 2019
f 1954 2019 2018
f 1955 1956 2020
f 1955 2020 2019
f 1956 1957 2021
f 1956 2021 2020
f 1957 1958 2022
f 1957 2022 2021
f 1958 1959 2023
f 1958 2023 2022
f 1959 1960 2024
f 1959 2024 2023
f 1960 1961 2025
f 1960 2025 2024
f 1961 1962 2026
f 1961 2026 2025
f 1962 1963 2027
f 1962 2027 2026
f 1963 1964 2028
f 1963 2028 2027
f 1964 1965 2029
f 1964 2029 2028
f 1965 1966 2030
f 1965 2030 2029
f 1966 1967 2031
f 1966 2031 2030
f 1967 1968 2032
f 1967 2032 2031
f 1968 1969 2033
f 1968 2033 2032
f 1969 1970 2034
f 1969 2034 2033
f 1970 1971 2035
f 1970 2035 2034
f 1971 1972 2036
f 1971 2036 2035
f 1972 1973 2037
f 1972 2037 2036
f 1973 1974 2038
f 1973 2038 2037
f 1974 1975 2039
f 1974 2039 2038
f 1975 1976 2040
f 1975 2040 2039
f 1976 1977 2041
f 1976 2041 2040
f 1977 1978 2042
f 1977 2042 2041
f 1978 1979 2043
f 1978 2043 2042
f 1979 1980 2044
f 1979 2044 2043
f 1980 1981 2045
f 1980 2045 2044
f 1981 1982 2046
f 1981 2046 2045
f 1982 1983 2047
f 1982 2047 2046
f 1983 1984 2048
f 1983 2048 2047
f 1984 1921 1985
f 1984 1985 2048
f 1985 1986 2050
f 1985 2050 2049
f 1986 1987 2051
f 1986 2051 2050
f 1987 1988 2052
f 1987 2052 2051
f 1988 1989 2053
f 1988 2053 2052
f 1989 1990 2054
f 1989 2054 2053
f 1990 1991 2055
f 1990 2055 2054
f 1991 1992 2056
f 1991 2056 2055
f 1992 1993 2057
f 1992 2057 2056
f 1993 1994 2058
f 1993 2058 2057
f 1994 1995 2059
f 1994 2059 2058
f 1995 1996 2060
f 1995 2060 2059
f 1996 1997 2061
f 1996 2061 2060
f 1997 1998 2062
f 1997 2062 2061
f 1998 1999 2063
f 1998 2063 2062
f 1999 2000 2064
f 1999 2064 2063
f 2000 2001 2065
f 2000 2065 2064
f 2001 2002 2066
f 2001 2066 2065
f 2002 2003 2067
f 2002 2067 2066
f 2003 2004 2068
f 2003 2068 2067
f 2004 2005 2069
f 2004 2069 2068
f 2005 2006 2070
f 2005 2070 2069
f 2006 2007 2071
f 2006 2071 2070
f 2007 2008 2072
f 2007 2072 2071
f 2008 2009 2073
f 2008 2073 2072
f 2009 2010 2074
f 2009 2074 2073
f 2010 2011 2075
f 2010 2075 2074
f 2011 2012 2076
f 2011 2076 2075
f 2012 2013 2077
f 2012 2077 2076
f 2013 2014 2078
f 2013 2078 2077
f 2014 2015 2079
f 2014 2079 2078
f 2015 2016 2080
f 2015 2080 2079
f 2016 2017 2081
f 2016 2081 2080
f 2017 2018 2082
f 2017 2082 2081
f 2018 2019 2083
f 2018 2083 2082
f 2019 2020 2084
f 2019 2084 2083
f 2020 2021 2085
f 2020 2085 2084
f 2021 2022 2086
f 2021 2086 2085
f 2022 2023 2087
f 2022 2087 2086
f 2023 2024 2088
f 2023 2088 2087
f 2024 2025 2089
f 2024 2089 2088
f 2025 2026 2090
f 2025 2090 2089
f 2026 2027 2091
f 2026 2091 2090
f 2027 2028 2092
f 2027 2092 2091
f 2028 2029 2093
f 2028 2093 2092
f 2029 2030 2094
f 2029 2094 2093
f 2030 2031 2095
f 2030 2095 2094
f 2031 2032 2096
f 2031 2096 2095
f 2032 2033 2097
f 2032 2097 2096
f 2033 2034 2098
f 2033 2098 2097
f 2034 2035 2099
f 2034 2099 2098
f 2035 2036 2100
f 2035 2100 2099
f 2036 2037 2101
f 2036 2101 2100
f 2037 2038 2102
f 2037 2102 2101
f 2038 2039 2103
f 2038 2103 2102
f 2039 2040 2104
f 2039 2104 2103
f 2040 2041 2105
f 2040 2105 2104
f 2041 2042 2106
f 2041 2106 2105
f 2042 2043 2107
f 2042 2107 2106
f 2043 2044 2108
f 2043 2108 2107
f 2044 2045 2109
f 2044 2109 2108
f 2045 2046 2110
f 2045 2110 2109
f 2046 2047 2111
f 2046 2111 2110
f 2047 2048 2112
f 2047 2112 2111
f 2048 1985 2049
f 2048 2049 2112
f 2049 2050 2114
f 2049 2114 2113
f 2050 2051 2115
f 2050 2115 2114
f 2051 2052 2116
f 2051 2116 2115
f 2052 2053 2117
f 2052 2117 2116
f 2053 2054 2118
f 2053 2118 2117
f 2054 2055 2119
f 2054 2119 2118
f 2055 2056 2120
f 2055 2120 2119
f 2056 2057 2121
f 2056 2121 2120
f 2057 2058 2122
f 2057 2122 2121
f 2058 2059 2123
f 2058 2123 2122
f 2059 2060 2124
f 2059 2124 2123
f 2060 2061 2125
f 2060 2125 2124
f 2061 2062 2126
f 2061 2126 2125
f 2062 2063 2127
f 2062 2127 2126
f 2063 2064 2128
f 2063 2128 2127
f 2064 2065 2129
f 2064 2129 2128
f 2065 2066 2130
f 2065 2130 2129
f 2066 2067 2131
f 2066 2131 2130
f 2067 2068 2132
f 2067 2132 2131
f 2068 2069 2133
f 2068 2133 2132
f 2069 2070 2134
f 2069 2134 2133
f 2070 2071 2135
f 2070 2135 2134
f 2071 2072 2136
f 2071 2136 2135
f 2072 2073 2137
f 2072 2137 2136
f 2073 2074 2138
f 2073 2138 2137
f 2074 2075 2139
f 2074 2139 2138
f 2075 2076 2140
f 2075 2140 2139
f 2076 2077 2141
f 2076 2141 2140
f 2077 2078 2142
f 2077 2142 2141
f 2078 2079 2143
f 2078 2143 2142
f 2079 2080 2144
f 2079 2144 2143
f 2080 2081 2145
f 2080 2145 2144
f 2081 2082 2146
f 2081 2146 2145
f 2082 2083 2147
f 2082 2147 2146
f 2083 2084 2148
f 2083 2148 2147
f 2084 2085 2149
f 2084 2149 2148
f 2085 2086 2150
f 2085 2150 2149
f 2086 2087 2151
f 2086 2151 2150
f 2087 2088 2152
f 2087 2152 2151
f 2088 2089 2153
f 2088 2153 2152
f 2089 2090 2154
f 2089 2154 2153
f 2090 2091 2155
f 2090 2155 2154
f 2091 2092 2156
f 2091 2156 2155
f 2092 2093 2157
f 2092 2157 2156
f 2093 2094 2158
f 2093 2158 2157
f 2094 2095 2159
f 2094 2159 2158
f 2095 2096 2160
f 2095 2160 2159
f 2096 2097 2161
f 2096 2161 2160
f 2097 2098 2162
f 2097 2162 2161
f 2098 2099 2163
f 2098 2163 2162
f 2099 2100 2164
f 2099 2164 2163
f 2100 2101 2165
f 2100 2165 2164
f 2101 2102 2166
f 2101 2166 2165
f 2102 2103 2167
f 2102 2167 2166
f 2103 2104 2168
f 2103 2168 2167
f 2104 2105 2169
f 2104 2169 2168
f 2105 2106 2170
f 2105 2170 2169
f 2106 2107 2171
f 2106 2171 2170
f 2107 2108 2172
f 2107 2172 2171
f 2108 2109 2173
f 2108 2173 2172
f 2109 2110 2174
f 2109 2174 2173
f 2110 2111 2175
f 2110 2175 2174
f 2111 2112 2176
f 2111 2176 2175
f 2112 2049 2113
f 2112 2113 2176
f 2113 2114 2178
f 2113 2178 2177
f 2114 2115 2179
f 2114 2179 2178
f 2115 2116 2180
f 2115 2180 2179
f 2116 2117 2181
f 2116 2181 2180
f 2117 2118 2182
f 2117 2182 2181
f 2118 2119 2183
f 2118 2183 2182
f 2119 2120 2184
f 2119 2184 2183
f 2120 2121 2185
f 2120 2185 2184
f 2121 2122 2186
f 2121 2186 2185
f 2122 2123 2187
f 2122 2187 2186
f 2123 2124 2188
f 2123 2188 2187
f 2124 2125 2189
f 2124 2189 2188
f 2125 2126 2190
f 2125 2190 2189
f 2126 2127 2191
f 2126 2191 2190
f 2127 2128 2192
f 2127 2192 2191
f 2128 2129 2193
f 2128 2193 2192
f 2129 2130 2194
f 2129 2194 2193
f 2130 2131 2195
f 2130 2195 2194
f 2131 2132 2196
f 2131 2196 2195
f 2132 2133 2197
f 2132 2197 2196
f 2133 2134 2198
f 2133 2198 2197
f 2134 2135 2199
f 2134 2199 2198
f 2135 2136 2200
f 2135 2200 2199
f 2136 2137 2201
f 2136 2201 2200
f 2137 2138 2202
f 2137 2202 2201
f 2138 2139 2203
f 2138 2203 2202
f 2139 2140 2204
f 2139 2204 2203
f 2140 2141 2205
f 2140 2205 2204
f 2141 2142 2206
f 2141 2206 2205
f 2142 2143 2207
f 2142 2207 2206
f 2143 2144 2208
f 2143 2208 2207
f 2144 2145 2209
f 2144 2209 2208
f 2145 2146 2210
f 2145 2210 2209
f 2146 2147 2211
f 2146 2211 2210
f 2147 2148 2212
f 2147 2212 2211
f 2148 2149 2213
f 2148 2213 2212
f 2149 2150 2214
f 2149 2214 2213
f 2150 2151 2215
f 2150 2215 2214
f 2151 2152 2216
f 2151 2216 2215
f 2152 2153 2217
f 2152 2217 2216
f 2153 2154 2218
f 2153 2218 2217
f 2154 2155 2219
f 2154 2219 2218
f 2155 2156 2220
f 2155 2220 2219
f 2156 2157 2221
f 2156 2221 2220
f 2157 2158 2222
f 2157 2222 2221
f 2158 2159 2223
f 2158 2223 2222
f 2159 2160 2224
f 2159 2224 2223
f 2160 2161 2225
f 2160 2225 2224
f 2161 2162 2226
f 2161 2226 2225
f 2162 2163 2227
f 2162 2227 2226
f 2163 2164 2228
f 2163 2228 2227
f 2164 2165 2229
f 2164 2229 2228
f 2165 2166 2230
f 2165 2230 2229
f 2166 2167 2231
f 2166 2231 2230
f 2167 2168 2232
f 2167 2232 2231
f 2168 2169 2233
f 2168 2233 2232
f 2169 2170 2234
f 2169 2234 2233
f 2170 2171 2235
f 2170 2235 2234
f 2171 2172 2236
f 2171 2236 2235
f 2172 2173 2237
f 2172 2237 2236
f 2173 2174 2238
f 2173 2238 2237
f 2174 2175 2239
f 2174 2239 2238
f 2175 2176 2240
f 2175 2240 2239
f 2176 2113 2177
f 2176 2177 2240
f 2177 2178 2242
f 2177 2242 2241
f 2178 2179 2243
f 2178 2243 2242
f 2179 2180 2244
f 2179 2244 2243
f 2180 2181 2245
f 2180 2245 2244
f 2181 2182 2246
f 2181 2246 2245
f 2182 2183 2247
f 2182 2247 2246
f 2183 2184 2248
f 2183 2248 2247
f 2184 2185 2249
f 2184 2249 2248
f 2185 2186 2250
f 2185 2250 2249
f 2186 2187 2251
f 2186 2251 2250
f 2187 2188 2252
f 2187 2252 2251
f 2188 2189 2253
f 2188 2253 2252
f 2189 2190 2254
f 2189 2254 2253
f 2190 2191 2255
f 2190 2255 2254
f 2191 2192 2256
f 2191 2256 2255
f 2192 2193 2257
f 2192 2257 2256
f 2193 2194 2258
f 2193 2258 2257
f 2194 2195 2259
f 2194 2259 2258
f 2195 2196 2260
f 2195 2260 2259
f 2196 2197 2261
f 2196 2261 2260
f 2197 2198 2262
f 2197 2262 2261
f 2198 2199 2263
f 2198 2263 2262
f 2199 2200 2264
f 2199 2264 2263
f 2200 2201 2265
f 2200 2265 2264
f 2201 2202 2266
f 2201 2266 2265
f 2202 2203 2267
f 2202 2267 2266
f 2203 2204 2268
f 2203 2268 2267
f 2204 2205 2269
f 2204 2269 2268
f 2205 2206 2270
f 2205 2270 2269
f 2206 2207 2271
f 2206 2271 2270
f 2207 2208 2272
f 2207 2272 2271
f 2208 2209 2273
f 2208 2273 2272
f 2209 2210 2274
f 2209 2274 2273
f 2210 2211 2275
f 2210 2275 2274
f 2211 2212 2276
f 2211 2276 2275
f 2212 2213 2277
f 2212 2277 2276
f 2213 2214 2278
f 2213 2278 2277
f 2214 2215 2279
f 2214 2279 2278
f 2215 2216 2280
f 2215 2280 2279
f 2216 2217 2281
f 2216 2281 2280
f 2217 2218 2282
f 2217 2282 2281
f 2218 2219 2283
f 2218 2283 2282
f 2219 2220 2284
f 2219 2284 2283
f 2220 2221 2285
f 2220 2285 2284
f 2221 2222 2286
f 2221 2286 2285
f 2222 2223 2287
f 2222 2287 2286
f 2223 2224 2288
f 2223 2288 2287
f 2224 2225 2289
f 2224 2289 2288
f 2225 2226 2290
f 2225 2290 2289
f 2226 2227 2291
f 2226 2291 2290
f 2227 2228 2292
f 2227 2292 2291
f 2228 2229 2293
f 2228 2293 2292
f 2229 2230 2294
f 2229 2294 2293
f 2230 2231 2295
f 2230 2295 2294
f 2231 2232 2296
f 2231 2296 2295
f 2232 2233 2297
f 2232 2297 2296
f 2233 2234 2298
f 2233 2298 2297
f 2234 2235 2299
f 2234 2299 2298
f 2235 2236 2300
f 2235 2300 2299
f 2236 2237 2301
f 2236 2301 2300
f 2237 2238 2302
f 2237 2302 2301
f 2238 2239 2303
f 2238 2303 2302
f 2239 2240 2304
f 2239 2304 2303
f 2240 2177 2241
f 2240 2241 2304
f 2241 2242 2306
f 2241 2306 2305
f 2242 2243 2307
f 2242 2307 2306
f 2243 2244 2308
f 2243 2308 2307
f 2244 2245 2309
f 2244 2309 2308
f 2245 2246 2310
f 2245 2310 2309
f 2246 2247 2311
f 2246 2311 2310
f 2247 2248 2312
f 2247 2312 2311
f 2248 2249 2313
f 2248 2313 2312
f 2249 2250 2314
f 2249 2314 2313
f 2250 2251 2315
f 2250 2315 2314
f 2251 2252 2316
f 2251 2316 2315
f 2252 2253 2317
f 2252 2317 2316
f 2253 2254 2318
f 2253 2318 2317
f 2254 2255 2319
f 2254 2319 2318
f 2255 2256 2320
f 2255 2320 2319
f 2256 2257 2321
f 2256 2321 2320
f 2257 2258 2322
f 2257 2322 2321
f 2258 2259 2323
f 2258 2323 2322
f 2259 2260 2324
f 2259 2324 2323
f 2260 2261 2325
f 2260 2325 2324
f 2261 2262 2326
f 2261 2326 2325
f 2262 2263 2327
f 2262 2327 2326
f 2263 2264 2328
f 2263 2328 2327
f 2264 2265 2329
f 2264 2329 2328
f 2265 2266 2330
f 2265 2330 2329
f 2266 2267 2331
f 2266 2331 2330
f 2267 2268 2332
f 2267 2332 2331
f 2268 2269 2333
f 2268 2333 2332
f 2269 2270 2334
f 2269 2334 2333
f 2270 2271 2335
f 2270 2335 2334
f 2271 2272 2336
f 2271 2336 2335
f 2272 2273 2337
f 2272 2337 2336
f 2273 2274 2338
f 2273 2338 2337
f 2274 2275 2339
f 2274 2339 2338
f 2275 2276 2340
f 2275 2340 2339
f 2276 2277 2341
f 2276 2341 2340
f 2277 2278 2342
f 2277 2342 2341
f 2278 2279 2343
f 2278 2343 2342
f 2279 2280 2344
f 2279 2344 2343
f 2280 2281 2345
f 2280 2345 2344
f 2281 2282 2346
f 2281 2346 2345
f 2282 2283 2347
f 2282 2347 2346
f 2283 2284 2348
f 2283 2348 2347
f 2284 2285 2349
f 2284 2349 2348
f 2285 2286 2350
f 2285 2350 2349
f 2286 2287 2351
f 2286 2351 2350
f 2287 2288 2352
f 2287 2352 2351
f 2288 2289 2353
f 2288 2353 2352
f 2289 2290 2354
f 2289 2354 2353
f 2290 2291 2355
f 2290 2355 2354
f 2291 2292 2356
f 2291 2356 2355
f 2292 2293 2357
f 2292 2357 2356
f 2293 2294 2358
f 2293 2358 2357
f 2294 2295 2359
f 2294 2359 2358
f 2295 2296 2360
f 2295 2360 2359
f 2296 2297 2361
f 2296 2361 2360
f 2297 2298 2362
f 2297 2362 2361
f 2298 2299 2363
f 2298 2363 2362
f 2299 2300 2364
f 2299 2364 2363
f 2300 2301 2365
f 2300 2365 2364
f 2301 2302 2366
f 2301 2366 2365
f 2302 2303 2367
f 2302 2367 2366
f 2303 2304 2368
f 2303 2368 2367
f 2304 2241 2305
f 2304 2305 2368
f 2305 2306 2370
f 2305 2370 2369
f 2306 2307 2371
f 2306 2371 2370
f 2307 2308 2372
f 2307 2372 2371
f 2308 2309 2373
f 2308 2373 2372
f 2309 2310 2374
f 2309 2374 2373
f 2310 2311 2375
f 2310 2375 2374
f 2311 2312 2376
f 2311 2376 2375
f 2312 2313 2377
f 2312 2377 2376
f 2313 2314 2378
f 2313 2378 2377
f 2314 2315 2379
f 2314 2379 2378
f 2315 2316 2380
f 2315 2380 2379
f 2316 2317 2381
f 2316 2381 2380
f 2317 2318 2382
f 2317 2382 2381
f 2318 2319 2383
f 2318 2383 2382
f 2319 2320 2384
f 2319 2384 2383
f 2320 2321 2385
f 2320 2385 2384
f 2321 2322 2386
f 2321 2386 2385
f 2322 2323 2387
f 2322 2387 2386
f 2323 2324 2388
f 2323 2388 2387
f 2324 2325 2389
f 2324 2389 2388
f 2325 2326 2390
f 2325 2390 2389
f 2326 2327 2391
f 2326 2391 2390
f 2327 2328 2392
f 2327 2392 2391
f 2328 2329 2393
f 2328 2393 2392
f 2329 2330 2394
f 2329 2394 2393
f 2330 2331 2395
f 2330 2395 2394
f 2331 2332 2396
f 2331 2396 2395
f 2332 2333 2397
f 2332 2397 2396
f 2333 2334 2398
f 2333 2398 2397
f 2334 2335 2399
f 2334 2399 2398
f 2335 2336 2400
f 2335 2400 2399
f 2336 2337 2401
f 2336 2401 2400
f 2337 2338 2402
f 2337 2402 2401
f 2338 2339 2403
f 2338 2403 2402
f 2339 2340 2404
f 2339 2404 2403
f 2340 2341 2405
f 2340 2405 2404
f 2341 2342 2406
f 2341 2406 2405
f 2342 2343 2407
f 2342 2407 2406
f 2343 2344 2408
f 2343 2408 2407
f 2344 2345 2409
f 2344 2409 2408
f 2345 2346 2410
f 2345 2410 2409
f 2346 2347 2411
f 2346 2411 2410
f 2347 2348 2412
f 2347 2412 2411
f 2348 2349 2413
f 2348 2413 2412
f 2349 2350 2414
f 2349 2414 2413
f 2350 2351 2415
f 2350 2415 2414
f 2351 2352 2416
f 2351 2416 2415
f 2352 2353 2417
f 2352 2417 2416
f 2353 2354 2418
f 2353 2418 2417
f 2354 2355 2419
f 2354 2419 2418
f 2355 2356 2420
f 2355 2420 2419
f 2356 2357 2421
f 2356 2421 2420
f 2357 2358 2422
f 2357 2422 2421
f 2358 2359 2423
f 2358 2423 2422
f 2359 2360 2424
f 2359 2424 2423
f 2360 2361 2425
f 2360 2425 2424
f 2361 2362 2426
f 2361 2426 2425
f 2362 2363 2427
f 2362 2427 2426
f 2363 2364 2428
f 2363 2428 2427
f 2364 2365 2429
f 2364 2429 2428
f 2365 2366 2430
f 2365 2430 2429
f 2366 2367 2431
f 2366 2431 2430
f 2367 2368 2432
f 2367 2432 2431
f 2368 2305 2369
f 2368 2369 2432
f 2369 2370 2434
f 2369 2434 2433
f 2370 2371 2435
f 2370 2435 2434
f 2371 2372 2436
f 2371 2436 2435
f 2372 2373 2437
f 2372 2437 2436
f 2373 2374 2438
f 2373 2438 2437
f 2374 2375 2439
f 2374 2439 2438
f 2375 2376 2440
f 2375 2440 2439
f 2376 2377 2441
f 2376 2441 2440
f 2377 2378 2442
f 2377 2442 2441
f 2378 2379 2443
f 2378 2443 2442
f 2379 2380 2444
f 2379 2444 2443
f 2380 2381 2445
f 2380 2445 2444
f 2381 2382 2446
f 2381 2446 2445
f 2382 2383 2447
f 2382 2447 2446
f 2383 2384 2448
f 2383 2448 2447
f 2384 2385 2449
f 2384 2449 2448
f 2385 2386 2450
f 2385 2450 2449
f 2386 2387 2451
f 2386 2451 2450
f 2387 2388 2452
f 2387 2452 2451
f 2388 2389 2453
f 2388 2453 2452
f 2389 2390 2454
f 2389 2454 2453
f 2390 2391 2455
f 2390 2455 2454
f 2391 2392 2456
f 2391 2456 2455
f 2392 2393 2457
f 2392 2457 2456
f 2393 2394 2458
f 2393 2458 2457
f 2394 2395 2459
f 2394 2459 2458
f 2395 2396 2460
f 2395 2460 2459
f 2396 2397 2461
f 2396 2461 2460
f 2397 2398 2462
f 2397 2462 2461
f 2398 2399 2463
f 2398 2463 2462
f 2399 2400 2464
f 2399 2464 2463
f 2400 2401 2465
f 2400 2465 2464
f 2401 2402 2466
f 2401 2466 2465
f 2402 2403 2467
f 2402 2467 2466
f 2403 2404 2468
f 2403 2468 2467
f 2404 2405 2469
f 2404 2469 2468
f 2405 2406 2470
f 2405 2470 2469
f 2406 2407 2471
f 2406 2471 2470
f 2407 2408 2472
f 2407 2472 2471
f 2408 2409 2473
f 2408 2473 2472
f 2409 2410 2474
f 2409 2474 2473
f 2410 2411 2475
f 2410 2475 2474
f 2411 2412 2476
f 2411 2476 2475
f 2412 2413 2477
f 2412 2477 2476
f 2413 2414 2478
f 2413 2478 2477
f 2414 2415 2479
f 2414 2479 2478
f 2415 2416 2480
f 2415 2480 2479
f 2416 2417 2481
f 2416 2481 2480
f 2417 2418 2482
f 2417 2482 2481
f 2418 2419 2483
f 2418 2483 2482
f 2419 2420 2484
f 2419 2484 2483
f 2420 2421 2485
f 2420 2485 2484
f 2421 2422 2486
f 2421 2486 2485
f 2422 2423 2487
f 2422 2487 2486
f 2423 2424 2488
f 2423 2488 2487
f 2424 2425 2489
f 2424 2489 2488
f 2425 2426 2490
f 2425 2490 2489
f 2426 2427 2491
f 2426 2491 2490
f 2427 2428 2492
f 2427 2492 2491
f 2428 2429 2493
f 2428 2493 2492
f 2429 2430 2494
f 2429 2494 2493
f 2430 2431 2495
f 2430 2495 2494
f 2431 2432 2496
f 2431 2496 2495
f 2432 2369 2433
f 2432 2433 2496
f 2433 2434 2498
f 2433 2498 2497
f 2434 2435 2499
f 2434 2499 2498
f 2435 2436 2500
f 2435 2500 2499
f 2436 2437 2501
f 2436 2501 2500
f 2437 2438 2502
f 2437 2502 2501
f 2438 2439 2503
f 2438 2503 2502
f 2439 2440 2504
f 2439 2504 2503
f 2440 2441 2505
f 2440 2505 2504
f 2441 2442 2506
f 2441 2506 2505
f 2442 2443 2507
f 2442 2507 2506
f 2443 2444 2508
f 2443 2508 2507
f 2444 2445 2509
f 2444 2509 2508
f 2445 2446 2510
f 2445 2510 2509
f 2446 2447 2511
f 2446 2511 2510
f 2447 2448 2512
f 2447 2512 2511
f 2448 2449 2513
f 2448 2513 2512
f 2449 2450 2514
f 2449 2514 2513
f 2450 2451 2515
f 2450 2515 2514
f 2451 2452 2516
f 2451 2516 2515
f 2452 2453 2517
f 2452 2517 2516
f 2453 2454 2518
f 2453 2518 2517
f 2454 2455 2519
f 2454 2519 2518
f 2455 2456 2520
f 2455 2520 2519
f 2456 2457 2521
f 2456 2521 2520
f 2457 2458 2522
f 2457 2522 2521
f 2458 2459 2523
f 2458 2523 2522
f 2459 2460 2524
f 2459 2524 2523
f 2460 2461 2525
f 2460 2525 2524
f 2461 2462 2526
f 2461 2526 2525
f 2462 2463 2527
f 2462 2527 2526
f 2463 2464 2528
f 2463 2528 2527
f 2464 2465 2529
f 2464 2529 2528
f 2465 2466 2530
f 2465 2530 2529
f 2466 2467 2531
f 2466 2531 2530
f 2467 2468 2532
f 2467 2532 2531
f 2468 2469 2533
f 2468 2533 2532
f 2469 2470 2534
f 2469 2534 2533
f 2470 2471 2535
f 2470 2535 2534
f 2471 2472 2536
f 2471 2536 2535
f 2472 2473 2537
f 2472 2537 2536
f 2473 2474 2538
f 2473 2538 2537
f 2474 2475 2539
f 2474 2539 2538
f 2475 2476 2540
f 2475 2540 2539
f 2476 2477 2541
f 2476 2541 2540
f 2477 2478 2542
f 2477 2542 2541
f 2478 2479 2543
f 2478 2543 2542
f 2479 2480 2544
f 2479 2544 2543
f 2480 2481 2545
f 2480 2545 2544
f 2481 2482 2546
f 2481 2546 2545
f 2482 2483 2547
f 2482 2547 2546
f 2483 2484 2548
f 2483 2548 2547
f 2484 2485 2549
f 2484 2549 2548
f 2485 2486 2550
f 2485 2550 2549
f 2486 2487 2551
f 2486 2551 2550
f 2487 2488 2552
f 2487 2552 2551
f 2488 2489 2553
f 2488 2553 2552
f 2489 2490 2554
f 2489 2554 2553
f 2490 2491 2555
f 2490 2555 2554
f 2491 2492 2556
f 2491 2556 2555
f 2492 2493 2557
f 2492 2557 2556
f 2493 2494 2558
f 2493 2558 2557
f 2494 2495 2559
f 2494 2559 2558
f 2495 2496 2560
f 2495 2560 2559
f 2496 2433 2497
f 2496 2497 2560
f 2497 2498 2562
f 2497 2562 2561
f 2498 2499 2563
f 2498 2563 2562
f 2499 2500 2564
f 2499 2564 2563
f 2500 2501 2565
f 2500 2565 2564
f 2501 2502 2566
f 2501 2566 2565
f 2502 2503 2567
f 2502 2567 2566
f 2503 2504 2568
f 2503 2568 2567
f 2504 2505 2569
f 2504 2569 2568
f 2505 2506 2570
f 2505 2570 2569
f 2506 2507 2571
f 2506 2571 2570
f 2507 2508 2572
f 2507 2572 2571
f 2508 2509 2573
f 2508 2573 2572
f 2509 2510 2574
f 2509 2574 2573
f 2510 2511 2575
f 2510 2575 2574
f 2511 2512 2576
f 2511 2576 2575
f 2512 2513 2577
f 2512 2577 2576
f 2513 2514 2578
f 2513 2578 2577
f 2514 2515 2579
f 2514 2579 2578
f 2515 2516 2580
f 2515 2580 2579
f 2516 2517 2581
f 2516 2581 2580
f 2517 2518 2582
f 2517 2582 2581
f 2518 2519 2583
f 2518 2583 2582
f 2519 2520 2584
f 2519 2584 2583
f 2520 2521 2585
f 2520 2585 2584
f 2521 2522 2586
f 2521 2586 2585
f 2522 2523 2587
f 2522 2587 2586
f 2523 2524 2588
f 2523 2588 2587
f 2524 2525 2589
f 2524 2589 2588
f 2525 2526 2590
f 2525 2590 2589
f 2526 2527 2591
f 2526 2591 2590
f 2527 2528 2592
f 2527 2592 2591
f 2528 2529 2593
f 2528 2593 2592
f 2529 2530 2594
f 2529 2594 2593
f 2530 2531 2595
f 2530 2595 2594
f 2531 2532 2596
f 2531 2596 2595
f 2532 2533 2597
f 2532 2597 2596
f 2533 2534 2598
f 2533 2598 2597
f 2534 2535 2599
f 2534 2599 2598
f 2535 2536 2600
f 2535 2600 2599
f 2536 2537 2601
f 2536 2601 2600
f 2537 2538 2602
f 2537 2602 2601
f 2538 2539 2603
f 2538 2603 2602
f 2539 2540 2604
f 2539 2604 2603
f 2540 2541 2605
f 2540 2605 2604
f 2541 2542 2606
f 2541 2606 2605
f 2542 2543 2607
f 2542 2607 2606
f 2543 2544 2608
f 2543 2608 2607
f 2544 2545 2609
f 2544 2609 2608
f 2545 2546 2610
f 2545 2610 2609
f 2546 2547 2611
f 2546 2611 2610
f 2547 2548 2612
f 2547 2612 2611
f 2548 2549 2613
f 2548 2613 2612
f 2549 2550 2614
f 2549 2614 2613
f 2550 2551 2615
f 2550 2615 2614
f 2551 2552 2616
f 2551 2616 2615
f 2552 2553 2617
f 2552 2617 2616
f 2553 2554 2618
f 2553 2618 2617
f 2554 2555 2619
f 2554 2619 2618
f 2555 2556 2620
f 2555 2620 2619
f 2556 2557 2621
f 2556 2621 2620
f 2557 2558 2622
f 2557 2622 2621
f 2558 2559 2623
f 2558 2623 2622
f 2559 2560 2624
f 2559 2624 2623
f 2560 2497 2561
f 2560 2561 2624
f 2561 2562 2626
f 2561 2626 2625
f 2562 2563 2627
f 2562 2627 2626
f 2563 2564 2628
f 2563 2628 2627
f 2564 2565 2629
f 2564 2629 2628
f 2565 2566 2630
f 2565 2630 2629
f 2566 2567 2631
f 2566 2631 2630
f 2567 2568 2632
f 2567 2632 2631
f 2568 2569 2633
f 2568 2633 2632
f 2569 2570 2634
f 2569 2634 2633
f 2570 2571 2635
f 2570 2635 2634
f 2571 2572 2636
f 2571 2636 2635
f 2572 2573 2637
f 2572 2637 2636
f 2573 2574 2638
f 2573 2638 2637
f 2574 2575 2639
f 2574 2639 2638
f 2575 2576 2640
f 2575 2640 2639
f 2576 2577 2641
f 2576 2641 2640
f 2577 2578 2642
f 2577 2642 2641
f 2578 2579 2643
f 2578 2643 2642
f 2579 2580 2644
f 2579 2644 2643
f 2580 2581 2645
f 2580 2645 2644
f 2581 2582 2646
f 2581 2646 2645
f 2582 2583 2647
f 2582 2647 2646
f 2583 2584 2648
f 2583 2648 2647
f 2584 2585 2649
f 2584 2649 2648
f 2585 2586 2650
f 2585 2650 2649
f 2586 2587 2651
f 2586 2651 2650
f 2587 2588 2652
f 2587 2652 2651
f 2588 2589 2653
f 2588 2653 2652
f 2589 2590 2654
f 2589 2654 2653
f 2590 2591 2655
f 2590 2655 2654
f 2591 2592 2656
f 2591 2656 2655
f 2592 2593 2657
f 2592 2657 2656
f 2593 2594 2658
f 2593 2658 2657
f 2594 2595 2659
f 2594 2659 2658
f 2595 2596 2660
f 2595 2660 2659
f 2596 2597 2661
f 2596 2661 2660
f 2597 2598 2662
f 2597 2662 2661
f 2598 2599 2663
f 2598 2663 2662
f 2599 2600 2664
f 2599 2664 2663
f 2600 2601 2665
f 2600 2665 2664
f 2601 2602 2666
f 2601 2666 2665
f 2602 2603 2667
f 2602 2667 2666
f 2603 2604 2668
f 2603 2668 2667
f 2604 2605 2669
f 2604 2669 2668
f 2605 2606 2670
f 2605 2670 2669
f 2606 2607 2671
f 2606 2671 2670
f 2607 2608 2672
f 2607 2672 2671
f 2608 2609 2673
f 2608 2673 2672
f 2609 2610 2674
f 2609 2674 2673
f 2610 2611 2675
f 2610 2675 2674
f 2611 2612 2676
f 2611 2676 2675
f 2612 2613 2677
f 2612 2677 2676
f 2613 2614 2678
f 2613 2678 2677
f 2614 2615 2679
f 2614 2679 2678
f 2615 2616 2680
f 2615 2680 2679
f 2616 2617 2681
f 2616 2681 2680
f 2617 2618 2682
f 2617 2682 2681
f 2618 2619 2683
f 2618 2683 2682
f 2619 2620 2684
f 2619 2684 2683
f 2620 2621 2685
f 2620 2685 2684
f 2621 2622 2686
f 2621 2686 2685
f 2622 2623 2687
f 2622 2687 2686
f 2623 2624 2688
f 2623 2688 2687
f 2624 2561 2625
f 2624 2625 2688
f 2625 2626 2690
f 2625 2690 2689
f 2626 2627 2691
f 2626 2691 2690
f 2627 2628 2692
f 2627 2692 2691
f 2628 2629 2693
f 2628 2693 2692
f 2629 2630 2694
f 2629 2694 2693
f 2630 2631 2695
f 2630 2695 2694
f 2631 2632 2696
f 2631 2696 2695
f 2632 2633 2697
f 2632 2697 2696
f 2633 2634 2698
f 2633 2698 2697
f 2634 2635 2699
f 2634 2699 2698
f 2635 2636 2700
f 2635 2700 2699
f 2636 2637 2701
f 2636 2701 2700
f 2637 2638 2702
f 2637 2702 2701
f 2638 2639 2703
f 2638 2703 2702
f 2639 2640 2704
f 2639 2704 2703
f 2640 2641 2705
f 2640 2705 2704
f 2641 2642 2706
f 2641 2706 2705
f 2642 2643 2707
f 2642 2707 2706
f 2643 2644 2708
f 2643 2708 2707
f 2644 2645 2709
f 2644 2709 2708
f 2645 2646 2710
f 2645 2710 2709
f 2646 2647 2711
f 2646 2711 2710
f 2647 2648 2712
f 2647 2712 2711
f 2648 2649 2713
f 2648 2713 2712
f 2649 2650 2714
f 2649 2714 2713
f 2650 2651 2715
f 2650 2715 2714
f 2651 2652 2716
f 2651 2716 2715
f 2652 2653 2717
f 2652 2717 2716
f 2653 2654 2718
f 2653 2718 2717
f 2654 2655 2719
f 2654 2719 2718
f 2655 2656 2720
f 2655 2720 2719
f 2656 2657 2721
f 2656 2721 2720
f 2657 2658 2722
f 2657 2722 2721
f 2658 2659 2723
f 2658 2723 2722
f 2659 2660 2724
f 2659 2724 2723
f 2660 2661 2725
f 2660 2725 2724
f 2661 2662 2726
f 2661 2726 2725
f 2662 2663 2727
f 2662 2727 2726
f 2663 2664 2728
f 2663 2728 2727
f 2664 2665 2729
f 2664 2729 2728
f 2665 2666 2730
f 2665 2730 2729
f 2666 2667 2731
f 2666 2731 2730
f 2667 2668 2732
f 2667 2732 2731
f 2668 2669 2733
f 2668 2733 2732
f 2669 2670 2734
f 2669 2734 2733
f 2670 2671 2735
f 2670 2735 2734
f 2671 2672 2736
f 2671 2736 2735
f 2672 2673 2737
f 2672 2737 2736
f 2673 2674 2738
f 2673 2738 2737
f 2674 2675 2739
f 2674 2739 2738
f 2675 2676 2740
f 2675 2740 2739
f 2676 2677 2741
f 2676 2741 2740
f 2677 2678 2742
f 2677 2742 2741
f 2678 2679 2743
f 2678 2743 2742
f 2679 2680 2744
f 2679 2744 2743
f 2680 2681 2745
f 2680 2745 2744
f 2681 2682 2746
f 2681 2746 2745
f 2682 2683 2747
f 2682 2747 2746
f 2683 2684 2748
f 2683 2748 2747
f 2684 2685 2749
f 2684 2749 2748
f 2685 2686 2750
f 2685 2750 2749
f 2686 2687 2751
f 2686 2751 2750
f 2687 2688 2752
f 2687 2752 2751
f 2688 2625 2689
f 2688 2689 2752
f 2689 2690 2754
f 2689 2754 2753
f 2690 2691 2755
f 2690 2755 2754
f 2691 2692 2756
f 2691 2756 2755
f 2692 2693 2757
f 2692 2757 2756
f 2693 2694 2758
f 2693 2758 2757
f 2694 2695 2759
f 2694 2759 2758
f 2695 2696 2760
f 2695 2760 2759
f 2696 2697 2761
f 2696 2761 2760
f 2697 2698 2762
f 2697 2762 2761
f 2698 2699 2763
f 2698 2763 2762
f 2699 2700 2764
f 2699 2764 2763
f 2700 2701 2765
f 2700 2765 2764
f 2701 2702 2766
f 2701 2766 2765
f 2702 2703 2767
f 2702 2767 2766
f 2703 2704 2768
f 2703 2768 2767
f 2704 2705 2769
f 2704 2769 2768
f 2705 2706 2770
f 2705 2770 2769
f 2706 2707 2771
f 2706 2771 2770
f 2707 2708 2772
f 2707 2772 2771
f 2708 2709 2773
f 2708 2773 2772
f 2709 2710 2774
f 2709 2774 2773
f 2710 2711 2775
f 2710 2775 2774
f 2711 2712 2776
f 2711 2776 2775
f 2712 2713 2777
f 2712 2777 2776
f 2713 2714 2778
f 2713 2778 2777
f 2714 2715 2779
f 2714 2779 2778
f 2715 2716 2780
f 2715 2780 2779
f 2716 2717 2781
f 2716 2781 2780
f 2717 2718 2782
f 2717 2782 2781
f 2718 2719 2783
f 2718 2783 2782
f 2719 2720 2784
f 2719 2784 2783
f 2720 2721 2785
f 2720 2785 2784
f 2721 2722 2786
f 2721 2786 2785
f 2722 2723 2787
f 2722 2787 2786
f 2723 2724 2788
f 2723 2788 2787
f 2724 2725 2789
f 2724 2789 2788
f 2725 2726 2790
f 2725 2790 2789
f 2726 2727 2791
f 2726 2791 2790
f 2727 2728 2792
f 2727 2792 2791
f 2728 2729 2793
f 2728 2793 2792
f 2729 2730 2794
f 2729 2794 2793
f 2730 2731 2795
f 2730 2795 2794
f 2731 2732 2796
f 2731 2796 2795
f 2732 2733 2797
f 2732 2797 2796
f 2733 2734 2798
f 2733 2798 2797
f 2734 2735 2799
f 2734 2799 2798
f 2735 2736 2800
f 2735 2800 2799
f 2736 2737 2801
f 2736 2801 2800
f 2737 2738 2802
f 2737 2802 2801
f 2738 2739 2803
f 2738 2803 2802
f 2739 2740 2804
f 2739 2804 2803
f 2740 2741 2805
f 2740 2805 2804
f 2741 2742 2806
f 2741 2806 2805
f 2742 2743 2807
f 2742 2807 2806
f 2743 2744 2808
f 2743 2808 2807
f 2744 2745 2809
f 2744 2809 2808
f 2745 2746 2810
f 2745 2810 2809
f 2746 2747 2811
f 2746 2811 2810
f 2747 2748 2812
f 2747 2812 2811
f 2748 2749 2813
f 2748 2813 2812
f 2749 2750 2814
f 2749 2814 2813
f 2750 2751 2815
f 2750 2815 2814
f 2751 2752 2816
f 2751 2816 2815
f 2752 2689 2753
f 2752 2753 2816
f 2753 2754 2818
f 2753 2818 2817
f 2754 2755 2819
f 2754 2819 2818
f 2755 2756 2820
f 2755 2820 2819
f 2756 2757 2821
f 2756 2821 2820
f 2757 2758 2822
f 2757 2822 2821
f 2758 2759 2823
f 2758 2823 2822
f 2759 2760 2824
f 2759 2824 2823
f 2760 2761 2825
f 2760 2825 2824
f 2761 2762 2826
f 2761 2826 2825
f 2762 2763 2827
f 2762 2827 2826
f 2763 2764 2828
f 2763 2828 2827
f 2764 2765 2829
f 2764 2829 2828
f 2765 2766 2830
f 2765 2830 2829
f 2766 2767 2831
f 2766 2831 2830
f 2767 2768 2832
f 2767 2832 2831
f 2768 2769 2833
f 2768 2833 2832
f 2769 2770 2834
f 2769 2834 2833
f 2770 2771 2835
f 2770 2835 2834
f 2771 2772 2836
f 2771 2836 2835
f 2772 2773 2837
f 2772 2837 2836
f 2773 2774 2838
f 2773 2838 2837
f 2774 2775 2839
f 2774 2839 2838
f 2775 2776 2840
f 2775 2840 2839
f 2776 2777 2841
f 2776 2841 2840
f 2777 2778 2842
f 2777 2842 2841
f 2778 2779 2843
f 2778 2843 2842
f 2779 2780 2844
f 2779 2844 2843
f 2780 2781 2845
f 2780 2845 2844
f 2781 2782 2846
f 2781 2846 2845
f 2782 2783 2847
f 2782 2847 2846
f 2783 2784 2848
f 2783 2848 2847
f 2784 2785 2849
f 2784 2849 2848
f 2785 2786 2850
f 2785 2850 2849
f 2786 2787 2851
f 2786 2851 2850
f 2787 2788 2852
f 2787 2852 2851
f 2788 2789 2853
f 2788 2853 2852
f 2789 2790 2854
f 2789 2854 2853
f 2790 2791 2855
f 2790 2855 2854
f 2791 2792 2856
f 2791 2856 2855
f 2792 2793 2857
f 2792 2857 2856
f 2793 2794 2858
f 2793 2858 2857
f 2794 2795 2859
f 2794 2859 2858
f 2795 2796 2860
f 2795 2860 2859
f 2796 2797 2861
f 2796 2861 2860
f 2797 2798 2862
f 2797 2862 2861
f 2798 2799 2863
f 2798 2863 2862
f 2799 2800 2864
f 2799 2864 2863
f 2800 2801 2865
f 2800 2865 2864
f 2801 2802 2866
f 2801 2866 2865
f 2802 2803 2867
f 2802 2867 2866
f 2803 2804 2868
f 2803 2868 2867
f 2804 2805 2869
f 2804 2869 2868
f 2805 2806 2870
f 2805 2870 2869
f 2806 2807 2871
f 2806 2871 2870
f 2807 2808 2872
f 2807 2872 2871
f 2808 2809 2873
f 2808 2873 2872
f 2809 2810 2874
f 2809 2874 2873
f 2810 2811 2875
f 2810 2875 2874
f 2811 2812 2876
f 2811 2876 2875
f 2812 2813 2877
f 2812 2877 2876
f 2813 2814 2878
f 2813 2878 2877
f 2814 2815 2879
f 2814 2879 2878
f 2815 2816 2880
f 2815 2880 2879
f 2816 2753 2817
f 2816 2817 2880
f 2817 2818 2882
f 2817 2882 2881
f 2818 2819 2883
f 2818 2883 2882
f 2819 2820 2884
f 2819 2884 2883
f 2820 2821 2885
f 2820 2885 2884
f 2821 2822 2886
f 2821 2886 2885
f 2822 2823 2887
f 2822 2887 2886
f 2823 2824 2888
f 2823 2888 2887
f 2824 2825 2889
f 2824 2889 2888
f 2825 2826 2890
f 2825 2890 2889
f 2826 2827 2891
f 2826 2891 2890
f 2827 2828 2892
f 2827 2892 2891
f 2828 2829 2893
f 2828 2893 2892
f 2829 2830 2894
f 2829 2894 2893
f 2830 2831 2895
f 2830 2895 2894
f 2831 2832 2896
f 2831 2896 2895
f 2832 2833 2897
f 2832 2897 2896
f 2833 2834 2898
f 2833 2898 2897
f 2834 2835 2899
f 2834 2899 2898
f 2835 2836 2900
f 2835 2900 2899
f 2836 2837 2901
f 2836 2901 2900
f 2837 2838 2902
f 2837 2902 2901
f 2838 2839 2903
f 2838 2903 2902
f 2839 2840 2904
f 2839 2904 2903
f 2840 2841 2905
f 2840 2905 2904
f 2841 2842 2906
f 2841 2906 2905
f 2842 2843 2907
f 2842 2907 2906
f 2843 2844 2908
f 2843 2908 2907
f 2844 2845 2909
f 2844 2909 2908
f 2845 2846 2910
f 2845 2910 2909
f 2846 2847 2911
f 2846 2911 2910
f 2847 2848 2912
f 2847 2912 2911
f 2848 2849 2913
f 2848 2913 2912
f 2849 2850 2914
f 2849 2914 2913
f 2850 2851 2915
f 2850 2915 2914
f 2851 2852 2916
f 2851 2916 2915
f 2852 2853 2917
f 2852 2917 2916
f 2853 2854 2918
f 2853 2918 2917
f 2854 2855 2919
f 2854 2919 2918
f 2855 2856 2920
f 2855 2920 2919
f 2856 2857 2921
f 2856 2921 2920
f 2857 2858 2922
f 2857 2922 2921
f 2858 2859 2923
f 2858 2923 2922
f 2859 2860 2924
f 2859 2924 2923
f 2860 2861 2925
f 2860 2925 2924
f 2861 2862 2926
f 2861 2926 2925
f 2862 2863 2927
f 2862 2927 2926
f 2863 2864 2928
f 2863 2928 2927
f 2864 2865 2929
f 2864 2929 2928
f 2865 2866 2930
f 2865 2930 2929
f 2866 2867 2931
f 2866 2931 2930
f 2867 2868 2932
f 2867 2932 2931
f 2868 2869 2933
f 2868 2933 2932
f 2869 2870 2934
f 2869 2934 2933
f 2870 2871 2935
f 2870 2935 2934
f 2871 2872 2936
f 2871 2936 2935
f 2872 2873 2937
f 2872 2937 2936
f 2873 2874 2938
f 2873 2938 2937
f 2874 2875 2939
f 2874 2939 2938
f 2875 2876 2940
f 2875 2940 2939
f 2876 2877 2941
f 2876 2941 2940
f 2877 2878 2942
f 2877 2942 2941
f 2878 2879 2943
f 2878 2943 2942
f 2879 2880 2944
f 2879 2944 2943
f 2880 2817 2881
f 2880 2881 2944
f 2881 2882 2946
f 2881 2946 2945
f 2882 2883 2947
f 2882 2947 2946
f 2883 2884 2948
f 2883 2948 2947
f 2884 2885 2949
f 2884 2949 2948
f 2885 2886 2950
f 2885 2950 2949
f 2886 2887 2951
f 2886 2951 2950
f 2887 2888 2952
f 2887 2952 2951
f 2888 2889 2953
f 2888 2953 2952
f 2889 2890 2954
f 2889 2954 2953
f 2890 2891 2955
f 2890 2955 2954
f 2891 2892 2956
f 2891 2956 2955
f 2892 2893 2957
f 2892 2957 2956
f 2893 2894 2958
f 2893 2958 2957
f 2894 2895 2959
f 2894 2959 2958
f 2895 2896 2960
f 2895 2960 2959
f 2896 2897 2961
f 2896 2961 2960
f 2897 2898 2962
f 2897 2962 2961
f 2898 2899 2963
f 2898 2963 2962
f 2899 2900 2964
f 2899 2964 2963
f 2900 2901 2965
f 2900 2965 2964
f 2901 2902 2966
f 2901 2966 2965
f 2902 2903 2967
f 2902 2967 2966
f 2903 2904 2968
f 2903 2968 2967
f 2904 2905 2969
f 2904 2969 2968
f 2905 2906 2970
f 2905 2970 2969
f 2906 2907 2971
f 2906 2971 2970
f 2907 2908 2972
f 2907 2972 2971
f 2908 2909 2973
f 2908 2973 2972
f 2909 2910 2974
f 2909 2974 2973
f 2910 2911 2975
f 2910 2975 2974
f 2911 2912 2976
f 2911 2976 2975
f 2912 2913 2977
f 2912 2977 2976
f 2913 2914 2978
f 2913 2978 2977
f 2914 2915 2979
f 2914 2979 2978
f 2915 2916 2980
f 2915 2980 2979
f 2916 2917 2981
f 2916 2981 2980
f 2917 2918 2982
f 2917 2982 2981
f 2918 2919 2983
f 2918 2983 2982
f 2919 2920 2984
f 2919 2984 2983
f 2920 2921 2985
f 2920 2985 2984
f 2921 2922 2986
f 2921 2986 2985
f 2922 2923 2987
f 2922 2987 2986
f 2923 2924 2988
f 2923 2988 2987
f 2924 2925 2989
f 2924 2989 2988
f 2925 2926 2990
f 2925 2990 2989
f 2926 2927 2991
f 2926 2991 2990
f 2927 2928 2992
f 2927 2992 2991
f 2928 2929 2993
f 2928 2993 2992
f 2929 2930 2994
f 2929 2994 2993
f 2930 2931 2995
f 2930 2995 2994
f 2931 2932 2996
f 2931 2996 2995
f 2932 2933 2997
f 2932 2997 2996
f 2933 2934 2998
f 2933 2998 2997
f 2934 2935 2999
f 2934 2999 2998
f 2935 2936 3000
f 2935 3000 2999
f 2936 2937 3001
f 2936 3001 3000
f 2937 2938 3002
f 2937 3002 3001
f 2938 2939 3003
f 2938 3003 3002
f 2939 2940 3004
f 2939 3004 3003
f 2940 2941 3005
f 2940 3005 3004
f 2941 2942 3006
f 2941 3006 3005
f 2942 2943 3007
f 2942 3007 3006
f 2943 2944 3008
f 2943 3008 3007
f 2944 2881 2945
f 2944 2945 3008
f 2945 2946 3010
f 2945 3010 3009
f 2946 2947 3011
f 2946 3011 3010
f 2947 2948 3012
f 2947 3012 3011
f 2948 2949 3013
f 2948 3013 3012
f 2949 2950 3014
f 2949 3014 3013
f 2950 2951 3015
f 2950 3015 3014
f 2951 2952 3016
f 2951 3016 3015
f 2952 2953 3017
f 2952 3017 3016
f 2953 2954 3018
f 2953 3018 3017
f 2954 2955 3019
f 2954 3019 3018
f 2955 2956 3020
f 2955 3020 3019
f 2956 2957 3021
f 2956 3021 3020
f 2957 2958 3022
f 2957 3022 3021
f 2958 2959 3023
f 2958 3023 3022
f 2959 2960 3024
f 2959 3024 3023
f 2960 2961 3025
f 2960 3025 3024
f 2961 2962 3026
f 2961 3026 3025
f 2962 2963 3027
f 2962 3027 3026
f 2963 2964 3028
f 2963 3028 3027
f 2964 2965 3029
f 2964 3029 3028
f 2965 2966 3030
f 2965 3030 3029
f 2966 2967 3031
f 2966 3031 3030
f 2967 2968 3032
f 2967 3032 3031
f 2968 2969 3033
f 2968 3033 3032
f 2969 2970 3034
f 2969 3034 3033
f 2970 2971 3035
f 2970 3035 3034
f 2971 2972 3036
f 2971 3036 3035
f 2972 2973 3037
f 2972 3037 3036
f 2973 2974 3038
f 2973 3038 3037
f 2974 2975 3039
f 2974 3039 3038
f 2975 2976 3040
f 2975 3040 3039
f 2976 2977 3041
f 2976 3041 3040
f 2977 2978 3042
f 2977 3042 3041
f 2978 2979 3043
f 2978 3043 3042
f 2979 2980 3044
f 2979 3044 3043
f 2980 2981 3045
f 2980 3045 3044
f 2981 2982 3046
f 2981 3046 3045
f 2982 2983 3047
f 2982 3047 3046
f 2983 2984 3048
f 2983 3048 3047
f 2984 2985 3049
f 2984 3049 3048
f 2985 2986 3050
f 2985 3050 3049
f 2986 2987 3051
f 2986 3051 3050
f 2987 2988 3052
f 2987 3052 3051
f 2988 2989 3053
f 2988 3053 3052
f 2989 2990 3054
f 2989 3054 3053
f 2990 2991 3055
f 2990 3055 3054
f 2991 2992 3056
f 2991 3056 3055
f 2992 2993 3057
f 2992 3057 3056
f 2993 2994 3058
f 2993 3058 3057
f 2994 2995 3059
f 2994 3059 3058
f 2995 2996 3060
f 2995 3060 3059
f 2996 2997 3061
f 2996 3061 3060
f 2997 2998 3062
f 2997 3062 3061
f 2998 2999 3063
f 2998 3063 3062
f 2999 3000 3064
f 2999 3064 3063
f 3000 3001 3065
f 3000 3065 3064
f 3001 3002 3066
f 3001 3066 3065
f 3002 3003 3067
f 3002 3067 3066
f 3003 3004 3068
f 3003 3068 3067
f 3004 3005 3069
f 3004 3069 3068
f 3005 3006 3070
f 3005 3070 3069
f 3006 3007 3071
f 3006 3071 3070
f 3007 3008 3072
f 3007 3072 3071
f 3008 2945 3009
f 3008 3009 3072
f 3009 3010 3074
f 3009 3074 3073
f 3010 3011 3075
f 3010 3075 3074
f 3011 3012 3076
f 3011 3076 3075
f 3012 3013 3077
f 3012 3077 3076
f 3013 3014 3078
f 3013 3078 3077
f 3014 3015 3079
f 3014 3079 3078
f 3015 3016 3080
f 3015 3080 3079
f 3016 3017 3081
f 3016 3081 3080
f 3017 3018 3082
f 3017 3082 3081
f 3018 3019 3083
f 3018 3083 3082
f 3019 3020 3084
f 3019 3084 3083
f 3020 3021 3085
f 3020 3085 3084
f 3021 3022 3086
f 3021 3086 3085
f 3022 3023 3087
f 3022 3087 3086
f 3023 3024 3088
f 3023 3088 3087
f 3024 3025 3089
f 3024 3089 3088
f 3025 3026 3090
f 3025 3090 3089
f 3026 3027 3091
f 3026 3091 3090
f 3027 3028 3092
f 3027 3092 3091
f 3028 3029 3093
f 3028 3093 3092
f 3029 3030 3094
f 3029 3094 3093
f 3030 3031 3095
f 3030 3095 3094
f 3031 3032 3096
f 3031 3096 3095
f 3032 3033 3097
f 3032 3097 3096
f 3033 3034 3098
f 3033 3098 3097
f 3034 3035 3099
f 3034 3099 3098
f 3035 3036 3100
f 3035 3100 3099
f 3036 3037 3101
f 3036 3101 3100
f 3037 3038 3102
f 3037 3102 3101
f 3038 3039 3103
f 3038 3103 3102
f 3039 3040 3104
f 3039 3104 3103
f 3040 3041 3105
f 3040 3105 3104
f 3041 3042 3106
f 3041 3106 3105
f 3042 3043 3107
f 3042 3107 3106
f 3043 3044 3108
f 3043 3108 3107
f 3044 3045 3109
f 3044 3109 3108
f 3045 3046 3110
f 3045 3110 3109
f 3046 3047 3111
f 3046 3111 3110
f 3047 3048 3112
f 3047 3112 3111
f 3048 3049 3113
f 3048 3113 3112
f 3049 3050 3114
f 3049 3114 3113
f 3050 3051 3115
f 3050 3115 3114
f 3051 3052 3116
f 3051 3116 3115
f 3052 3053 3117
f 3052 3117 3116
f 3053 3054 3118
f 3053 3118 3117
f 3054 3055 3119
f 3054 3119 3118
f 3055 3056 3120
f 3055 3120 3119
f 3056 3057 3121
f 3056 3121 3120
f 3057 3058 3122
f 3057 3122 3121
f 3058 3059 3123
f 3058 3123 3122
f 3059 3060 3124
f 3059 3124 3123
f 3060 3061 3125
f 3060 3125 3124
f 3061 3062 3126
f 3061 3126 3125
f 3062 3063 3127
f 3062 3127 3126
f 3063 3064 3128
f 3063 3128 3127
f 3064 3065 3129
f 3064 3129 3128
f 3065 3066 3130
f 3065 3130 3129
f 3066 3067 3131
f 3066 3131 3130
f 3067 3068 3132
f 3067 3132 3131
f 3068 3069 3133
f 3068 3133 3132
f 3069 3070 3134
f 3069 3134 3133
f 3070 3071 3135
f 3070 3135 3134
f 3071 3072 3136
f 3071 3136 3135
f 3072 3009 3073
f 3072 3073 3136
f 3073 3074 3138
f 3073 3138 3137
f 3074 3075 3139
f 3074 3139 3138
f 3075 3076 3140
f 3075 3140 3139
f 3076 3077 3141
f 3076 3141 3140
f 3077 3078 3142
f 3077 3142 3141
f 3078 3079 3143
f 3078 3143 3142
f 3079 3080 3144
f 3079 3144 3143
f 3080 3081 3145
f 3080 3145 3144
f 3081 3082 3146
f 3081 3146 3145
f 3082 3083 3147
f 3082 3147 3146
f 3083 3084 3148
f 3083 3148 3147
f 3084 3085 3149
f 3084 3149 3148
f 3085 3086 3150
f 3085 3150 3149
f 3086 3087 3151
f 3086 3151 3150
f 3087 3088 3152
f 3087 3152 3151
f 3088 3089 3153
f 3088 3153 3152
f 3089 3090 3154
f 3089 3154 3153
f 3090 3091 3155
f 3090 3155 3154
f 3091 3092 3156
f 3091 3156 3155
f 3092 3093 3157
f 3092 3157 3156
f 3093 3094 3158
f 3093 3158 3157
f 3094 3095 3159
f 3094 3159 3158
f 3095 3096 3160
f 3095 3160 3159
f 3096 3097 3161
f 3096 3161 3160
f 3097 3098 3162
f 3097 3162 3161
f 3098 3099 3163
f 3098 3163 3162
f 3099 3100 3164
f 3099 3164 3163
f 3100 3101 3165
f 3100 3165 3164
f 3101 3102 3166
f 3101 3166 3165
f 3102 3103 3167
f 3102 3167 3166
f 3103 3104 3168
f 3103 3168 3167
f 3104 3105 3169
f 3104 3169 3168
f 3105 3106 3170
f 3105 3170 3169
f 3106 3107 3171
f 3106 3171 3170
f 3107 3108 3172
f 3107 3172 3171
f 3108 3109 3173
f 3108 3173 3172
f 3109 3110 3174
f 3109 3174 3173
f 3110 3111 3175
f 3110 3175 3174
f 3111 3112 3176
f 3111 3176 3175
f 3112 3113 3177
f 3112 3177 3176
f 3113 3114 3178
f 3113 3178 3177
f 3114 3115 3179
f 3114 3179 3178
f 3115 3116 3180
f 3115 3180 3179
f 3116 3117 3181
f 3116 3181 3180
f 3117 3118 3182
f 3117 3182 3181
f 3118 3119 3183
f 3118 3183 3182
f 3119 3120 3184
f 3119 3184 3183
f 3120 3121 3185
f 3120 3185 3184
f 3121 3122 3186
f 3121 3186 3185
f 3122 3123 3187
f 3122 3187 3186
f 3123 3124 3188
f 3123 3188 3187
f 3124 3125 3189
f 3124 3189 3188
f 3125 3126 3190
f 3125 3190 3189
f 3126 3127 3191
f 3126 3191 3190
f 3127 3128 3192
f 3127 3192 3191
f 3128 3129 3193
f 3128 3193 3192
f 3129 3130 3194
f 3129 3194 3193
f 3130 3131 3195
f 3130 3195 3194
f 3131 3132 3196
f 3131 3196 3195
f 3132 3133 3197
f 3132 3197 3196
f 3133 3134 3198
f 3133 3198 3197
f 3134 3135 3199
f 3134 3199 3198
f 3135 3136 3200
f 3135 3200 3199
f 3136 3073 3137
f 3136 3137 3200
f 3137 3138 3202
f 3137 3202 3201
f 3138 3139 3203
f 3138 3203 3202
f 3139 3140 3204
f 3139 3204 3203
f 3140 3141 3205
f 3140 3205 3204
f 3141 3142 3206
f 3141 3206 3205
f 3142 3143 3207
f 3142 3207 3206
f 3143 3144 3208
f 3143 3208 3207
f 3144 3145 3209
f 3144 3209 3208
f 3145 3146 3210
f 3145 3210 3209
f 3146 3147 3211
f 3146 3211 3210
f 3147 3148 3212
f 3147 3212 3211
f 3148 3149 3213
f 3148 3213 3212
f 3149 3150 3214
f 3149 3214 3213
f 3150 3151 3215
f 3150 3215 3214
f 3151 3152 3216
f 3151 3216 3215
f 3152 3153 3217
f 3152 3217 3216
f 3153 3154 3218
f 3153 3218 3217
f 3154 3155 3219
f 3154 3219 3218
f 3155 3156 3220
f 3155 3220 3219
f 3156 3157 3221
f 3156 3221 3220
f 3157 3158 3222
f 3157 3222 3221
f 3158 3159 3223
f 3158 3223 3222
f 3159 3160 3224
f 3159 3224 3223
f 3160 3161 3225
f 3160 3225 3224
f 3161 3162 3226
f 3161 3226 3225
f 3162 3163 3227
f 3162 3227 3226
f 3163 3164 3228
f 3163 3228 3227
f 3164 3165 3229
f 3164 3229 3228
f 3165 3166 3230
f 3165 3230 3229
f 3166 3167 3231
f 3166 3231 3230
f 3167 3168 3232
f 3167 3232 3231
f 3168 3169 3233
f 3168 3233 3232
f 3169 3170 3234
f 3169 3234 3233
f 3170 3171 3235
f 3170 3235 3234
f 3171 3172 3236
f 3171 3236 3235
f 3172 3173 3237
f 3172 3237 3236
f 3173 3174 3238
f 3173 3238 3237
f 3174 3175 3239
f 3174 3239 3238
f 3175 3176 3240
f 3175 3240 3239
f 3176 3177 3241
f 3176 3241 3240
f 3177 3178 3242
f 3177 3242 3241
f 3178 3179 3243
f 3178 3243 3242
f 3179 3180 3244
f 3179 3244 3243
f 3180 3181 3245
f 3180 3245 3244
f 3181 3182 3246
f 3181 3246 3245
f 3182 3183 3247
f 3182 3247 3246
f 3183 3184 3248
f 3183 3248 3247
f 3184 3185 3249
f 3184 3249 3248
f 3185 3186 3250
f 3185 3250 3249
f 3186 3187 3251
f 3186 3251 3250
f 3187 3188 3252
f 3187 3252 3251
f 3188 3189 3253
f 3188 3253 3252
f 3189 3190 3254
f 3189 3254 3253
f 3190 3191 3255
f 3190 3255 3254
f 3191 3192 3256
f 3191 3256 3255
f 3192 3193 3257
f 3192 3257 3256
f 3193 3194 3258
f 3193 3258 3257
f 3194 3195 3259
f 3194 3259 3258
f 3195 3196 3260
f 3195 3260 3259
f 3196 3197 3261
f 3196 3261 3260
f 3197 3198 3262
f 3197 3262 3261
f 3198 3199 3263
f 3198 3263 3262
f 3199 3200 3264
f 3199 3264 3263
f 3200 3137 3201
f 3200 3201 3264
f 3201 3202 3266
f 3201 3266 3265
f 3202 3203 3267
f 3202 3267 3266
f 3203 3204 3268
f 3203 3268 3267
f 3204 3205 3269
f 3204 3269 3268
f 3205 3206 3270
f 3205 3270 3269
f 3206 3207 3271
f 3206 3271 3270
f 3207 3208 3272
f 3207 3272 3271
f 3208 3209 3273
f 3208 3273 3272
f 3209 3210 3274
f 3209 3274 3273
f 3210 3211 3275
f 3210 3275 3274
f 3211 3212 3276
f 3211 3276 3275
f 3212 3213 3277
f 3212 3277 3276
f 3213 3214 3278
f 3213 3278 3277
f 3214 3215 3279
f 3214 3279 3278
f 3215 3216 3280
f 3215 3280 3279
f 3216 3217 3281
f 3216 3281 3280
f 3217 3218 3282
f 3217 3282 3281
f 3218 3219 3283
f 3218 3283 3282
f 3219 3220 3284
f 3219 3284 3283
f 3220 3221 3285
f 3220 3285 3284
f 3221 3222 3286
f 3221 3286 3285
f 3222 3223 3287
f 3222 3287 3286
f 3223 3224 3288
f 3223 3288 3287
f 3224 3225 3289
f 3224 3289 3288
f 3225 3226 3290
f 3225 3290 3289
f 3226 3227 3291
f 3226 3291 3290
f 3227 3228 3292
f 3227 3292 3291
f 3228 3229 3293
f 3228 3293 3292
f 3229 3230 3294
f 3229 3294 3293
f 3230 3231 3295
f 3230 3295 3294
f 3231 3232 3296
f 3231 3296 3295
f 3232 3233 3297
f 3232 3297 3296
f 3233 3234 3298
f 3233 3298 3297
f 3234 3235 3299
f 3234 3299 3298
f 3235 3236 3300
f 3235 3300 3299
f 3236 3237 3301
f 3236 3301 3300
f 3237 3238 3302
f 3237 3302 3301
f 3238 3239 3303
f 3238 3303 3302
f 3239 3240 3304
f 3239 3304 3303
f 3240 3241 3305
f 3240 3305 3304
f 3241 3242 3306
f 3241 3306 3305
f 3242 3243 3307
f 3242 3307 3306
f 3243 3244 3308
f 3243 3308 3307
f 3244 3245 3309
f 3244 3309 3308
f 3245 3246 3310
f 3245 3310 3309
f 3246 3247 3311
f 3246 3311 3310
f 3247 3248 3312
f 3247 3312 3311
f 3248 3249 3313
f 3248 3313 3312
f 3249 3250 3314
f 3249 3314 3313
f 3250 3251 3315
f 3250 3315 3314
f 3251 3252 3316
f 3251 3316 3315
f 3252 3253 3317
f 3252 3317 3316
f 3253 3254 3318
f 3253 3318 3317
f 3254 3255 3319
f 3254 3319 3318
f 3255 3256 3320
f 3255 3320 3319
f 3256 3257 3321
f 3256 3321 3320
f 3257 3258 3322
f 3257 3322 3321
f 3258 3259 3323
f 3258 3323 3322
f 3259 3260 3324
f 3259 3324 3323
f 3260 3261 3325
f 3260 3325 3324
f 3261 3262 3326
f 3261 3326 3325
f 3262 3263 3327
f 3262 3327 3326
f 3263 3264 3328
f 3263 3328 3327
f 3264 3201 3265
f 3264 3265 3328
f 3265 3266 3330
f 3265 3330 3329
f 3266 3267 3331
f 3266 3331 3330
f 3267 3268 3332
f 3267 3332 3331
f 3268 3269 3333
f 3268 3333 3332
f 3269 3270 3334
f 3269 3334 3333
f 3270 3271 3335
f 3270 3335 3334
f 3271 3272 3336
f 3271 3336 3335
f 3272 3273 3337
f 3272 3337 3336
f 3273 3274 3338
f 3273 3338 3337
f 3274 3275 3339
f 3274 3339 3338
f 3275 3276 3340
f 3275 3340 3339
f 3276 3277 3341
f 3276 3341 3340
f 3277 3278 3342
f 3277 3342 3341
f 3278 3279 3343
f 3278 3343 3342
f 3279 3280 3344
f 3279 3344 3343
f 3280 3281 3345
f 3280 3345 3344
f 3281 3282 3346
f 3281 3346 3345
f 3282 3283 3347
f 3282 3347 3346
f 3283 3284 3348
f 3283 3348 3347
f 3284 3285 3349
f 3284 3349 3348
f 3285 3286 3350
f 3285 3350 3349
f 3286 3287 3351
f 3286 3351 3350
f 3287 3288 3352
f 3287 3352 3351
f 3288 3289 3353
f 3288 3353 3352
f 3289 3290 3354
f 3289 3354 3353
f 3290 3291 3355
f 3290 3355 3354
f 3291 3292 3356
f 3291 3356 3355
f 3292 3293 3357
f 3292 3357 3356
f 3293 3294 3358
f 3293 3358 3357
f 3294 3295 3359
f 3294 3359 3358
f 3295 3296 3360
f 3295 3360 3359
f 3296 3297 3361
f 3296 3361 3360
f 3297 3298 3362
f 3297 3362 3361
f 3298 3299 3363
f 3298 3363 3362
f 3299 3300 3364
f 3299 3364 3363
f 3300 3301 3365
f 3300 3365 3364
f 3301 3302 3366
f 3301 3366 3365
f 3302 3303 3367
f 3302 3367 3366
f 3303 3304 3368
f 3303 3368 3367
f 3304 3305 3369
f 3304 3369 3368
f 3305 3306 3370
f 3305 3370 3369
f 3306 3307 3371
f 3306 3371 3370
f 3307 3308 3372
f 3307 3372 3371
f 3308 3309 3373
f 3308 3373 3372
f 3309 3310 3374
f 3309 3374 3373
f 3310 3311 3375
f 3310 3375 3374
f 3311 3312 3376
f 3311 3376 3375
f 3312 3313 3377
f 3312 3377 3376
f 3313 3314 3378
f 3313 3378 3377
f 3314 3315 3379
f 3314 3379 3378
f 3315 3316 3380
f 3315 3380 3379
f 3316 3317 3381
f 3316 3381 3380
f 3317 3318 3382
f 3317 3382 3381
f 3318 3319 3383
f 3318 3383 3382
f 3319 3320 3384
f 3319 3384 3383
f 3320 3321 3385
f 3320 3385 3384
f 3321 3322 3386
f 3321 3386 3385
f 3322 3323 3387
f 3322 3387 3386
f 3323 3324 3388
f 3323 3388 3387
f 3324 3325 3389
f 3324 3389 3388
f 3325 3326 3390
f 3325 3390 3389
f 3326 3327 3391
f 3326 3391 3390
f 3327 3328 3392
f 3327 3392 3391
f 3328 3265 3329
f 3328 3329 3392
f 3329 3330 3394
f 3329 3394 3393
f 3330 3331 3395
f 3330 3395 3394
f 3331 3332 3396
f 3331 3396 3395
f 3332 3333 3397
f 3332 3397 3396
f 3333 3334 3398
f 3333 3398 3397
f 3334 3335 3399
f 3334 3399 3398
f 3335 3336 3400
f 3335 3400 3399
f 3336 3337 3401
f 3336 3401 3400
f 3337 3338 3402
f 3337 3402 3401
f 3338 3339 3403
f 3338 3403 3402
f 3339 3340 3404
f 3339 3404 3403
f 3340 3341 3405
f 3340 3405 3404
f 3341 3342 3406
f 3341 3406 3405
f 3342 3343 3407
f 3342 3407 3406
f 3343 3344 3408
f 3343 3408 3407
f 3344 3345 3409
f 3344 3409 3408
f 3345 3346 3410
f 3345 3410 3409
f 3346 3347 3411
f 3346 3411 3410
f 3347 3348 3412
f 3347 3412 3411
f 3348 3349 3413
f 3348 3413 3412
f 3349 3350 3414
f 3349 3414 3413
f 3350 3351 3415
f 3350 3415 3414
f 3351 3352 3416
f 3351 3416 3415
f 3352 3353 3417
f 3352 3417 3416
f 3353 3354 3418
f 3353 3418 3417
f 3354 3355 3419
f 3354 3419 3418
f 3355 3356 3420
f 3355 3420 3419
f 3356 3357 3421
f 3356 3421 3420
f 3357 3358 3422
f 3357 3422 3421
f 3358 3359 3423
f 3358 3423 3422
f 3359 3360 3424
f 3359 3424 3423
f 3360 3361 3425
f 3360 3425 3424
f 3361 3362 3426
f 3361 3426 3425
f 3362 3363 3427
f 3362 3427 3426
f 3363 3364 3428
f 3363 3428 3427
f 3364 3365 3429
f 3364 3429 3428
f 3365 3366 3430
f 3365 3430 3429
f 3366 3367 3431
f 3366 3431 3430
f 3367 3368 3432
f 3367 3432 3431
f 3368 3369 3433
f 3368 3433 3432
f 3369 3370 3434
f 3369 3434 3433
f 3370 3371 3435
f 3370 3435 3434
f 3371 3372 3436
f 3371 3436 3435
f 3372 3373 3437
f 3372 3437 3436
f 3373 3374 3438
f 3373 3438 3437
f 3374 3375 3439
f 3374 3439 3438
f 3375 3376 3440
f 3375 3440 3439
f 3376 3377 3441
f 3376 3441 3440
f 3377 3378 3442
f 3377 3442 3441
f 3378 3379 3443
f 3378 3443 3442
f 3379 3380 3444
f 3379 3444 3443
f 3380 3381 3445
f 3380 3445 3444
f 3381 3382 3446
f 3381 3446 3445
f 3382 3383 3447
f 3382 3447 3446
f 3383 3384 3448
f 3383 3448 3447
f 3384 3385 3449
f 3384 3449 3448
f 3385 3386 3450
f 3385 3450 3449
f 3386 3387 3451
f 3386 3451 3450
f 3387 3388 3452
f 3387 3452 3451
f 3388 3389 3453
f 3388 3453 3452
f 3389 3390 3454
f 3389 3454 3453
f 3390 3391 3455
f 3390 3455 3454
f 3391 3392 3456
f 3391 3456 3455
f 3392 3329 3393
f 3392 3393 3456
f 3393 3394 3458
f 3393 3458 3457
f 3394 3395 3459
f 3394 3459 3458
f 3395 3396 3460
f 3395 3460 3459
f 3396 3397 3461
f 3396 3461 3460
f 3397 3398 3462
f 3397 3462 3461
f 3398 3399 3463
f 3398 3463 3462
f 3399 3400 3464
f 3399 3464 3463
f 3400 3401 3465
f 3400 3465 3464
f 3401 3402 3466
f 3401 3466 3465
f 3402 3403 3467
f 3402 3467 3466
f 3403 3404 3468
f 3403 3468 3467
f 3404 3405 3469
f 3404 3469 3468
f 3405 3406 3470
f 3405 3470 3469
f 3406 3407 3471
f 3406 3471 3470
f 3407 3408 3472
f 3407 3472 3471
f 3408 3409 3473
f 3408 3473 3472
f 3409 3410 3474
f 3409 3474 3473
f 3410 3411 3475
f 3410 3475 3474
f 3411 3412 3476
f 3411 3476 3475
f 3412 3413 3477
f 3412 3477 3476
f 3413 3414 3478
f 3413 3478 3477
f 3414 3415 3479
f 3414 3479 3478
f 3415 3416 3480
f 3415 3480 3479
f 3416 3417 3481
f 3416 3481 3480
f 3417 3418 3482
f 3417 3482 3481
f 3418 3419 3483
f 3418 3483 3482
f 3419 3420 3484
f 3419 3484 3483
f 3420 3421 3485
f 3420 3485 3484
f 3421 3422 3486
f 3421 3486 3485
f 3422 3423 3487
f 3422 3487 3486
f 3423 3424 3488
f 3423 3488 3487
f 3424 3425 3489
f 3424 3489 3488
f 3425 3426 3490
f 3425 3490 3489
f 3426 3427 3491
f 3426 3491 3490
f 3427 3428 3492
f 3427 3492 3491
f 3428 3429 3493
f 3428 3493 3492
f 3429 3430 3494
f 3429 3494 3493
f 3430 3431 3495
f 3430 3495 3494
f 3431 3432 3496
f 3431 3496 3495
f 3432 3433 3497
f 3432 3497 3496
f 3433 3434 3498
f 3433 3498 3497
f 3434 3435 3499
f 3434 3499 3498
f 3435 3436 3500
f 3435 3500 3499
f 3436 3437 3501
f 3436 3501 3500
f 3437 3438 3502
f 3437 3502 3501
f 3438 3439 3503
f 3438 3503 3502
f 3439 3440 3504
f 3439 3504 3503
f 3440 3441 3505
f 3440 3505 3504
f 3441 3442 3506
f 3441 3506 3505
f 3442 3443 3507
f 3442 3507 3506
f 3443 3444 3508
f 3443 3508 3507
f 3444 3445 3509
f 3444 3509 3508
f 3445 3446 3510
f 3445 3510 3509
f 3446 3447 3511
f 3446 3511 3510
f 3447 3448 3512
f 3447 3512 3511
f 3448 3449 3513
f 3448 3513 3512
f 3449 3450 3514
f 3449 3514 3513
f 3450 3451 3515
f 3450 3515 3514
f 3451 3452 3516
f 3451 3516 3515
f 3452 3453 3517
f 3452 3517 3516
f 3453 3454 3518
f 3453 3518 3517
f 3454 3455 3519
f 3454 3519 3518
f 3455 3456 3520
f 3455 3520 3519
f 3456 3393 3457
f 3456 3457 3520
f 3457 3458 3522
f 3457 3522 3521
f 3458 3459 3523
f 3458 3523 3522
f 3459 3460 3524
f 3459 3524 3523
f 3460 3461 3525
f 3460 3525 3524
f 3461 3462 3526
f 3461 3526 3525
f 3462 3463 3527
f 3462 3527 3526
f 3463 3464 3528
f 3463 3528 3527
f 3464 3465 3529
f 3464 3529 3528
f 3465 3466 3530
f 3465 3530 3529
f 3466 3467 3531
f 3466 3531 3530
f 3467 3468 3532
f 3467 3532 3531
f 3468 3469 3533
f 3468 3533 3532
f 3469 3470 3534
f 3469 3534 3533
f 3470 3471 3535
f 3470 3535 3534
f 3471 3472 3536
f 3471 3536 3535
f 3472 3473 3537
f 3472 3537 3536
f 3473 3474 3538
f 3473 3538 3537
f 3474 3475 3539
f 3474 3539 3538
f 3475 3476 3540
f 3475 3540 3539
f 3476 3477 3541
f 3476 3541 3540
f 3477 3478 3542
f 3477 3542 3541
f 3478 3479 3543
f 3478 3543 3542
f 3479 3480 3544
f 3479 3544 3543
f 3480 3481 3545
f 3480 3545 3544
f 3481 3482 3546
f 3481 3546 3545
f 3482 3483 3547
f 3482 3547 3546
f 3483 3484 3548
f 3483 3548 3547
f 3484 3485 3549
f 3484 3549 3548
f 3485 3486 3550
f 3485 3550 3549
f 3486 3487 3551
f 3486 3551 3550
f 3487 3488 3552
f 3487 3552 3551
f 3488 3489 3553
f 3488 3553 3552
f 3489 3490 3554
f 3489 3554 3553
f 3490 3491 3555
f 3490 3555 3554
f 3491 3492 3556
f 3491 3556 3555
f 3492 3493 3557
f 3492 3557 3556
f 3493 3494 3558
f 3493 3558 3557
f 3494 3495 3559
f 3494 3559 3558
f 3495 3496 3560
f 3495 3560 3559
f 3496 3497 3561
f 3496 3561 3560
f 3497 3498 3562
f 3497 3562 3561
f 3498 3499 3563
f 3498 3563 3562
f 3499 3500 3564
f 3499 3564 3563
f 3500 3501 3565
f 3500 3565 3564
f 3501 3502 3566
f 3501 3566 3565
f 3502 3503 3567
f 3502 3567 3566
f 3503 3504 3568
f 3503 3568 3567
f 3504 3505 3569
f 3504 3569 3568
f 3505 3506 3570
f 3505 3570 3569
f 3506 3507 3571
f 3506 3571 3570
f 3507 3508 3572
f 3507 3572 3571
f 3508 3509 3573
f 3508 3573 3572
f 3509 3510 3574
f 3509 3574 3573
f 3510 3511 3575
f 3510 3575 3574
f 3511 3512 3576
f 3511 3576 3575
f 3512 3513 3577
f 3512 3577 3576
f 3513 3514 3578
f 3513 3578 3577
f 3514 3515 3579
f 3514 3579 3578
f 3515 3516 3580
f 3515 3580 3579
f 3516 3517 3581
f 3516 3581 3580
f 3517 3518 3582
f 3517 3582 3581
f 3518 3519 3583
f 3518 3583 3582
f 3519 3520 3584
f 3519 3584 3583
f 3520 3457 3521
f 3520 3521 3584
f 3521 3522 3586
f 3521 3586 3585
f 3522 3523 3587
f 3522 3587 3586
f 3523 3524 3588
f 3523 3588 3587
f 3524 3525 3589
f 3524 3589 3588
f 3525 3526 3590
f 3525 3590 3589
f 3526 3527 3591
f 3526 3591 3590
f 3527 3528 3592
f 3527 3592 3591
f 3528 3529 3593
f 3528 3593 3592
f 3529 3530 3594
f 3529 3594 3593
f 3530 3531 3595
f 3530 3595 3594
f 3531 3532 3596
f 3531 3596 3595
f 3532 3533 3597
f 3532 3597 3596
f 3533 3534 3598
f 3533 3598 3597
f 3534 3535 3599
f 3534 3599 3598
f 3535 3536 3600
f 3535 3600 3599
f 3536 3537 3601
f 3536 3601 3600
f 3537 3538 3602
f 3537 3602 3601
f 3538 3539 3603
f 3538 3603 3602
f 3539 3540 3604
f 3539 3604 3603
f 3540 3541 3605
f 3540 3605 3604
f 3541 3542 3606
f 3541 3606 3605
f 3542 3543 3607
f 3542 3607 3606
f 3543 3544 3608
f 3543 3608 3607
f 3544 3545 3609
f 3544 3609 3608
f 3545 3546 3610
f 3545 3610 3609
f 3546 3547 3611
f 3546 3611 3610
f 3547 3548 3612
f 3547 3612 3611
f 3548 3549 3613
f 3548 3613 3612
f 3549 3550 3614
f 3549 3614 3613
f 3550 3551 3615
f 3550 3615 3614
f 3551 3552 3616
f 3551 3616 3615
f 3552 3553 3617
f 3552 3617 3616
f 3553 3554 3618
f 3553 3618 3617
f 3554 3555 3619
f 3554 3619 3618
f 3555 3556 3620
f 3555 3620 3619
f 3556 3557 3621
f 3556 3621 3620
f 3557 3558 3622
f 3557 3622 3621
f 3558 3559 3623
f 3558 3623 3622
f 3559 3560 3624
f 3559 3624 3623
f 3560 3561 3625
f 3560 3625 3624
f 3561 3562 3626
f 3561 3626 3625
f 3562 3563 3627
f 3562 3627 3626
f 3563 3564 3628
f 3563 3628 3627
f 3564 3565 3629
f 3564 3629 3628
f 3565 3566 3630
f 3565 3630 3629
f 3566 3567 3631
f 3566 3631 3630
f 3567 3568 3632
f 3567 3632 3631
f 3568 3569 3633
f 3568 3633 3632
f 3569 3570 3634
f 3569 3634 3633
f 3570 3571 3635
f 3570 3635 3634
f 3571 3572 3636
f 3571 3636 3635
f 3572 3573 3637
f 3572 3637 3636
f 3573 3574 3638
f 3573 3638 3637
f 3574 3575 3639
f 3574 3639 3638
f 3575 3576 3640
f 3575 3640 3639
f 3576 3577 3641
f 3576 3641 3640
f 3577 3578 3642
f 3577 3642 3641
f 3578 3579 3643
f 3578 3643 3642
f 3579 3580 3644
f 3579 3644 3643
f 3580 3581 3645
f 3580 3645 3644
f 3581 3582 3646
f 3581 3646 3645
f 3582 3583 3647
f 3582 3647 3646
f 3583 3584 3648
f 3583 3648 3647
f 3584 3521 3585
f 3584 3585 3648
f 3585 3586 3650
f 3585 3650 3649
f 3586 3587 3651
f 3586 3651 3650
f 3587 3588 3652
f 3587 3652 3651
f 3588 3589 3653
f 3588 3653 3652
f 3589 3590 3654
f 3589 3654 3653
f 3590 3591 3655
f 3590 3655 3654
f 3591 3592 3656
f 3591 3656 3655
f 3592 3593 3657
f 3592 3657 3656
f 3593 3594 3658
f 3593 3658 3657
f 3594 3595 3659
f 3594 3659 3658
f 3595 3596 3660
f 3595 3660 3659
f 3596 3597 3661
f 3596 3661 3660
f 3597 3598 3662
f 3597 3662 3661
f 3598 3599 3663
f 3598 3663 3662
f 3599 3600 3664
f 3599 3664 3663
f 3600 3601 3665
f 3600 3665 3664
f 3601 3602 3666
f 3601 3666 3665
f 3602 3603 3667
f 3602 3667 3666
f 3603 3604 3668
f 3603 3668 3667
f 3604 3605 3669
f 3604 3669 3668
f 3605 3606 3670
f 3605 3670 3669
f 3606 3607 3671
f 3606 3671 3670
f 3607 3608 3672
f 3607 3672 3671
f 3608 3609 3673
f 3608 3673 3672
f 3609 3610 3674
f 3609 3674 3673
f 3610 3611 3675
f 3610 3675 3674
f 3611 3612 3676
f 3611 3676 3675
f 3612 3613 3677
f 3612 3677 3676
f 3613 3614 3678
f 3613 3678 3677
f 3614 3615 3679
f 3614 3679 3678
f 3615 3616 3680
f 3615 3680 3679
f 3616 3617 3681
f 3616 3681 3680
f 3617 3618 3682
f 3617 3682 3681
f 3618 3619 3683
f 3618 3683 3682
f 3619 3620 3684
f 3619 3684 3683
f 3620 3621 3685
f 3620 3685 3684
f 3621 3622 3686
f 3621 3686 3685
f 3622 3623 3687
f 3622 3687 3686
f 3623 3624 3688
f 3623 3688 3687
f 3624 3625 3689
f 3624 3689 3688
f 3625 3626 3690
f 3625 3690 3689
f 3626 3627 3691
f 3626 3691 3690
f 3627 3628 3692
f 3627 3692 3691
f 3628 3629 3693
f 3628 3693 3692
f 3629 3630 3694
f 3629 3694 3693
f 3630 3631 3695
f 3630 3695 3694
f 3631 3632 3696
f 3631 3696 3695
f 3632 3633 3697
f 3632 3697 3696
f 3633 3634 3698
f 3633 3698 3697
f 3634 3635 3699
f 3634 3699 3698
f 3635 3636 3700
f 3635 3700 3699
f 3636 3637 3701
f 3636 3701 3700
f 3637 3638 3702
f 3637 3702 3701
f 3638 3639 3703
f 3638 3703 3702
f 3639 3640 3704
f 3639 3704 3703
f 3640 3641 3705
f 3640 3705 3704
f 3641 3642 3706
f 3641 3706 3705
f 3642 3643 3707
f 3642 3707 3706
f 3643 3644 3708
f 3643 3708 3707
f 3644 3645 3709
f 3644 3709 3708
f 3645 3646 3710
f 3645 3710 3709
f 3646 3647 3711
f 3646 3711 3710
f 3647 3648 3712
f 3647 3712 3711
f 3648 3585 3649
f 3648 3649 3712
f 3649 3650 3714
f 3649 3714 3713
f 3650 3651 3715
f 3650 3715 3714
f 3651 3652 3716
f 3651 3716 3715
f 3652 3653 3717
f 3652 3717 3716
f 3653 3654 3718
f 3653 3718 3717
f 3654 3655 3719
f 3654 3719 3718
f 3655 3656 3720
f 3655 3720 3719
f 3656 3657 3721
f 3656 3721 3720
f 3657 3658 3722
f 3657 3722 3721
f 3658 3659 3723
f 3658 3723 3722
f 3659 3660 3724
f 3659 3724 3723
f 3660 3661 3725
f 3660 3725 3724
f 3661 3662 3726
f 3661 3726 3725
f 3662 3663 3727
f 3662 3727 3726
f 3663 3664 3728
f 3663 3728 3727
f 3664 3665 3729
f 3664 3729 3728
f 3665 3666 3730
f 3665 3730 3729
f 3666 3667 3731
f 3666 3731 3730
f 3667 3668 3732
f 3667 3732 3731
f 3668 3669 3733
f 3668 3733 3732
f 3669 3670 3734
f 3669 3734 3733
f 3670 3671 3735
f 3670 3735 3734
f 3671 3672 3736
f 3671 3736 3735
f 3672 3673 3737
f 3672 3737 3736
f 3673 3674 3738
f 3673 3738 3737
f 3674 3675 3739
f 3674 3739 3738
f 3675 3676 3740
f 3675 3740 3739
f 3676 3677 3741
f 3676 3741 3740
f 3677 3678 3742
f 3677 3742 3741
f 3678 3679 3743
f 3678 3743 3742
f 3679 3680 3744
f 3679 3744 3743
f 3680 3681 3745
f 3680 3745 3744
f 3681 3682 3746
f 3681 3746 3745
f 3682 3683 3747
f 3682 3747 3746
f 3683 3684 3748
f 3683 3748 3747
f 3684 3685 3749
f 3684 3749 3748
f 3685 3686 3750
f 3685 3750 3749
f 3686 3687 3751
f 3686 3751 3750
f 3687 3688 3752
f 3687 3752 3751
f 3688 3689 3753
f 3688 3753 3752
f 3689 3690 3754
f 3689 3754 3753
f 3690 3691 3755
f 3690 3755 3754
f 3691 3692 3756
f 3691 3756 3755
f 3692 3693 3757
f 3692 3757 3756
f 3693 3694 3758
f 3693 3758 3757
f 3694 3695 3759
f 3694 3759 3758
f 3695 3696 3760
f 3695 3760 3759
f 3696 3697 3761
f 3696 3761 3760
f 3697 3698 3762
f 3697 3762 3761
f 3698 3699 3763
f 3698 3763 3762
f 3699 3700 3764
f 3699 3764 3763
f 3700 3701 3765
f 3700 3765 3764
f 3701 3702 3766
f 3701 3766 3765
f 3702 3703 3767
f 3702 3767 3766
f 3703 3704 3768
f 3703 3768 3767
f 3704 3705 3769
f 3704 3769 3768
f 3705 3706 3770
f 3705 3770 3769
f 3706 3707 3771
f 3706 3771 3770
f 3707 3708 3772
f 3707 3772 3771
f 3708 3709 3773
f 3708 3773 3772
f 3709 3710 3774
f 3709 3774 3773
f 3710 3711 3775
f 3710 3775 3774
f 3711 3712 3776
f 3711 3776 3775
f 3712 3649 3713
f 3712 3713 3776
f 3713 3714 3778
f 3713 3778 3777
f 3714 3715 3779
f 3714 3779 3778
f 3715 3716 3780
f 3715 3780 3779
f 3716 3717 3781
f 3716 3781 3780
f 3717 3718 3782
f 3717 3782 3781
f 3718 3719 3783
f 3718 3783 3782
f 3719 3720 3784
f 3719 3784 3783
f 3720 3721 3785
f 3720 3785 3784
f 3721 3722 3786
f 3721 3786 3785
f 3722 3723 3787
f 3722 3787 3786
f 3723 3724 3788
f 3723 3788 3787
f 3724 3725 3789
f 3724 3789 3788
f 3725 3726 3790
f 3725 3790 3789
f 3726 3727 3791
f 3726 3791 3790
f 3727 3728 3792
f 3727 3792 3791
f 3728 3729 3793
f 3728 3793 3792
f 3729 3730 3794
f 3729 3794 3793
f 3730 3731 3795
f 3730 3795 3794
f 3731 3732 3796
f 3731 3796 3795
f 3732 3733 3797
f 3732 3797 3796
f 3733 3734 3798
f 3733 3798 3797
f 3734 3735 3799
f 3734 3799 3798
f 3735 3736 3800
f 3735 3800 3799
f 3736 3737 3801
f 3736 3801 3800
f 3737 3738 3802
f 3737 3802 3801
f 3738 3739 3803
f 3738 3803 3802
f 3739 3740 3804
f 3739 3804 3803
f 3740 3741 3805
f 3740 3805 3804
f 3741 3742 3806
f 3741 3806 3805
f 3742 3743 3807
f 3742 3807 3806
f 3743 3744 3808
f 3743 3808 3807
f 3744 3745 3809
f 3744 3809 3808
f 3745 3746 3810
f 3745 3810 3809
f 3746 3747 3811
f 3746 3811 3810
f 3747 3748 3812
f 3747 3812 3811
f 3748 3749 3813
f 3748 3813 3812
f 3749 3750 3814
f 3749 3814 3813
f 3750 3751 3815
f 3750 3815 3814
f 3751 3752 3816
f 3751 3816 3815
f 3752 3753 3817
f 3752 3817 3816
f 3753 3754 3818
f 3753 3818 3817
f 3754 3755 3819
f 3754 3819 3818
f 3755 3756 3820
f 3755 3820 3819
f 3756 3757 3821
f 3756 3821 3820
f 3757 3758 3822
f 3757 3822 3821
f 3758 3759 3823
f 3758 3823 3822
f 3759 3760 3824
f 3759 3824 3823
f 3760 3761 3825
f 3760 3825 3824
f 3761 3762 3826
f 3761 3826 3825
f 3762 3763 3827
f 3762 3827 3826
f 3763 3764 3828
f 3763 3828 3827
f 3764 3765 3829
f 3764 3829 3828
f 3765 3766 3830
f 3765 3830 3829
f 3766 3767 3831
f 3766 3831 3830
f 3767 3768 3832
f 3767 3832 3831
f 3768 3769 3833
f 3768 3833 3832
f 3769 3770 3834
f 3769 3834 3833
f 3770 3771 3835
f 3770 3835 3834
f 3771 3772 3836
f 3771 3836 3835
f 3772 3773 3837
f 3772 3837 3836
f 3773 3774 3838
f 3773 3838 3837
f 3774 3775 3839
f 3774 3839 3838
f 3775 3776 3840
f 3775 3840 3839
f 3776 3713 3777
f 3776 3777 3840
f 3777 3778 3842
f 3777 3842 3841
f 3778 3779 3843
f 3778 3843 3842
f 3779 3780 3844
f 3779 3844 3843
f 3780 3781 3845
f 3780 3845 3844
f 3781 3782 3846
f 3781 3846 3845
f 3782 3783 3847
f 3782 3847 3846
f 3783 3784 3848
f 3783 3848 3847
f 3784 3785 3849
f 3784 3849 3848
f 3785 3786 3850
f 3785 3850 3849
f 3786 3787 3851
f 3786 3851 3850
f 3787 3788 3852
f 3787 3852 3851
f 3788 3789 3853
f 3788 3853 3852
f 3789 3790 3854
f 3789 3854 3853
f 3790 3791 3855
f 3790 3855 3854
f 3791 3792 3856
f 3791 3856 3855
f 3792 3793 3857
f 3792 3857 3856
f 3793 3794 3858
f 3793 3858 3857
f 3794 3795 3859
f 3794 3859 3858
f 3795 3796 3860
f 3795 3860 3859
f 3796 3797 3861
f 3796 3861 3860
f 3797 3798 3862
f 3797 3862 3861
f 3798 3799 3863
f 3798 3863 3862
f 3799 3800 3864
f 3799 3864 3863
f 3800 3801 3865
f 3800 3865 3864
f 3801 3802 3866
f 3801 3866 3865
f 3802 3803 3867
f 3802 3867 3866
f 3803 3804 3868
f 3803 3868 3867
f 3804 3805 3869
f 3804 3869 3868
f 3805 3806 3870
f 3805 3870 3869
f 3806 3807 3871
f 3806 3871 3870
f 3807 3808 3872
f 3807 3872 3871
f 3808 3809 3873
f 3808 3873 3872
f 3809 3810 3874
f 3809 3874 3873
f 3810 3811 3875
f 3810 3875 3874
f 3811 3812 3876
f 3811 3876 3875
f 3812 3813 3877
f 3812 3877 3876
f 3813 3814 3878
f 3813 3878 3877
f 3814 3815 3879
f 3814 3879 3878
f 3815 3816 3880
f 3815 3880 3879
f 3816 3817 3881
f 3816 3881 3880
f 3817 3818 3882
f 3817 3882 3881
f 3818 3819 3883
f 3818 3883 3882
f 3819 3820 3884
f 3819 3884 3883
f 3820 3821 3885
f 3820 3885 3884
f 3821 3822 3886
f 3821 3886 3885
f 3822 3823 3887
f 3822 3887 3886
f 3823 3824 3888
f 3823 3888 3887
f 3824 3825 3889
f 3824 3889 3888
f 3825 3826 3890
f 3825 3890 3889
f 3826 3827 3891
f 3826 3891 3890
f 3827 3828 3892
f 3827 3892 3891
f 3828 3829 3893
f 3828 3893 3892
f 3829 3830 3894
f 3829 3894 3893
f 3830 3831 3895
f 3830 3895 3894
f 3831 3832 3896
f 3831 3896 3895
f 3832 3833 3897
f 3832 3897 3896
f 3833 3834 3898
f 3833 3898 3897
f 3834 3835 3899
f 3834 3899 3898
f 3835 3836 3900
f 3835 3900 3899
f 3836 3837 3901
f 3836 3901 3900
f 3837 3838 3902
f 3837 3902 3901
f 3838 3839 3903
f 3838 3903 3902
f 3839 3840 3904
f 3839 3904 3903
f 3840 3777 3841
f 3840 3841 3904
f 3841 3842 3906
f 3841 3906 3905
f 3842 3843 3907
f 3842 3907 3906
f 3843 3844 3908
f 3843 3908 3907
f 3844 3845 3909
f 3844 3909 3908
f 3845 3846 3910
f 3845 3910 3909
f 3846 3847 3911
f 3846 3911 3910
f 3847 3848 3912
f 3847 3912 3911
f 3848 3849 3913
f 3848 3913 3912
f 3849 3850 3914
f 3849 3914 3913
f 3850 3851 3915
f 3850 3915 3914
f 3851 3852 3916
f 3851 3916 3915
f 3852 3853 3917
f 3852 3917 3916
f 3853 3854 3918
f 3853 3918 3917
f 3854 3855 3919
f 3854 3919 3918
f 3855 3856 3920
f 3855 3920 3919
f 3856 3857 3921
f 3856 3921 3920
f 3857 3858 3922
f 3857 3922 3921
f 3858 3859 3923
f 3858 3923 3922
f 3859 3860 3924
f 3859 3924 3923
f 3860 3861 3925
f 3860 3925 3924
f 3861 3862 3926
f 3861 3926 3925
f 3862 3863 3927
f 3862 3927 3926
f 3863 3864 3928
f 3863 3928 3927
f 3864 3865 3929
f 3864 3929 3928
f 3865 3866 3930
f 3865 3930 3929
f 3866 3867 3931
f 3866 3931 3930
f 3867 3868 3932
f 3867 3932 3931
f 3868 3869 3933
f 3868 3933 3932
f 3869 3870 3934
f 3869 3934 3933
f 3870 3871 3935
f 3870 3935 3934
f 3871 3872 3936
f 3871 3936 3935
f 3872 3873 3937
f 3872 3937 3936
f 3873 3874 3938
f 3873 3938 3937
f 3874 3875 3939
f 3874 3939 3938
f 3875 3876 3940
f 3875 3940 3939
f 3876 3877 3941
f 3876 3941 3940
f 3877 3878 3942
f 3877 3942 3941
f 3878 3879 3943
f 3878 3943 3942
f 3879 3880 3944
f 3879 3944 3943
f 3880 3881 3945
f 3880 3945 3944
f 3881 3882 3946
f 3881 3946 3945
f 3882 3883 3947
f 3882 3947 3946
f 3883 3884 3948
f 3883 3948 3947
f 3884 3885 3949
f 3884 3949 3948
f 3885 3886 3950
f 3885 3950 3949
f 3886 3887 3951
f 3886 3951 3950
f 3887 3888 3952
f 3887 3952 3951
f 3888 3889 3953
f 3888 3953 3952
f 3889 3890 3954
f 3889 3954 3953
f 3890 3891 3955
f 3890 3955 3954
f 3891 3892 3956
f 3891 3956 3955
f 3892 3893 3957
f 3892 3957 3956
f 3893 3894 3958
f 3893 3958 3957
f 3894 3895 3959
f 3894 3959 3958
f 3895 3896 3960
f 3895 3960 3959
f 3896 3897 3961
f 3896 3961 3960
f 3897 3898 3962
f 3897 3962 3961
f 3898 3899 3963
f 3898 3963 3962
f 3899 3900 3964
f 3899 3964 3963
f 3900 3901 3965
f 3900 3965 3964
f 3901 3902 3966
f 3901 3966 3965
f 3902 3903 3967
f 3902 3967 3966
f 3903 3904 3968
f 3903 3968 3967
f 3904 3841 3905
f 3904 3905 3968
f 3905 3906 3970
f 3905 3970 3969
f 3906 3907 3971
f 3906 3971 3970
f 3907 3908 3972
f 3907 3972 3971
f 3908 3909 3973
f 3908 3973 3972
f 3909 3910 3974
f 3909 3974 3973
f 3910 3911 3975
f 3910 3975 3974
f 3911 3912 3976
f 3911 3976 3975
f 3912 3913 3977
f 3912 3977 3976
f 3913 3914 3978
f 3913 3978 3977
f 3914 3915 3979
f 3914 3979 3978
f 3915 3916 3980
f 3915 3980 3979
f 3916 3917 3981
f 3916 3981 3980
f 3917 3918 3982
f 3917 3982 3981
f 3918 3919 3983
f 3918 3983 3982
f 3919 3920 3984
f 3919 3984 3983
f 3920 3921 3985
f 3920 3985 3984
f 3921 3922 3986
f 3921 3986 3985
f 3922 3923 3987
f 3922 3987 3986
f 3923 3924 3988
f 3923 3988 3987
f 3924 3925 3989
f 3924 3989 3988
f 3925 3926 3990
f 3925 3990 3989
f 3926 3927 3991
f 3926 3991 3990
f 3927 3928 3992
f 3927 3992 3991
f 3928 3929 3993
f 3928 3993 3992
f 3929 3930 3994
f 3929 3994 3993
f 3930 3931 3995
f 3930 3995 3994
f 3931 3932 3996
f 3931 3996 3995
f 3932 3933 3997
f 3932 3997 3996
f 3933 3934 3998
f 3933 3998 3997
f 3934 3935 3999
f 3934 3999 3998
f 3935 3936 4000
f 3935 4000 3999
f 3936 3937 4001
f 3936 4001 4000
f 3937 3938 4002
f 3937 4002 4001
f 3938 3939 4003
f 3938 4003 4002
f 3939 3940 4004
f 3939 4004 4003
f 3940 3941 4005
f 3940 4005 4004
f 3941 3942 4006
f 3941 4006 4005
f 3942 3943 4007
f 3942 4007 4006
f 3943 3944 4008
f 3943 4008 4007
f 3944 3945 4009
f 3944 4009 4008
f 3945 3946 4010
f 3945 4010 4009
f 3946 3947 4011
f 3946 4011 4010
f 3947 3948 4012
f 3947 4012 4011
f 3948 3949 4013
f 3948 4013 4012
f 3949 3950 4014
f 3949 4014 4013
f 3950 3951 4015
f 3950 4015 4014
f 3951 3952 4016
f 3951 4016 4015
f 3952 3953 4017
f 3952 4017 4016
f 3953 3954 4018
f 3953 4018 4017
f 3954 3955 4019
f 3954 4019 4018
f 3955 3956 4020
f 3955 4020 4019
f 3956 3957 4021
f 3956 4021 4020
f 3957 3958 4022
f 3957 4022 4021
f 3958 3959 4023
f 3958 4023 4022
f 3959 3960 4024
f 3959 4024 4023
f 3960 3961 4025
f 3960 4025 4024
f 3961 3962 4026
f 3961 4026 4025
f 3962 3963 4027
f 3962 4027 4026
f 3963 3964 4028
f 3963 4028 4027
f 3964 3965 4029
f 3964 4029 4028
f 3965 3966 4030
f 3965 4030 4029
f 3966 3967 4031
f 3966 4031 4030
f 3967 3968 4032
f 3967 4032 4031
f 3968 3905 3969
f 3968 3969 4032
f 3969 3970 4034
f 3969 4034 4033
f 3970 3971 4035
f 3970 4035 4034
f 3971 3972 4036
f 3971 4036 4035
f 3972 3973 4037
f 3972 4037 4036
f 3973 3974 4038
f 3973 4038 4037
f 3974 3975 4039
f 3974 4039 4038
f 3975 3976 4040
f 3975 4040 4039
f 3976 3977 4041
f 3976 4041 4040
f 3977 3978 4042
f 3977 4042 4041
f 3978 3979 4043
f 3978 4043 4042
f 3979 3980 4044
f 3979 4044 4043
f 3980 3981 4045
f 3980 4045 4044
f 3981 3982 4046
f 3981 4046 4045
f 3982 3983 4047
f 3982 4047 4046
f 3983 3984 4048
f 3983 4048 4047
f 3984 3985 4049
f 3984 4049 4048
f 3985 3986 4050
f 3985 4050 4049
f 3986 3987 4051
f 3986 4051 4050
f 3987 3988 4052
f 3987 4052 4051
f 3988 3989 4053
f 3988 4053 4052
f 3989 3990 4054
f 3989 4054 4053
f 3990 3991 4055
f 3990 4055 4054
f 3991 3992 4056
f 3991 4056 4055
f 3992 3993 4057
f 3992 4057 4056
f 3993 3994 4058
f 3993 4058 4057
f 3994 3995 4059
f 3994 4059 4058
f 3995 3996 4060
f 3995 4060 4059
f 3996 3997 4061
f 3996 4061 4060
f 3997 3998 4062
f 3997 4062 4061
f 3998 3999 4063
f 3998 4063 4062
f 3999 4000 4064
f 3999 4064 4063
f 4000 4001 4065
f 4000 4065 4064
f 4001 4002 4066
f 4001 4066 4065
f 4002 4003 4067
f 4002 4067 4066
f 4003 4004 4068
f 4003 4068 4067
f 4004 4005 4069
f 4004 4069 4068
f 4005 4006 4070
f 4005 4070 4069
f 4006 4007 4071
f 4006 4071 4070
f 4007 4008 4072
f 4007 4072 4071
f 4008 4009 4073
f 4008 4073 4072
f 4009 4010 4074
f 4009 4074 4073
f 4010 4011 4075
f 4010 4075 4074
f 4011 4012 4076
f 4011 4076 4075
f 4012 4013 4077
f 4012 4077 4076
f 4013 4014 4078
f 4013 4078 4077
f 4014 4015 4079
f 4014 4079 4078
f 4015 4016 4080
f 4015 4080 4079
f 4016 4017 4081
f 4016 4081 4080
f 4017 4018 4082
f 4017 4082 4081
f 4018 4019 4083
f 4018 4083 4082
f 4019 4020 4084
f 4019 4084 4083
f 4020 4021 4085
f 4020 4085 4084
f 4021 4022 4086
f 4021 4086 4085
f 4022 4023 4087
f 4022 4087 4086
f 4023 4024 4088
f 4023 4088 4087
f 4024 4025 4089
f 4024 4089 4088
f 4025 4026 4090
f 4025 4090 4089
f 4026 4027 4091
f 4026 4091 4090
f 4027 4028 4092
f 4027 4092 4091
f 4028 4029 4093
f 4028 4093 4092
f 4029 4030 4094
f 4029 4094 4093
f 4030 4031 4095
f 4030 4095 4094
f 4031 4032 4096
f 4031 4096 4095
f 4032 3969 4033
f 4032 4033 4096
f 4033 4034 4098
f 4033 4098 4097
f 4034 4035 4099
f 4034 4099 4098
f 4035 4036 4100
f 4035 4100 4099
f 4036 4037 4101
f 4036 4101 4100
f 4037 4038 4102
f 4037 4102 4101
f 4038 4039 4103
f 4038 4103 4102
f 4039 4040 4104
f 4039 4104 4103
f 4040 4041 4105
f 4040 4105 4104
f 4041 4042 4106
f 4041 4106 4105
f 4042 4043 4107
f 4042 4107 4106
f 4043 4044 4108
f 4043 4108 4107
f 4044 4045 4109
f 4044 4109 4108
f 4045 4046 4110
f 4045 4110 4109
f 4046 4047 4111
f 4046 4111 4110
f 4047 4048 4112
f 4047 4112 4111
f 4048 4049 4113
f 4048 4113 4112
f 4049 4050 4114
f 4049 4114 4113
f 4050 4051 4115
f 4050 4115 4114
f 4051 4052 4116
f 4051 4116 4115
f 4052 4053 4117
f 4052 4117 4116
f 4053 4054 4118
f 4053 4118 4117
f 4054 4055 4119
f 4054 4119 4118
f 4055 4056 4120
f 4055 4120 4119
f 4056 4057 4121
f 4056 4121 4120
f 4057 4058 4122
f 4057 4122 4121
f 4058 4059 4123
f 4058 4123 4122
f 4059 4060 4124
f 4059 4124 4123
f 4060 4061 4125
f 4060 4125 4124
f 4061 4062 4126
f 4061 4126 4125
f 4062 4063 4127
f 4062 4127 4126
f 4063 4064 4128
f 4063 4128 4127
f 4064 4065 4129
f 4064 4129 4128
f 4065 4066 4130
f 4065 4130 4129
f 4066 4067 4131
f 4066 4131 4130
f 4067 4068 4132
f 4067 4132 4131
f 4068 4069 4133
f 4068 4133 4132
f 4069 4070 4134
f 4069 4134 4133
f 4070 4071 4135
f 4070 4135 4134
f 4071 4072 4136
f 4071 4136 4135
f 4072 4073 4137
f 4072 4137 4136
f 4073 4074 4138
f 4073 4138 4137
f 4074 4075 4139
f 4074 4139 4138
f 4075 4076 4140
f 4075 4140 4139
f 4076 4077 4141
f 4076 4141 4140
f 4077 4078 4142
f 4077 4142 4141
f 4078 4079 4143
f 4078 4143 4142
f 4079 4080 4144
f 4079 4144 4143
f 4080 4081 4145
f 4080 4145 4144
f 4081 4082 4146
f 4081 4146 4145
f 4082 4083 4147
f 4082 4147 4146
f 4083 4084 4148
f 4083 4148 4147
f 4084 4085 4149
f 4084 4149 4148
f 4085 4086 4150
f 4085 4150 4149
f 4086 4087 4151
f 4086 4151 4150
f 4087 4088 4152
f 4087 4152 4151
f 4088 4089 4153
f 4088 4153 4152
f 4089 4090 4154
f 4089 4154 4153
f 4090 4091 4155
f 4090 4155 4154
f 4091 4092 4156
f 4091 4156 4155
f 4092 4093 4157
f 4092 4157 4156
f 4093 4094 4158
f 4093 4158 4157
f 4094 4095 4159
f 4094 4159 4158
f 4095 4096 4160
f 4095 4160 4159
f 4096 4033 4097
f 4096 4097 4160
f 4097 4098 4162
f 4097 4162 4161
f 4098 4099 4163
f 4098 4163 4162
f 4099 4100 4164
f 4099 4164 4163
f 4100 4101 4165
f 4100 4165 4164
f 4101 4102 4166
f 4101 4166 4165
f 4102 4103 4167
f 4102 4167 4166
f 4103 4104 4168
f 4103 4168 4167
f 4104 4105 4169
f 4104 4169 4168
f 4105 4106 4170
f 4105 4170 4169
f 4106 4107 4171
f 4106 4171 4170
f 4107 4108 4172
f 4107 4172 4171
f 4108 4109 4173
f 4108 4173 4172
f 4109 4110 4174
f 4109 4174 4173
f 4110 4111 4175
f 4110 4175 4174
f 4111 4112 4176
f 4111 4176 4175
f 4112 4113 4177
f 4112 4177 4176
f 4113 4114 4178
f 4113 4178 4177
f 4114 4115 4179
f 4114 4179 4178
f 4115 4116 4180
f 4115 4180 4179
f 4116 4117 4181
f 4116 4181 4180
f 4117 4118 4182
f 4117 4182 4181
f 4118 4119 4183
f 4118 4183 4182
f 4119 4120 4184
f 4119 4184 4183
f 4120 4121 4185
f 4120 4185 4184
f 4121 4122 4186
f 4121 4186 4185
f 4122 4123 4187
f 4122 4187 4186
f 4123 4124 4188
f 4123 4188 4187
f 4124 4125 4189
f 4124 4189 4188
f 4125 4126 4190
f 4125 4190 4189
f 4126 4127 4191
f 4126 4191 4190
f 4127 4128 4192
f 4127 4192 4191
f 4128 4129 4193
f 4128 4193 4192
f 4129 4130 4194
f 4129 4194 4193
f 4130 4131 4195
f 4130 4195 4194
f 4131 4132 4196
f 4131 4196 4195
f 4132 4133 4197
f 4132 4197 4196
f 4133 4134 4198
f 4133 4198 4197
f 4134 4135 4199
f 4134 4199 4198
f 4135 4136 4200
f 4135 4200 4199
f 4136 4137 4201
f 4136 4201 4200
f 4137 4138 4202
f 4137 4202 4201
f 4138 4139 4203
f 4138 4203 4202
f 4139 4140 4204
f 4139 4204 4203
f 4140 4141 4205
f 4140 4205 4204
f 4141 4142 4206
f 4141 4206 4205
f 4142 4143 4207
f 4142 4207 4206
f 4143 4144 4208
f 4143 4208 4207
f 4144 4145 4209
f 4144 4209 4208
f 4145 4146 4210
f 4145 4210 4209
f 4146 4147 4211
f 4146 4211 4210
f 4147 4148 4212
f 4147 4212 4211
f 4148 4149 4213
f 4148 4213 4212
f 4149 4150 4214
f 4149 4214 4213
f 4150 4151 4215
f 4150 4215 4214
f 4151 4152 4216
f 4151 4216 4215
f 4152 4153 4217
f 4152 4217 4216
f 4153 4154 4218
f 4153 4218 4217
f 4154 4155 4219
f 4154 4219 4218
f 4155 4156 4220
f 4155 4220 4219
f 4156 4157 4221
f 4156 4221 4220
f 4157 4158 4222
f 4157 4222 4221
f 4158 4159 4223
f 4158 4223 4222
f 4159 4160 4224
f 4159 4224 4223
f 4160 4097 4161
f 4160 4161 4224
f 4161 4162 4226
f 4161 4226 4225
f 4162 4163 4227
f 4162 4227 4226
f 4163 4164 4228
f 4163 4228 4227
f 4164 4165 4229
f 4164 4229 4228
f 4165 4166 4230
f 4165 4230 4229
f 4166 4167 4231
f 4166 4231 4230
f 4167 4168 4232
f 4167 4232 4231
f 4168 4169 4233
f 4168 4233 4232
f 4169 4170 4234
f 4169 4234 4233
f 4170 4171 4235
f 4170 4235 4234
f 4171 4172 4236
f 4171 4236 4235
f 4172 4173 4237
f 4172 4237 4236
f 4173 4174 4238
f 4173 4238 4237
f 4174 4175 4239
f 4174 4239 4238
f 4175 4176 4240
f 4175 4240 4239
f 4176 4177 4241
f 4176 4241 4240
f 4177 4178 4242
f 4177 4242 4241
f 4178 4179 4243
f 4178 4243 4242
f 4179 4180 4244
f 4179 4244 4243
f 4180 4181 4245
f 4180 4245 4244
f 4181 4182 4246
f 4181 4246 4245
f 4182 4183 4247
f 4182 4247 4246
f 4183 4184 4248
f 4183 4248 4247
f 4184 4185 4249
f 4184 4249 4248
f 4185 4186 4250
f 4185 4250 4249
f 4186 4187 4251
f 4186 4251 4250
f 4187 4188 4252
f 4187 4252 4251
f 4188 4189 4253
f 4188 4253 4252
f 4189 4190 4254
f 4189 4254 4253
f 4190 4191 4255
f 4190 4255 4254
f 4191 4192 4256
f 4191 4256 4255
f 4192 4193 4257
f 4192 4257 4256
f 4193 4194 4258
f 4193 4258 4257
f 4194 4195 4259
f 4194 4259 4258
f 4195 4196 4260
f 4195 4260 4259
f 4196 4197 4261
f 4196 4261 4260
f 4197 4198 4262
f 4197 4262 4261
f 4198 4199 4263
f 4198 4263 4262
f 4199 4200 4264
f 4199 4264 4263
f 4200 4201 4265
f 4200 4265 4264
f 4201 4202 4266
f 4201 4266 4265
f 4202 4203 4267
f 4202 4267 4266
f 4203 4204 4268
f 4203 4268 4267
f 4204 4205 4269
f 4204 4269 4268
f 4205 4206 4270
f 4205 4270 4269
f 4206 4207 4271
f 4206 4271 4270
f 4207 4208 4272
f 4207 4272 4271
f 4208 4209 4273
f 4208 4273 4272
f 4209 4210 4274
f 4209 4274 4273
f 4210 4211 4275
f 4210 4275 4274
f 4211 4212 4276
f 4211 4276 4275
f 4212 4213 4277
f 4212 4277 4276
f 4213 4214 4278
f 4213 4278 4277
f 4214 4215 4279
f 4214 4279 4278
f 4215 4216 4280
f 4215 4280 4279
f 4216 4217 4281
f 4216 4281 4280
f 4217 4218 4282
f 4217 4282 4281
f 4218 4219 4283
f 4218 4283 4282
f 4219 4220 4284
f 4219 4284 4283
f 4220 4221 4285
f 4220 4285 4284
f 4221 4222 4286
f 4221 4286 4285
f 4222 4223 4287
f 4222 4287 4286
f 4223 4224 4288
f 4223 4288 4287
f 4224 4161 4225
f 4224 4225 4288
f 4225 4226 4290
f 4225 4290 4289
f 4226 4227 4291
f 4226 4291 4290
f 4227 4228 4292
f 4227 4292 4291
f 4228 4229 4293
f 4228 4293 4292
f 4229 4230 4294
f 4229 4294 4293
f 4230 4231 4295
f 4230 4295 4294
f 4231 4232 4296
f 4231 4296 4295
f 4232 4233 4297
f 4232 4297 4296
f 4233 4234 4298
f 4233 4298 4297
f 4234 4235 4299
f 4234 4299 4298
f 4235 4236 4300
f 4235 4300 4299
f 4236 4237 4301
f 4236 4301 4300
f 4237 4238 4302
f 4237 4302 4301
f 4238 4239 4303
f 4238 4303 4302
f 4239 4240 4304
f 4239 4304 4303
f 4240 4241 4305
f 4240 4305 4304
f 4241 4242 4306
f 4241 4306 4305
f 4242 4243 4307
f 4242 4307 4306
f 4243 4244 4308
f 4243 4308 4307
f 4244 4245 4309
f 4244 4309 4308
f 4245 4246 4310
f 4245 4310 4309
f 4246 4247 4311
f 4246 4311 4310
f 4247 4248 4312
f 4247 4312 4311
f 4248 4249 4313
f 4248 4313 4312
f 4249 4250 4314
f 4249 4314 4313
f 4250 4251 4315
f 4250 4315 4314
f 4251 4252 4316
f 4251 4316 4315
f 4252 4253 4317
f 4252 4317 4316
f 4253 4254 4318
f 4253 4318 4317
f 4254 4255 4319
f 4254 4319 4318
f 4255 4256 4320
f 4255 4320 4319
f 4256 4257 4321
f 4256 4321 4320
f 4257 4258 4322
f 4257 4322 4321
f 4258 4259 4323
f 4258 4323 4322
f 4259 4260 4324
f 4259 4324 4323
f 4260 4261 4325
f 4260 4325 4324
f 4261 4262 4326
f 4261 4326 4325
f 4262 4263 4327
f 4262 4327 4326
f 4263 4264 4328
f 4263 4328 4327
f 4264 4265 4329
f 4264 4329 4328
f 4265 4266 4330
f 4265 4330 4329
f 4266 4267 4331
f 4266 4331 4330
f 4267 4268 4332
f 4267 4332 4331
f 4268 4269 4333
f 4268 4333 4332
f 4269 4270 4334
f 4269 4334 4333
f 4270 4271 4335
f 4270 4335 4334
f 4271 4272 4336
f 4271 4336 4335
f 4272 4273 4337
f 4272 4337 4336
f 4273 4274 4338
f 4273 4338 4337
f 4274 4275 4339
f 4274 4339 4338
f 4275 4276 4340
f 4275 4340 4339
f 4276 4277 4341
f 4276 4341 4340
f 4277 4278 4342
f 4277 4342 4341
f 4278 4279 4343
f 4278 4343 4342
f 4279 4280 4344
f 4279 4344 4343
f 4280 4281 4345
f 4280 4345 4344
f 4281 4282 4346
f 4281 4346 4345
f 4282 4283 4347
f 4282 4347 4346
f 4283 4284 4348
f 4283 4348 4347
f 4284 4285 4349
f 4284 4349 4348
f 4285 4286 4350
f 4285 4350 4349
f 4286 4287 4351
f 4286 4351 4350
f 4287 4288 4352
f 4287 4352 4351
f 4288 4225 4289
f 4288 4289 4352
f 4289 4290 4354
f 4289 4354 4353
f 4290 4291 4355
f 4290 4355 4354
f 4291 4292 4356
f 4291 4356 4355
f 4292 4293 4357
f 4292 4357 4356
f 4293 4294 4358
f 4293 4358 4357
f 4294 4295 4359
f 4294 4359 4358
f 4295 4296 4360
f 4295 4360 4359
f 4296 4297 4361
f 4296 4361 4360
f 4297 4298 4362
f 4297 4362 4361
f 4298 4299 4363
f 4298 4363 4362
f 4299 4300 4364
f 4299 4364 4363
f 4300 4301 4365
f 4300 4365 4364
f 4301 4302 4366
f 4301 4366 4365
f 4302 4303 4367
f 4302 4367 4366
f 4303 4304 4368
f 4303 4368 4367
f 4304 4305 4369
f 4304 4369 4368
f 4305 4306 4370
f 4305 4370 4369
f 4306 4307 4371
f 4306 4371 4370
f 4307 4308 4372
f 4307 4372 4371
f 4308 4309 4373
f 4308 4373 4372
f 4309 4310 4374
f 4309 4374 4373
f 4310 4311 4375
f 4310 4375 4374
f 4311 4312 4376
f 4311 4376 4375
f 4312 4313 4377
f 4312 4377 4376
f 4313 4314 4378
f 4313 4378 4377
f 4314 4315 4379
f 4314 4379 4378
f 4315 4316 4380
f 4315 4380 4379
f 4316 4317 4381
f 4316 4381 4380
f 4317 4318 4382
f 4317 4382 4381
f 4318 4319 4383
f 4318 4383 4382
f 4319 4320 4384
f 4319 4384 4383
f 4320 4321 4385
f 4320 4385 4384
f 4321 4322 4386
f 4321 4386 4385
f 4322 4323 4387
f 4322 4387 4386
f 4323 4324 4388
f 4323 4388 4387
f 4324 4325 4389
f 4324 4389 4388
f 4325 4326 4390
f 4325 4390 4389
f 4326 4327 4391
f 4326 4391 4390
f 4327 4328 4392
f 4327 4392 4391
f 4328 4329 4393
f 4328 4393 4392
f 4329 4330 4394
f 4329 4394 4393
f 4330 4331 4395
f 4330 4395 4394
f 4331 4332 4396
f 4331 4396 4395
f 4332 4333 4397
f 4332 4397 4396
f 4333 4334 4398
f 4333 4398 4397
f 4334 4335 4399
f 4334 4399 4398
f 4335 4336 4400
f 4335 4400 4399
f 4336 4337 4401
f 4336 4401 4400
f 4337 4338 4402
f 4337 4402 4401
f 4338 4339 4403
f 4338 4403 4402
f 4339 4340 4404
f 4339 4404 4403
f 4340 4341 4405
f 4340 4405 4404
f 4341 4342 4406
f 4341 4406 4405
f 4342 4343 4407
f 4342 4407 4406
f 4343 4344 4408
f 4343 4408 4407
f 4344 4345 4409
f 4344 4409 4408
f 4345 4346 4410
f 4345 4410 4409
f 4346 4347 4411
f 4346 4411 4410
f 4347 4348 4412
f 4347 4412 4411
f 4348 4349 4413
f 4348 4413 4412
f 4349 4350 4414
f 4349 4414 4413
f 4350 4351 4415
f 4350 4415 4414
f 4351 4352 4416
f 4351 4416 4415
f 4352 4289 4353
f 4352 4353 4416
f 4353 4354 4418
f 4353 4418 4417
f 4354 4355 4419
f 4354 4419 4418
f 4355 4356 4420
f 4355 4420 4419
f 4356 4357 4421
f 4356 4421 4420
f 4357 4358 4422
f 4357 4422 4421
f 4358 4359 4423
f 4358 4423 4422
f 4359 4360 4424
f 4359 4424 4423
f 4360 4361 4425
f 4360 4425 4424
f 4361 4362 4426
f 4361 4426 4425
f 4362 4363 4427
f 4362 4427 4426
f 4363 4364 4428
f 4363 4428 4427
f 4364 4365 4429
f 4364 4429 4428
f 4365 4366 4430
f 4365 4430 4429
f 4366 4367 4431
f 4366 4431 4430
f 4367 4368 4432
f 4367 4432 4431
f 4368 4369 4433
f 4368 4433 4432
f 4369 4370 4434
f 4369 4434 4433
f 4370 4371 4435
f 4370 4435 4434
f 4371 4372 4436
f 4371 4436 4435
f 4372 4373 4437
f 4372 4437 4436
f 4373 4374 4438
f 4373 4438 4437
f 4374 4375 4439
f 4374 4439 4438
f 4375 4376 4440
f 4375 4440 4439
f 4376 4377 4441
f 4376 4441 4440
f 4377 4378 4442
f 4377 4442 4441
f 4378 4379 4443
f 4378 4443 4442
f 4379 4380 4444
f 4379 4444 4443
f 4380 4381 4445
f 4380 4445 4444
f 4381 4382 4446
f 4381 4446 4445
f 4382 4383 4447
f 4382 4447 4446
f 4383 4384 4448
f 4383 4448 4447
f 4384 4385 4449
f 4384 4449 4448
f 4385 4386 4450
f 4385 4450 4449
f 4386 4387 4451
f 4386 4451 4450
f 4387 4388 4452
f 4387 4452 4451
f 4388 4389 4453
f 4388 4453 4452
f 4389 4390 4454
f 4389 4454 4453
f 4390 4391 4455
f 4390 4455 4454
f 4391 4392 4456
f 4391 4456 4455
f 4392 4393 4457
f 4392 4457 4456
f 4393 4394 4458
f 4393 4458 4457
f 4394 4395 4459
f 4394 4459 4458
f 4395 4396 4460
f 4395 4460 4459
f 4396 4397 4461
f 4396 4461 4460
f 4397 4398 4462
f 4397 4462 4461
f 4398 4399 4463
f 4398 4463 4462
f 4399 4400 4464
f 4399 4464 4463
f 4400 4401 4465
f 4400 4465 4464
f 4401 4402 4466
f 4401 4466 4465
f 4402 4403 4467
f 4402 4467 4466
f 4403 4404 4468
f 4403 4468 4467
f 4404 4405 4469
f 4404 4469 4468
f 4405 4406 4470
f 4405 4470 4469
f 4406 4407 4471
f 4406 4471 4470
f 4407 4408 4472
f 4407 4472 4471
f 4408 4409 4473
f 4408 4473 4472
f 4409 4410 4474
f 4409 4474 4473
f 4410 4411 4475
f 4410 4475 4474
f 4411 4412 4476
f 4411 4476 4475
f 4412 4413 4477
f 4412 4477 4476
f 4413 4414 4478
f 4413 4478 4477
f 4414 4415 4479
f 4414 4479 4478
f 4415 4416 4480
f 4415 4480 4479
f 4416 4353 4417
f 4416 4417 4480
f 4417 4418 4482
f 4417 4482 4481
f 4418 4419 4483
f 4418 4483 4482
f 4419 4420 4484
f 4419 4484 4483
f 4420 4421 4485
f 4420 4485 4484
f 4421 4422 4486
f 4421 4486 4485
f 4422 4423 4487
f 4422 4487 4486
f 4423 4424 4488
f 4423 4488 4487
f 4424 4425 4489
f 4424 4489 4488
f 4425 4426 4490
f 4425 4490 4489
f 4426 4427 4491
f 4426 4491 4490
f 4427 4428 4492
f 4427 4492 4491
f 4428 4429 4493
f 4428 4493 4492
f 4429 4430 4494
f 4429 4494 4493
f 4430 4431 4495
f 4430 4495 4494
f 4431 4432 4496
f 4431 4496 4495
f 4432 4433 4497
f 4432 4497 4496
f 4433 4434 4498
f 4433 4498 4497
f 4434 4435 4499
f 4434 4499 4498
f 4435 4436 4500
f 4435 4500 4499
f 4436 4437 4501
f 4436 4501 4500
f 4437 4438 4502
f 4437 4502 4501
f 4438 4439 4503
f 4438 4503 4502
f 4439 4440 4504
f 4439 4504 4503
f 4440 4441 4505
f 4440 4505 4504
f 4441 4442 4506
f 4441 4506 4505
f 4442 4443 4507
f 4442 4507 4506
f 4443 4444 4508
f 4443 4508 4507
f 4444 4445 4509
f 4444 4509 4508
f 4445 4446 4510
f 4445 4510 4509
f 4446 4447 4511
f 4446 4511 4510
f 4447 4448 4512
f 4447 4512 4511
f 4448 4449 4513
f 4448 4513 4512
f 4449 4450 4514
f 4449 4514 4513
f 4450 4451 4515
f 4450 4515 4514
f 4451 4452 4516
f 4451 4516 4515
f 4452 4453 4517
f 4452 4517 4516
f 4453 4454 4518
f 4453 4518 4517
f 4454 4455 4519
f 4454 4519 4518
f 4455 4456 4520
f 4455 4520 4519
f 4456 4457 4521
f 4456 4521 4520
f 4457 4458 4522
f 4457 4522 4521
f 4458 4459 4523
f 4458 4523 4522
f 4459 4460 4524
f 4459 4524 4523
f 4460 4461 4525
f 4460 4525 4524
f 4461 4462 4526
f 4461 4526 4525
f 4462 4463 4527
f 4462 4527 4526
f 4463 4464 4528
f 4463 4528 4527
f 4464 4465 4529
f 4464 4529 4528
f 4465 4466 4530
f 4465 4530 4529
f 4466 4467 4531
f 4466 4531 4530
f 4467 4468 4532
f 4467 4532 4531
f 4468 4469 4533
f 4468 4533 4532
f 4469 4470 4534
f 4469 4534 4533
f 4470 4471 4535
f 4470 4535 4534
f 4471 4472 4536
f 4471 4536 4535
f 4472 4473 4537
f 4472 4537 4536
f 4473 4474 4538
f 4473 4538 4537
f 4474 4475 4539
f 4474 4539 4538
f 4475 4476 4540
f 4475 4540 4539
f 4476 4477 4541
f 4476 4541 4540
f 4477 4478 4542
f 4477 4542 4541
f 4478 4479 4543
f 4478 4543 4542
f 4479 4480 4544
f 4479 4544 4543
f 4480 4417 4481
f 4480 4481 4544
f 4481 4482 4546
f 4481 4546 4545
f 4482 4483 4547
f 4482 4547 4546
f 4483 4484 4548
f 4483 4548 4547
f 4484 4485 4549
f 4484 4549 4548
f 4485 4486 4550
f 4485 4550 4549
f 4486 4487 4551
f 4486 4551 4550
f 4487 4488 4552
f 4487 4552 4551
f 4488 4489 4553
f 4488 4553 4552
f 4489 4490 4554
f 4489 4554 4553
f 4490 4491 4555
f 4490 4555 4554
f 4491 4492 4556
f 4491 4556 4555
f 4492 4493 4557
f 4492 4557 4556
f 4493 4494 4558
f 4493 4558 4557
f 4494 4495 4559
f 4494 4559 4558
f 4495 4496 4560
f 4495 4560 4559
f 4496 4497 4561
f 4496 4561 4560
f 4497 4498 4562
f 4497 4562 4561
f 4498 4499 4563
f 4498 4563 4562
f 4499 4500 4564
f 4499 4564 4563
f 4500 4501 4565
f 4500 4565 4564
f 4501 4502 4566
f 4501 4566 4565
f 4502 4503 4567
f 4502 4567 4566
f 4503 4504 4568
f 4503 4568 4567
f 4504 4505 4569
f 4504 4569 4568
f 4505 4506 4570
f 4505 4570 4569
f 4506 4507 4571
f 4506 4571 4570
f 4507 4508 4572
f 4507 4572 4571
f 4508 4509 4573
f 4508 4573 4572
f 4509 4510 4574
f 4509 4574 4573
f 4510 4511 4575
f 4510 4575 4574
f 4511 4512 4576
f 4511 4576 4575
f 4512 4513 4577
f 4512 4577 4576
f 4513 4514 4578
f 4513 4578 4577
f 4514 4515 4579
f 4514 4579 4578
f 4515 4516 4580
f 4515 4580 4579
f 4516 4517 4581
f 4516 4581 4580
f 4517 4518 4582
f 4517 4582 4581
f 4518 4519 4583
f 4518 4583 4582
f 4519 4520 4584
f 4519 4584 4583
f 4520 4521 4585
f 4520 4585 4584
f 4521 4522 4586
f 4521 4586 4585
f 4522 4523 4587
f 4522 4587 4586
f 4523 4524 4588
f 4523 4588 4587
f 4524 4525 4589
f 4524 4589 4588
f 4525 4526 4590
f 4525 4590 4589
f 4526 4527 4591
f 4526 4591 4590
f 4527 4528 4592
f 4527 4592 4591
f 4528 4529 4593
f 4528 4593 4592
f 4529 4530 4594
f 4529 4594 4593
f 4530 4531 4595
f 4530 4595 4594
f 4531 4532 4596
f 4531 4596 4595
f 4532 4533 4597
f 4532 4597 4596
f 4533 4534 4598
f 4533 4598 4597
f 4534 4535 4599
f 4534 4599 4598
f 4535 4536 4600
f 4535 4600 4599
f 4536 4537 4601
f 4536 4601 4600
f 4537 4538 4602
f 4537 4602 4601
f 4538 4539 4603
f 4538 4603 4602
f 4539 4540 4604
f 4539 4604 4603
f 4540 4541 4605
f 4540 4605 4604
f 4541 4542 4606
f 4541 4606 4605
f 4542 4543 4607
f 4542 4607 4606
f 4543 4544 4608
f 4543 4608 4607
f 4544 4481 4545
f 4544 4545 4608
f 4545 4546 4610
f 4545 4610 4609
f 4546 4547 4611
f 4546 4611 4610
f 4547 4548 4612
f 4547 4612 4611
f 4548 4549 4613
f 4548 4613 4612
f 4549 4550 4614
f 4549 4614 4613
f 4550 4551 4615
f 4550 4615 4614
f 4551 4552 4616
f 4551 4616 4615
f 4552 4553 4617
f 4552 4617 4616
f 4553 4554 4618
f 4553 4618 4617
f 4554 4555 4619
f 4554 4619 4618
f 4555 4556 4620
f 4555 4620 4619
f 4556 4557 4621
f 4556 4621 4620
f 4557 4558 4622
f 4557 4622 4621
f 4558 4559 4623
f 4558 4623 4622
f 4559 4560 4624
f 4559 4624 4623
f 4560 4561 4625
f 4560 4625 4624
f 4561 4562 4626
f 4561 4626 4625
f 4562 4563 4627
f 4562 4627 4626
f 4563 4564 4628
f 4563 4628 4627
f 4564 4565 4629
f 4564 4629 4628
f 4565 4566 4630
f 4565 4630 4629
f 4566 4567 4631
f 4566 4631 4630
f 4567 4568 4632
f 4567 4632 4631
f 4568 4569 4633
f 4568 4633 4632
f 4569 4570 4634
f 4569 4634 4633
f 4570 4571 4635
f 4570 4635 4634
f 4571 4572 4636
f 4571 4636 4635
f 4572 4573 4637
f 4572 4637 4636
f 4573 4574 4638
f 4573 4638 4637
f 4574 4575 4639
f 4574 4639 4638
f 4575 4576 4640
f 4575 4640 4639
f 4576 4577 4641
f 4576 4641 4640
f 4577 4578 4642
f 4577 4642 4641
f 4578 4579 4643
f 4578 4643 4642
f 4579 4580 4644
f 4579 4644 4643
f 4580 4581 4645
f 4580 4645 4644
f 4581 4582 4646
f 4581 4646 4645
f 4582 4583 4647
f 4582 4647 4646
f 4583 4584 4648
f 4583 4648 4647
f 4584 4585 4649
f 4584 4649 4648
f 4585 4586 4650
f 4585 4650 4649
f 4586 4587 4651
f 4586 4651 4650
f 4587 4588 4652
f 4587 4652 4651
f 4588 4589 4653
f 4588 4653 4652
f 4589 4590 4654
f 4589 4654 4653
f 4590 4591 4655
f 4590 4655 4654
f 4591 4592 4656
f 4591 4656 4655
f 4592 4593 4657
f 4592 4657 4656
f 4593 4594 4658
f 4593 4658 4657
f 4594 4595 4659
f 4594 4659 4658
f 4595 4596 4660
f 4595 4660 4659
f 4596 4597 4661
f 4596 4661 4660
f 4597 4598 4662
f 4597 4662 4661
f 4598 4599 4663
f 4598 4663 4662
f 4599 4600 4664
f 4599 4664 4663
f 4600 4601 4665
f 4600 4665 4664
f 4601 4602 4666
f 4601 4666 4665
f 4602 4603 4667
f 4602 4667 4666
f 4603 4604 4668
f 4603 4668 4667
f 4604 4605 4669
f 4604 4669 4668
f 4605 4606 4670
f 4605 4670 4669
f 4606 4607 4671
f 4606 4671 4670
f 4607 4608 4672
f 4607 4672 4671
f 4608 4545 4609
f 4608 4609 4672
f 4609 4610 4674
f 4609 4674 4673
f 4610 4611 4675
f 4610 4675 4674
f 4611 4612 4676
f 4611 4676 4675
f 4612 4613 4677
f 4612 4677 4676
f 4613 4614 4678
f 4613 4678 4677
f 4614 4615 4679
f 4614 4679 4678
f 4615 4616 4680
f 4615 4680 4679
f 4616 4617 4681
f 4616 4681 4680
f 4617 4618 4682
f 4617 4682 4681
f 4618 4619 4683
f 4618 4683 4682
f 4619 4620 4684
f 4619 4684 4683
f 4620 4621 4685
f 4620 4685 4684
f 4621 4622 4686
f 4621 4686 4685
f 4622 4623 4687
f 4622 4687 4686
f 4623 4624 4688
f 4623 4688 4687
f 4624 4625 4689
f 4624 4689 4688
f 4625 4626 4690
f 4625 4690 4689
f 4626 4627 4691
f 4626 4691 4690
f 4627 4628 4692
f 4627 4692 4691
f 4628 4629 4693
f 4628 4693 4692
f 4629 4630 4694
f 4629 4694 4693
f 4630 4631 4695
f 4630 4695 4694
f 4631 4632 4696
f 4631 4696 4695
f 4632 4633 4697
f 4632 4697 4696
f 4633 4634 4698
f 4633 4698 4697
f 4634 4635 4699
f 4634 4699 4698
f 4635 4636 4700
f 4635 4700 4699
f 4636 4637 4701
f 4636 4701 4700
f 4637 4638 4702
f 4637 4702 4701
f 4638 4639 4703
f 4638 4703 4702
f 4639 4640 4704
f 4639 4704 4703
f 4640 4641 4705
f 4640 4705 4704
f 4641 4642 4706
f 4641 4706 4705
f 4642 4643 4707
f 4642 4707 4706
f 4643 4644 4708
f 4643 4708 4707
f 4644 4645 4709
f 4644 4709 4708
f 4645 4646 4710
f 4645 4710 4709
f 4646 4647 4711
f 4646 4711 4710
f 4647 4648 4712
f 4647 4712 4711
f 4648 4649 4713
f 4648 4713 4712
f 4649 4650 4714
f 4649 4714 4713
f 4650 4651 4715
f 4650 4715 4714
f 4651 4652 4716
f 4651 4716 4715
f 4652 4653 4717
f 4652 4717 4716
f 4653 4654 4718
f 4653 4718 4717
f 4654 4655 4719
f 4654 4719 4718
f 4655 4656 4720
f 4655 4720 4719
f 4656 4657 4721
f 4656 4721 4720
f 4657 4658 4722
f 4657 4722 4721
f 4658 4659 4723
f 4658 4723 4722
f 4659 4660 4724
f 4659 4724 4723
f 4660 4661 4725
f 4660 4725 4724
f 4661 4662 4726
f 4661 4726 4725
f 4662 4663 4727
f 4662 4727 4726
f 4663 4664 4728
f 4663 4728 4727
f 4664 4665 4729
f 4664 4729 4728
f 4665 4666 4730
f 4665 4730 4729
f 4666 4667 4731
f 4666 4731 4730
f 4667 4668 4732
f 4667 4732 4731
f 4668 4669 4733
f 4668 4733 4732
f 4669 4670 4734
f 4669 4734 4733
f 4670 4671 4735
f 4670 4735 4734
f 4671 4672 4736
f 4671 4736 4735
f 4672 4609 4673
f 4672 4673 4736
f 4673 4674 4738
f 4673 4738 4737
f 4674 4675 4739
f 4674 4739 4738
f 4675 4676 4740
f 4675 4740 4739
f 4676 4677 4741
f 4676 4741 4740
f 4677 4678 4742
f 4677 4742 4741
f 4678 4679 4743
f 4678 4743 4742
f 4679 4680 4744
f 4679 4744 4743
f 4680 4681 4745
f 4680 4745 4744
f 4681 4682 4746
f 4681 4746 4745
f 4682 4683 4747
f 4682 4747 4746
f 4683 4684 4748
f 4683 4748 4747
f 4684 4685 4749
f 4684 4749 4748
f 4685 4686 4750
f 4685 4750 4749
f 4686 4687 4751
f 4686 4751 4750
f 4687 4688 4752
f 4687 4752 4751
f 4688 4689 4753
f 4688 4753 4752
f 4689 4690 4754
f 4689 4754 4753
f 4690 4691 4755
f 4690 4755 4754
f 4691 4692 4756
f 4691 4756 4755
f 4692 4693 4757
f 4692 4757 4756
f 4693 4694 4758
f 4693 4758 4757
f 4694 4695 4759
f 4694 4759 4758
f 4695 4696 4760
f 4695 4760 4759
f 4696 4697 4761
f 4696 4761 4760
f 4697 4698 4762
f 4697 4762 4761
f 4698 4699 4763
f 4698 4763 4762
f 4699 4700 4764
f 4699 4764 4763
f 4700 4701 4765
f 4700 4765 4764
f 4701 4702 4766
f 4701 4766 4765
f 4702 4703 4767
f 4702 4767 4766
f 4703 4704 4768
f 4703 4768 4767
f 4704 4705 4769
f 4704 4769 4768
f 4705 4706 4770
f 4705 4770 4769
f 4706 4707 4771
f 4706 4771 4770
f 4707 4708 4772
f 4707 4772 4771
f 4708 4709 4773
f 4708 4773 4772
f 4709 4710 4774
f 4709 4774 4773
f 4710 4711 4775
f 4710 4775 4774
f 4711 4712 4776
f 4711 4776 4775
f 4712 4713 4777
f 4712 4777 4776
f 4713 4714 4778
f 4713 4778 4777
f 4714 4715 4779
f 4714 4779 4778
f 4715 4716 4780
f 4715 4780 4779
f 4716 4717 4781
f 4716 4781 4780
f 4717 4718 4782
f 4717 4782 4781
f 4718 4719 4783
f 4718 4783 4782
f 4719 4720 4784
f 4719 4784 4783
f 4720 4721 4785
f 4720 4785 4784
f 4721 4722 4786
f 4721 4786 4785
f 4722 4723 4787
f 4722 4787 4786
f 4723 4724 4788
f 4723 4788 4787
f 4724 4725 4789
f 4724 4789 4788
f 4725 4726 4790
f 4725 4790 4789
f 4726 4727 4791
f 4726 4791 4790
f 4727 4728 4792
f 4727 4792 4791
f 4728 4729 4793
f 4728 4793 4792
f 4729 4730 4794
f 4729 4794 4793
f 4730 4731 4795
f 4730 4795 4794
f 4731 4732 4796
f 4731 4796 4795
f 4732 4733 4797
f 4732 4797 4796
f 4733 4734 4798
f 4733 4798 4797
f 4734 4735 4799
f 4734 4799 4798
f 4735 4736 4800
f 4735 4800 4799
f 4736 4673 4737
f 4736 4737 4800
f 4737 4738 4802
f 4737 4802 4801
f 4738 4739 4803
f 4738 4803 4802
f 4739 4740 4804
f 4739 4804 4803
f 4740 4741 4805
f 4740 4805 4804
f 4741 4742 4806
f 4741 4806 4805
f 4742 4743 4807
f 4742 4807 4806
f 4743 4744 4808
f 4743 4808 4807
f 4744 4745 4809
f 4744 4809 4808
f 4745 4746 4810
f 4745 4810 4809
f 4746 4747 4811
f 4746 4811 4810
f 4747 4748 4812
f 4747 4812 4811
f 4748 4749 4813
f 4748 4813 4812
f 4749 4750 4814
f 4749 4814 4813
f 4750 4751 4815
f 4750 4815 4814
f 4751 4752 4816
f 4751 4816 4815
f 4752 4753 4817
f 4752 4817 4816
f 4753 4754 4818
f 4753 4818 4817
f 4754 4755 4819
f 4754 4819 4818
f 4755 4756 4820
f 4755 4820 4819
f 4756 4757 4821
f 4756 4821 4820
f 4757 4758 4822
f 4757 4822 4821
f 4758 4759 4823
f 4758 4823 4822
f 4759 4760 4824
f 4759 4824 4823
f 4760 4761 4825
f 4760 4825 4824
f 4761 4762 4826
f 4761 4826 4825
f 4762 4763 4827
f 4762 4827 4826
f 4763 4764 4828
f 4763 4828 4827
f 4764 4765 4829
f 4764 4829 4828
f 4765 4766 4830
f 4765 4830 4829
f 4766 4767 4831
f 4766 4831 4830
f 4767 4768 4832
f 4767 4832 4831
f 4768 4769 4833
f 4768 4833 4832
f 4769 4770 4834
f 4769 4834 4833
f 4770 4771 4835
f 4770 4835 4834
f 4771 4772 4836
f 4771 4836 4835
f 4772 4773 4837
f 4772 4837 4836
f 4773 4774 4838
f 4773 4838 4837
f 4774 4775 4839
f 4774 4839 4838
f 4775 4776 4840
f 4775 4840 4839
f 4776 4777 4841
f 4776 4841 4840
f 4777 4778 4842
f 4777 4842 4841
f 4778 4779 4843
f 4778 4843 4842
f 4779 4780 4844
f 4779 4844 4843
f 4780 4781 4845
f 4780 4845 4844
f 4781 4782 4846
f 4781 4846 4845
f 4782 4783 4847
f 4782 4847 4846
f 4783 4784 4848
f 4783 4848 4847
f 4784 4785 4849
f 4784 4849 4848
f 4785 4786 4850
f 4785 4850 4849
f 4786 4787 4851
f 4786 4851 4850
f 4787 4788 4852
f 4787 4852 4851
f 4788 4789 4853
f 4788 4853 4852
f 4789 4790 4854
f 4789 4854 4853
f 4790 4791 4855
f 4790 4855 4854
f 4791 4792 4856
f 4791 4856 4855
f 4792 4793 4857
f 4792 4857 4856
f 4793 4794 4858
f 4793 4858 4857
f 4794 4795 4859
f 4794 4859 4858
f 4795 4796 4860
f 4795 4860 4859
f 4796 4797 4861
f 4796 4861 4860
f 4797 4798 4862
f 4797 4862 4861
f 4798 4799 4863
f 4798 4863 4862
f 4799 4800 4864
f 4799 4864 4863
f 4800 4737 4801
f 4800 4801 4864
f 4801 4802 4866
f 4801 4866 4865
f 4802 4803 4867
f 4802 4867 4866
f 4803 4804 4868
f 4803 4868 4867
f 4804 4805 4869
f 4804 4869 4868
f 4805 4806 4870
f 4805 4870 4869
f 4806 4807 4871
f 4806 4871 4870
f 4807 4808 4872
f 4807 4872 4871
f 4808 4809 4873
f 4808 4873 4872
f 4809 4810 4874
f 4809 4874 4873
f 4810 4811 4875
f 4810 4875 4874
f 4811 4812 4876
f 4811 4876 4875
f 4812 4813 4877
f 4812 4877 4876
f 4813 4814 4878
f 4813 4878 4877
f 4814 4815 4879
f 4814 4879 4878
f 4815 4816 4880
f 4815 4880 4879
f 4816 4817 4881
f 4816 4881 4880
f 4817 4818 4882
f 4817 4882 4881
f 4818 4819 4883
f 4818 4883 4882
f 4819 4820 4884
f 4819 4884 4883
f 4820 4821 4885
f 4820 4885 4884
f 4821 4822 4886
f 4821 4886 4885
f 4822 4823 4887
f 4822 4887 4886
f 4823 4824 4888
f 4823 4888 4887
f 4824 4825 4889
f 4824 4889 4888
f 4825 4826 4890
f 4825 4890 4889
f 4826 4827 4891
f 4826 4891 4890
f 4827 4828 4892
f 4827 4892 4891
f 4828 4829 4893
f 4828 4893 4892
f 4829 4830 4894
f 4829 4894 4893
f 4830 4831 4895
f 4830 4895 4894
f 4831 4832 4896
f 4831 4896 4895
f 4832 4833 4897
f 4832 4897 4896
f 4833 4834 4898
f 4833 4898 4897
f 4834 4835 4899
f 4834 4899 4898
f 4835 4836 4900
f 4835 4900 4899
f 4836 4837 4901
f 4836 4901 4900
f 4837 4838 4902
f 4837 4902 4901
f 4838 4839 4903
f 4838 4903 4902
f 4839 4840 4904
f 4839 4904 4903
f 4840 4841 4905
f 4840 4905 4904
f 4841 4842 4906
f 4841 4906 4905
f 4842 4843 4907
f 4842 4907 4906
f 4843 4844 4908
f 4843 4908 4907
f 4844 4845 4909
f 4844 4909 4908
f 4845 4846 4910
f 4845 4910 4909
f 4846 4847 4911
f 4846 4911 4910
f 4847 4848 4912
f 4847 4912 4911
f 4848 4849 4913
f 4848 4913 4912
f 4849 4850 4914
f 4849 4914 4913
f 4850 4851 4915
f 4850 4915 4914
f 4851 4852 4916
f 4851 4916 4915
f 4852 4853 4917
f 4852 4917 4916
f 4853 4854 4918
f 4853 4918 4917
f 4854 4855 4919
f 4854 4919 4918
f 4855 4856 4920
f 4855 4920 4919
f 4856 4857 4921
f 4856 4921 4920
f 4857 4858 4922
f 4857 4922 4921
f 4858 4859 4923
f 4858 4923 4922
f 4859 4860 4924
f 4859 4924 4923
f 4860 4861 4925
f 4860 4925 4924
f 4861 4862 4926
f 4861 4926 4925
f 4862 4863 4927
f 4862 4927 4926
f 4863 4864 4928
f 4863 4928 4927
f 4864 4801 4865
f 4864 4865 4928
f 4865 4866 4930
f 4865 4930 4929
f 4866 4867 4931
f 4866 4931 4930
f 4867 4868 4932
f 4867 4932 4931
f 4868 4869 4933
f 4868 4933 4932
f 4869 4870 4934
f 4869 4934 4933
f 4870 4871 4935
f 4870 4935 4934
f 4871 4872 4936
f 4871 4936 4935
f 4872 4873 4937
f 4872 4937 4936
f 4873 4874 4938
f 4873 4938 4937
f 4874 4875 4939
f 4874 4939 4938
f 4875 4876 4940
f 4875 4940 4939
f 4876 4877 4941
f 4876 4941 4940
f 4877 4878 4942
f 4877 4942 4941
f 4878 4879 4943
f 4878 4943 4942
f 4879 4880 4944
f 4879 4944 4943
f 4880 4881 4945
f 4880 4945 4944
f 4881 4882 4946
f 4881 4946 4945
f 4882 4883 4947
f 4882 4947 4946
f 4883 4884 4948
f 4883 4948 4947
f 4884 4885 4949
f 4884 4949 4948
f 4885 4886 4950
f 4885 4950 4949
f 4886 4887 4951
f 4886 4951 4950
f 4887 4888 4952
f 4887 4952 4951
f 4888 4889 4953
f 4888 4953 4952
f 4889 4890 4954
f 4889 4954 4953
f 4890 4891 4955
f 4890 4955 4954
f 4891 4892 4956
f 4891 4956 4955
f 4892 4893 4957
f 4892 4957 4956
f 4893 4894 4958
f 4893 4958 4957
f 4894 4895 4959
f 4894 4959 4958
f 4895 4896 4960
f 4895 4960 4959
f 4896 4897 4961
f 4896 4961 4960
f 4897 4898 4962
f 4897 4962 4961
f 4898 4899 4963
f 4898 4963 4962
f 4899 4900 4964
f 4899 4964 4963
f 4900 4901 4965
f 4900 4965 4964
f 4901 4902 4966
f 4901 4966 4965
f 4902 4903 4967
f 4902 4967 4966
f 4903 4904 4968
f 4903 4968 4967
f 4904 4905 4969
f 4904 4969 4968
f 4905 4906 4970
f 4905 4970 4969
f 4906 4907 4971
f 4906 4971 4970
f 4907 4908 4972
f 4907 4972 4971
f 4908 4909 4973
f 4908 4973 4972
f 4909 4910 4974
f 4909 4974 4973
f 4910 4911 4975
f 4910 4975 4974
f 4911 4912 4976
f 4911 4976 4975
f 4912 4913 4977
f 4912 4977 4976
f 4913 4914 4978
f 4913 4978 4977
f 4914 4915 4979
f 4914 4979 4978
f 4915 4916 4980
f 4915 4980 4979
f 4916 4917 4981
f 4916 4981 4980
f 4917 4918 4982
f 4917 4982 4981
f 4918 4919 4983
f 4918 4983 4982
f 4919 4920 4984
f 4919 4984 4983
f 4920 4921 4985
f 4920 4985 4984
f 4921 4922 4986
f 4921 4986 4985
f 4922 4923 4987
f 4922 4987 4986
f 4923 4924 4988
f 4923 4988 4987
f 4924 4925 4989
f 4924 4989 4988
f 4925 4926 4990
f 4925 4990 4989
f 4926 4927 4991
f 4926 4991 4990
f 4927 4928 4992
f 4927 4992 4991
f 4928 4865 4929
f 4928 4929 4992
f 4929 4930 4994
f 4929 4994 4993
f 4930 4931 4995
f 4930 4995 4994
f 4931 4932 4996
f 4931 4996 4995
f 4932 4933 4997
f 4932 4997 4996
f 4933 4934 4998
f 4933 4998 4997
f 4934 4935 4999
f 4934 4999 4998
f 4935 4936 5000
f 4935 5000 4999
f 4936 4937 5001
f 4936 5001 5000
f 4937 4938 5002
f 4937 5002 5001
f 4938 4939 5003
f 4938 5003 5002
f 4939 4940 5004
f 4939 5004 5003
f 4940 4941 5005
f 4940 5005 5004
f 4941 4942 5006
f 4941 5006 5005
f 4942 4943 5007
f 4942 5007 5006
f 4943 4944 5008
f 4943 5008 5007
f 4944 4945 5009
f 4944 5009 5008
f 4945 4946 5010
f 4945 5010 5009
f 4946 4947 5011
f 4946 5011 5010
f 4947 4948 5012
f 4947 5012 5011
f 4948 4949 5013
f 4948 5013 5012
f 4949 4950 5014
f 4949 5014 5013
f 4950 4951 5015
f 4950 5015 5014
f 4951 4952 5016
f 4951 5016 5015
f 4952 4953 5017
f 4952 5017 5016
f 4953 4954 5018
f 4953 5018 5017
f 4954 4955 5019
f 4954 5019 5018
f 4955 4956 5020
f 4955 5020 5019
f 4956 4957 5021
f 4956 5021 5020
f 4957 4958 5022
f 4957 5022 5021
f 4958 4959 5023
f 4958 5023 5022
f 4959 4960 5024
f 4959 5024 5023
f 4960 4961 5025
f 4960 5025 5024
f 4961 4962 5026
f 4961 5026 5025
f 4962 4963 5027
f 4962 5027 5026
f 4963 4964 5028
f 4963 5028 5027
f 4964 4965 5029
f 4964 5029 5028
f 4965 4966 5030
f 4965 5030 5029
f 4966 4967 5031
f 4966 5031 5030
f 4967 4968 5032
f 4967 5032 5031
f 4968 4969 5033
f 4968 5033 5032
f 4969 4970 5034
f 4969 5034 5033
f 4970 4971 5035
f 4970 5035 5034
f 4971 4972 5036
f 4971 5036 5035
f 4972 4973 5037
f 4972 5037 5036
f 4973 4974 5038
f 4973 5038 5037
f 4974 4975 5039
f 4974 5039 5038
f 4975 4976 5040
f 4975 5040 5039
f 4976 4977 5041
f 4976 5041 5040
f 4977 4978 5042
f 4977 5042 5041
f 4978 4979 5043
f 4978 5043 5042
f 4979 4980 5044
f 4979 5044 5043
f 4980 4981 5045
f 4980 5045 5044
f 4981 4982 5046
f 4981 5046 5045
f 4982 4983 5047
f 4982 5047 5046
f 4983 4984 5048
f 4983 5048 5047
f 4984 4985 5049
f 4984 5049 5048
f 4985 4986 5050
f 4985 5050 5049
f 4986 4987 5051
f 4986 5051 5050
f 4987 4988 5052
f 4987 5052 5051
f 4988 4989 5053
f 4988 5053 5052
f 4989 4990 5054
f 4989 5054 5053
f 4990 4991 5055
f 4990 5055 5054
f 4991 4992 5056
f 4991 5056 5055
f 4992 4929 4993
f 4992 4993 5056
f 4993 4994 5058
f 4993 5058 5057
f 4994 4995 5059
f 4994 5059 5058
f 4995 4996 5060
f 4995 5060 5059
f 4996 4997 5061
f 4996 5061 5060
f 4997 4998 5062
f 4997 5062 5061
f 4998 4999 5063
f 4998 5063 5062
f 4999 5000 5064
f 4999 5064 5063
f 5000 5001 5065
f 5000 5065 5064
f 5001 5002 5066
f 5001 5066 5065
f 5002 5003 5067
f 5002 5067 5066
f 5003 5004 5068
f 5003 5068 5067
f 5004 5005 5069
f 5004 5069 5068
f 5005 5006 5070
f 5005 5070 5069
f 5006 5007 5071
f 5006 5071 5070
f 5007 5008 5072
f 5007 5072 5071
f 5008 5009 5073
f 5008 5073 5072
f 5009 5010 5074
f 5009 5074 5073
f 5010 5011 5075
f 5010 5075 5074
f 5011 5012 5076
f 5011 5076 5075
f 5012 5013 5077
f 5012 5077 5076
f 5013 5014 5078
f 5013 5078 5077
f 5014 5015 5079
f 5014 5079 5078
f 5015 5016 5080
f 5015 5080 5079
f 5016 5017 5081
f 5016 5081 5080
f 5017 5018 5082
f 5017 5082 5081
f 5018 5019 5083
f 5018 5083 5082
f 5019 5020 5084
f 5019 5084 5083
f 5020 5021 5085
f 5020 5085 5084
f 5021 5022 5086
f 5021 5086 5085
f 5022 5023 5087
f 5022 5087 5086
f 5023 5024 5088
f 5023 5088 5087
f 5024 5025 5089
f 5024 5089 5088
f 5025 5026 5090
f 5025 5090 5089
f 5026 5027 5091
f 5026 5091 5090
f 5027 5028 5092
f 5027 5092 5091
f 5028 5029 5093
f 5028 5093 5092
f 5029 5030 5094
f 5029 5094 5093
f 5030 5031 5095
f 5030 5095 5094
f 5031 5032 5096
f 5031 5096 5095
f 5032 5033 5097
f 5032 5097 5096
f 5033 5034 5098
f 5033 5098 5097
f 5034 5035 5099
f 5034 5099 5098
f 5035 5036 5100
f 5035 5100 5099
f 5036 5037 5101
f 5036 5101 5100
f 5037 5038 5102
f 5037 5102 5101
f 5038 5039 5103
f 5038 5103 5102
f 5039 5040 5104
f 5039 5104 5103
f 5040 5041 5105
f 5040 5105 5104
f 5041 5042 5106
f 5041 5106 5105
f 5042 5043 5107
f 5042 5107 5106
f 5043 5044 5108
f 5043 5108 5107
f 5044 5045 5109
f 5044 5109 5108
f 5045 5046 5110
f 5045 5110 5109
f 5046 5047 5111
f 5046 5111 5110
f 5047 5048 5112
f 5047 5112 5111
f 5048 5049 5113
f 5048 5113 5112
f 5049 5050 5114
f 5049 5114 5113
f 5050 5051 5115
f 5050 5115 5114
f 5051 5052 5116
f 5051 5116 5115
f 5052 5053 5117
f 5052 5117 5116
f 5053 5054 5118
f 5053 5118 5117
f 5054 5055 5119
f 5054 5119 5118
f 5055 5056 5120
f 5055 5120 5119
f 5056 4993 5057
f 5056 5057 5120

