# tube retopo
v -0.470656 0.000000 -1.108832
v -0.472438 0.020484 -1.107884
v -0.477713 0.040182 -1.105079
v -0.486281 0.058335 -1.100524
v -0.497810 0.074246 -1.094394
v -0.511859 0.087304 -1.086924
v -0.527887 0.097007 -1.078401
v -0.545279 0.102982 -1.069154
v -0.563366 0.105000 -1.059537
v -0.581453 0.102982 -1.049920
v -0.598844 0.097007 -1.040673
v -0.614873 0.087304 -1.032151
v -0.628921 0.074246 -1.024681
v -0.640451 0.058335 -1.018550
v -0.649018 0.040182 -1.013995
v -0.654294 0.020484 -1.011190
v -0.656075 0.000000 -1.010243
v -0.654294 -0.020484 -1.011190
v -0.649018 -0.040182 -1.013995
v -0.640451 -0.058335 -1.018550
v -0.628921 -0.074246 -1.024681
v -0.614873 -0.087304 -1.032151
v -0.598844 -0.097007 -1.040673
v -0.581453 -0.102982 -1.049920
v -0.563366 -0.105000 -1.059537
v -0.545279 -0.102982 -1.069154
v -0.527887 -0.097007 -1.078401
v -0.511859 -0.087304 -1.086924
v -0.497810 -0.074246 -1.094394
v -0.486281 -0.058335 -1.100524
v -0.477713 -0.040182 -1.105079
v -0.472438 -0.020484 -1.107884
v -0.450754 0.000000 -1.076269
v -0.452574 0.020930 -1.075301
v -0.457964 0.041056 -1.072435
v -0.466718 0.059605 -1.067780
v -0.478499 0.075862 -1.061516
v -0.492853 0.089205 -1.053884
v -0.509231 0.099119 -1.045176
v -0.527001 0.105224 -1.035727
v -0.545481 0.107286 -1.025901
v -0.563962 0.105224 -1.016075
v -0.581732 0.099119 -1.006626
v -0.598109 0.089205 -0.997918
v -0.612464 0.075862 -0.990286
v -0.624244 0.059605 -0.984022
v -0.632998 0.041056 -0.979367
v -0.638389 0.020930 -0.976501
v -0.640209 0.000000 -0.975533
v -0.638389 -0.020930 -0.976501
v -0.632998 -0.041056 -0.979367
v -0.624244 -0.059605 -0.984022
v -0.612464 -0.075862 -0.990286
v -0.598109 -0.089205 -0.997918
v -0.581732 -0.099119 -1.006626
v -0.563962 -0.105224 -1.016075
v -0.545481 -0.107286 -1.025901
v -0.527001 -0.105224 -1.035727
v -0.509231 -0.099119 -1.045176
v -0.492853 -0.089205 -1.053884
v -0.478499 -0.075862 -1.061516
v -0.466718 -0.059605 -1.067780
v -0.457964 -0.041056 -1.072435
v -0.452574 -0.020930 -1.075301
v -0.430851 0.000000 -1.043706
v -0.432710 0.021376 -1.042717
v -0.438215 0.041931 -1.039790
v -0.447155 0.060875 -1.035036
v -0.459187 0.077479 -1.028639
v -0.473848 0.091105 -1.020844
v -0.490574 0.101231 -1.011950
v -0.508722 0.107466 -1.002300
v -0.527597 0.109571 -0.992265
v -0.546471 0.107466 -0.982229
v -0.564620 0.101231 -0.972579
v -0.581346 0.091105 -0.963686
v -0.596006 0.077479 -0.955891
v -0.608038 0.060875 -0.949494
v -0.616978 0.041931 -0.944740
v -0.622483 0.021376 -0.941813
v -0.624342 0.000000 -0.940824
v -0.622483 -0.021376 -0.941813
v -0.616978 -0.041931 -0.944740
v -0.608038 -0.060875 -0.949494
v -0.596006 -0.077479 -0.955891
v -0.581346 -0.091105 -0.963686
v -0.564620 -0.101231 -0.972579
v -0.546471 -0.107466 -0.982229
v -0.527597 -0.109571 -0.992265
v -0.508722 -0.107466 -1.002300
v -0.490574 -0.101231 -1.011950
v -0.473848 -0.091105 -1.020844
v -0.459187 -0.077479 -1.028639
v -0.447155 -0.060875 -1.035036
v -0.438215 -0.041931 -1.039790
v -0.432710 -0.021376 -1.042717
v -0.410948 0.000000 -1.011143
v -0.412846 0.021822 -1.010134
v -0.418466 0.042806 -1.007145
v -0.427593 0.062144 -1.002292
v -0.439875 0.079095 -0.995762
v -0.454842 0.093006 -0.987804
v -0.471917 0.103343 -0.978725
v -0.490444 0.109708 -0.968874
v -0.509712 0.111857 -0.958629
v -0.528980 0.109708 -0.948384
v -0.547507 0.103343 -0.938533
v -0.564582 0.093006 -0.929454
v -0.579549 0.079095 -0.921496
v -0.591831 0.062144 -0.914965
v -0.600958 0.042806 -0.910112
v -0.606578 0.021822 -0.907124
v -0.608476 0.000000 -0.906115
v -0.606578 -0.021822 -0.907124
v -0.600958 -0.042806 -0.910112
v -0.591831 -0.062144 -0.914965
v -0.579549 -0.079095 -0.921496
v -0.564582 -0.093006 -0.929454
v -0.547507 -0.103343 -0.938533
v -0.528980 -0.109708 -0.948384
v -0.509712 -0.111857 -0.958629
v -0.490444 -0.109708 -0.968874
v -0.471917 -0.103343 -0.978725
v -0.454842 -0.093006 -0.987804
v -0.439875 -0.079095 -0.995762
v -0.427593 -0.062144 -1.002292
v -0.418466 -0.042806 -1.007145
v -0.412846 -0.021822 -1.010134
v -0.391045 0.000000 -0.978580
v -0.392982 0.022268 -0.977550
v -0.398717 0.043681 -0.974500
v -0.408030 0.063414 -0.969549
v -0.420564 0.080711 -0.962884
v -0.435836 0.094906 -0.954764
v -0.453260 0.105454 -0.945500
v -0.472166 0.111950 -0.935447
v -0.491827 0.114143 -0.924993
v -0.511489 0.111950 -0.914538
v -0.530395 0.105454 -0.904486
v -0.547819 0.094906 -0.895221
v -0.563091 0.080711 -0.887101
v -0.575625 0.063414 -0.880437
v -0.584938 0.043681 -0.875485
v -0.590673 0.022268 -0.872436
v -0.592610 0.000000 -0.871406
v -0.590673 -0.022268 -0.872436
v -0.584938 -0.043681 -0.875485
v -0.575625 -0.063414 -0.880437
v -0.563091 -0.080711 -0.887101
v -0.547819 -0.094906 -0.895221
v -0.530395 -0.105454 -0.904486
v -0.511489 -0.111950 -0.914538
v -0.491827 -0.114143 -0.924993
v -0.472166 -0.111950 -0.935447
v -0.453260 -0.105454 -0.945500
v -0.435836 -0.094906 -0.954764
v -0.420564 -0.080711 -0.962884
v -0.408030 -0.063414 -0.969549
v -0.398717 -0.043681 -0.974500
v -0.392982 -0.022268 -0.977550
v -0.371142 0.000000 -0.946017
v -0.373118 0.022714 -0.944966
v -0.378968 0.044555 -0.941856
v -0.388467 0.064684 -0.936805
v -0.401252 0.082327 -0.930007
v -0.416830 0.096807 -0.921724
v -0.434603 0.107566 -0.912274
v -0.453887 0.114191 -0.902020
v -0.473943 0.116429 -0.891357
v -0.493998 0.114191 -0.880693
v -0.513283 0.107566 -0.870439
v -0.531056 0.096807 -0.860989
v -0.546634 0.082327 -0.852706
v -0.559418 0.064684 -0.845909
v -0.568918 0.044555 -0.840857
v -0.574768 0.022714 -0.837747
v -0.576743 0.000000 -0.836697
v -0.574768 -0.022714 -0.837747
v -0.568918 -0.044555 -0.840857
v -0.559418 -0.064684 -0.845909
v -0.546634 -0.082327 -0.852706
v -0.531056 -0.096807 -0.860989
v -0.513283 -0.107566 -0.870439
v -0.493998 -0.114191 -0.880693
v -0.473943 -0.116429 -0.891357
v -0.453887 -0.114191 -0.902020
v -0.434603 -0.107566 -0.912274
v -0.416830 -0.096807 -0.921724
v -0.401252 -0.082327 -0.930007
v -0.388467 -0.064684 -0.936805
v -0.378968 -0.044555 -0.941856
v -0.373118 -0.022714 -0.944966
v -0.351240 0.000000 -0.913454
v -0.353254 0.023160 -0.912383
v -0.359218 0.045430 -0.909211
v -0.368905 0.065954 -0.904061
v -0.381940 0.083944 -0.897130
v -0.397824 0.098707 -0.888684
v -0.415946 0.109678 -0.879049
v -0.435609 0.116433 -0.868593
v -0.456058 0.118714 -0.857721
v -0.476507 0.116433 -0.846848
v -0.496170 0.109678 -0.836392
v -0.514292 0.098707 -0.826757
v -0.530176 0.083944 -0.818311
v -0.543211 0.065954 -0.811380
v -0.552898 0.045430 -0.806230
v -0.558863 0.023160 -0.803058
v -0.560877 0.000000 -0.801988
v -0.558863 -0.023160 -0.803058
v -0.552898 -0.045430 -0.806230
v -0.543211 -0.065954 -0.811380
v -0.530176 -0.083944 -0.818311
v -0.514292 -0.098707 -0.826757
v -0.496170 -0.109678 -0.836392
v -0.476507 -0.116433 -0.846848
v -0.456058 -0.118714 -0.857721
v -0.435609 -0.116433 -0.868593
v -0.415946 -0.109678 -0.879049
v -0.397824 -0.098707 -0.888684
v -0.381940 -0.083944 -0.897130
v -0.368905 -0.065954 -0.904061
v -0.359218 -0.045430 -0.909211
v -0.353254 -0.023160 -0.912383
v -0.330932 0.000000 -0.881106
v -0.332993 0.023695 -0.880010
v -0.339095 0.046480 -0.876765
v -0.349006 0.067479 -0.871496
v -0.362342 0.085884 -0.864405
v -0.378593 0.100989 -0.855764
v -0.397134 0.112213 -0.845906
v -0.417252 0.119125 -0.835209
v -0.438173 0.121458 -0.824084
v -0.459095 0.119125 -0.812960
v -0.479213 0.112213 -0.802263
v -0.497754 0.100989 -0.792405
v -0.514005 0.085884 -0.783764
v -0.527341 0.067479 -0.776673
v -0.537252 0.046480 -0.771404
v -0.543354 0.023695 -0.768159
v -0.545415 0.000000 -0.767063
v -0.543354 -0.023695 -0.768159
v -0.537252 -0.046480 -0.771404
v -0.527341 -0.067479 -0.776673
v -0.514005 -0.085884 -0.783764
v -0.497754 -0.100989 -0.792405
v -0.479213 -0.112213 -0.802263
v -0.459095 -0.119125 -0.812960
v -0.438173 -0.121458 -0.824084
v -0.417252 -0.119125 -0.835209
v -0.397134 -0.112213 -0.845906
v -0.378593 -0.100989 -0.855764
v -0.362342 -0.085884 -0.864405
v -0.349006 -0.067479 -0.871496
v -0.339095 -0.046480 -0.876765
v -0.332993 -0.023695 -0.880010
v -0.310104 0.000000 -0.849034
v -0.312221 0.024346 -0.847909
v -0.318492 0.047756 -0.844575
v -0.328674 0.069331 -0.839161
v -0.342377 0.088241 -0.831875
v -0.359074 0.103760 -0.822997
v -0.378123 0.115292 -0.812868
v -0.398793 0.122394 -0.801878
v -0.420289 0.124792 -0.790448
v -0.441785 0.122394 -0.779019
v -0.462455 0.115292 -0.768028
v -0.481504 0.103760 -0.757900
v -0.498201 0.088241 -0.749022
v -0.511904 0.069331 -0.741736
v -0.522086 0.047756 -0.736322
v -0.528356 0.024346 -0.732988
v -0.530473 0.000000 -0.731862
v -0.528356 -0.024346 -0.732988
v -0.522086 -0.047756 -0.736322
v -0.511904 -0.069331 -0.741736
v -0.498201 -0.088241 -0.749022
v -0.481504 -0.103760 -0.757900
v -0.462455 -0.115292 -0.768028
v -0.441785 -0.122394 -0.779019
v -0.420289 -0.124792 -0.790448
v -0.398793 -0.122394 -0.801878
v -0.378123 -0.115292 -0.812868
v -0.359074 -0.103760 -0.822997
v -0.342377 -0.088241 -0.831875
v -0.328674 -0.069331 -0.839161
v -0.318492 -0.047756 -0.844575
v -0.312221 -0.024346 -0.847909
v -0.289277 0.000000 -0.816963
v -0.291450 0.024996 -0.815807
v -0.297888 0.049031 -0.812385
v -0.308342 0.071182 -0.806826
v -0.322411 0.090598 -0.799345
v -0.339554 0.106532 -0.790230
v -0.359112 0.118372 -0.779831
v -0.380334 0.125663 -0.768547
v -0.402404 0.128125 -0.756812
v -0.424474 0.125663 -0.745077
v -0.445696 0.118372 -0.733793
v -0.465255 0.106532 -0.723394
v -0.482398 0.090598 -0.714279
v -0.496466 0.071182 -0.706798
v -0.506921 0.049031 -0.701240
v -0.513358 0.024996 -0.697817
v -0.515532 0.000000 -0.696661
v -0.513358 -0.024996 -0.697817
v -0.506921 -0.049031 -0.701240
v -0.496466 -0.071182 -0.706798
v -0.482398 -0.090598 -0.714279
v -0.465255 -0.106532 -0.723394
v -0.445696 -0.118372 -0.733793
v -0.424474 -0.125663 -0.745077
v -0.402404 -0.128125 -0.756812
v -0.380334 -0.125663 -0.768547
v -0.359112 -0.118372 -0.779831
v -0.339554 -0.106532 -0.790230
v -0.322411 -0.090598 -0.799345
v -0.308342 -0.071182 -0.806826
v -0.297888 -0.049031 -0.812385
v -0.291450 -0.024996 -0.815807
v -0.268449 0.000000 -0.784892
v -0.270679 0.025646 -0.783706
v -0.277284 0.050307 -0.780194
v -0.288010 0.073034 -0.774491
v -0.302445 0.092955 -0.766816
v -0.320034 0.109304 -0.757464
v -0.340101 0.121452 -0.746794
v -0.361875 0.128932 -0.735216
v -0.384520 0.131458 -0.723176
v -0.407164 0.128932 -0.711136
v -0.428938 0.121452 -0.699558
v -0.449005 0.109304 -0.688889
v -0.466594 0.092955 -0.679536
v -0.481029 0.073034 -0.671861
v -0.491755 0.050307 -0.666158
v -0.498360 0.025646 -0.662646
v -0.500590 0.000000 -0.661460
v -0.498360 -0.025646 -0.662646
v -0.491755 -0.050307 -0.666158
v -0.481029 -0.073034 -0.671861
v -0.466594 -0.092955 -0.679536
v -0.449005 -0.109304 -0.688889
v -0.428938 -0.121452 -0.699558
v -0.407164 -0.128932 -0.711136
v -0.384520 -0.131458 -0.723176
v -0.361875 -0.128932 -0.735216
v -0.340101 -0.121452 -0.746794
v -0.320034 -0.109304 -0.757464
v -0.302445 -0.092955 -0.766816
v -0.288010 -0.073034 -0.774491
v -0.277284 -0.050307 -0.780194
v -0.270679 -0.025646 -0.783706
v -0.247621 0.000000 -0.752821
v -0.249908 0.026297 -0.751605
v -0.256680 0.051583 -0.748004
v -0.267678 0.074886 -0.742156
v -0.282479 0.095312 -0.734286
v -0.300514 0.112075 -0.724697
v -0.321090 0.124531 -0.713757
v -0.343416 0.132202 -0.701886
v -0.366635 0.134792 -0.689540
v -0.389853 0.132202 -0.677195
v -0.412180 0.124531 -0.665323
v -0.432756 0.112075 -0.654383
v -0.450791 0.095312 -0.644794
v -0.465591 0.074886 -0.636924
v -0.476590 0.051583 -0.631076
v -0.483362 0.026297 -0.627475
v -0.485649 0.000000 -0.626259
v -0.483362 -0.026297 -0.627475
v -0.476590 -0.051583 -0.631076
v -0.465591 -0.074886 -0.636924
v -0.450791 -0.095312 -0.644794
v -0.432756 -0.112075 -0.654383
v -0.412180 -0.124531 -0.665323
v -0.389853 -0.132202 -0.677195
v -0.366635 -0.134792 -0.689540
v -0.343416 -0.132202 -0.701886
v -0.321090 -0.124531 -0.713757
v -0.300514 -0.112075 -0.724697
v -0.282479 -0.095312 -0.734286
v -0.267678 -0.074886 -0.742156
v -0.256680 -0.051583 -0.748004
v -0.249908 -0.026297 -0.751605
v -0.226793 0.000000 -0.720750
v -0.229137 0.026947 -0.719504
v -0.236077 0.052858 -0.715814
v -0.247347 0.076738 -0.709821
v -0.262514 0.097669 -0.701757
v -0.280995 0.114847 -0.691930
v -0.302079 0.127611 -0.680719
v -0.324958 0.135471 -0.668555
v -0.348750 0.138125 -0.655904
v -0.372543 0.135471 -0.643253
v -0.395421 0.127611 -0.631089
v -0.416506 0.114847 -0.619878
v -0.434987 0.097669 -0.610051
v -0.450154 0.076738 -0.601987
v -0.461424 0.052858 -0.595994
v -0.468364 0.026947 -0.592304
v -0.470707 0.000000 -0.591058
v -0.468364 -0.026947 -0.592304
v -0.461424 -0.052858 -0.595994
v -0.450154 -0.076738 -0.601987
v -0.434987 -0.097669 -0.610051
v -0.416506 -0.114847 -0.619878
v -0.395421 -0.127611 -0.631089
v -0.372543 -0.135471 -0.643253
v -0.348750 -0.138125 -0.655904
v -0.324958 -0.135471 -0.668555
v -0.302079 -0.127611 -0.680719
v -0.280995 -0.114847 -0.691930
v -0.262514 -0.097669 -0.701757
v -0.247347 -0.076738 -0.709821
v -0.236077 -0.052858 -0.715814
v -0.229137 -0.026947 -0.719504
v -0.205965 0.000000 -0.688678
v -0.208365 0.027597 -0.687402
v -0.215473 0.054134 -0.683623
v -0.227015 0.078590 -0.677486
v -0.242548 0.100026 -0.669227
v -0.261475 0.117618 -0.659164
v -0.283068 0.130690 -0.647682
v -0.306499 0.138740 -0.635224
v -0.330866 0.141458 -0.622268
v -0.355233 0.138740 -0.609312
v -0.378663 0.130690 -0.596854
v -0.400257 0.117618 -0.585372
v -0.419184 0.100026 -0.575308
v -0.434716 0.078590 -0.567049
v -0.446258 0.054134 -0.560912
v -0.453366 0.027597 -0.557133
v -0.455766 0.000000 -0.555857
v -0.453366 -0.027597 -0.557133
v -0.446258 -0.054134 -0.560912
v -0.434716 -0.078590 -0.567049
v -0.419184 -0.100026 -0.575308
v -0.400257 -0.117618 -0.585372
v -0.378663 -0.130690 -0.596854
v -0.355233 -0.138740 -0.609312
v -0.330866 -0.141458 -0.622268
v -0.306499 -0.138740 -0.635224
v -0.283068 -0.130690 -0.647682
v -0.261475 -0.117618 -0.659164
v -0.242548 -0.100026 -0.669227
v -0.227015 -0.078590 -0.677486
v -0.215473 -0.054134 -0.683623
v -0.208365 -0.027597 -0.687402
v -0.185138 0.000000 -0.656607
v -0.187594 0.028247 -0.655301
v -0.194869 0.055409 -0.651433
v -0.206683 0.080442 -0.645151
v -0.222582 0.102383 -0.636698
v -0.241955 0.120390 -0.626397
v -0.264057 0.133770 -0.614645
v -0.288040 0.142010 -0.601893
v -0.312981 0.144792 -0.588632
v -0.337922 0.142010 -0.575370
v -0.361905 0.133770 -0.562619
v -0.384007 0.120390 -0.550867
v -0.403380 0.102383 -0.540566
v -0.419279 0.080442 -0.532112
v -0.431093 0.055409 -0.525830
v -0.438368 0.028247 -0.521962
v -0.440824 0.000000 -0.520656
v -0.438368 -0.028247 -0.521962
v -0.431093 -0.055409 -0.525830
v -0.419279 -0.080442 -0.532112
v -0.403380 -0.102383 -0.540566
v -0.384007 -0.120390 -0.550867
v -0.361905 -0.133770 -0.562619
v -0.337922 -0.142010 -0.575370
v -0.312981 -0.144792 -0.588632
v -0.288040 -0.142010 -0.601893
v -0.264057 -0.133770 -0.614645
v -0.241955 -0.120390 -0.626397
v -0.222582 -0.102383 -0.636698
v -0.206683 -0.080442 -0.645151
v -0.194869 -0.055409 -0.651433
v -0.187594 -0.028247 -0.655301
v -0.164310 0.000000 -0.624536
v -0.166823 0.028898 -0.623200
v -0.174265 0.056685 -0.619243
v -0.186351 0.082294 -0.612816
v -0.202616 0.104740 -0.604168
v -0.222435 0.123161 -0.593630
v -0.245047 0.136850 -0.581608
v -0.269581 0.145279 -0.568562
v -0.295096 0.148125 -0.554996
v -0.320612 0.145279 -0.541429
v -0.345146 0.136850 -0.528384
v -0.367758 0.123161 -0.516361
v -0.387577 0.104740 -0.505823
v -0.403842 0.082294 -0.497175
v -0.415927 0.056685 -0.490749
v -0.423370 0.028898 -0.486791
v -0.425883 0.000000 -0.485455
v -0.423370 -0.028898 -0.486791
v -0.415927 -0.056685 -0.490749
v -0.403842 -0.082294 -0.497175
v -0.387577 -0.104740 -0.505823
v -0.367758 -0.123161 -0.516361
v -0.345146 -0.136850 -0.528384
v -0.320612 -0.145279 -0.541429
v -0.295096 -0.148125 -0.554996
v -0.269581 -0.145279 -0.568562
v -0.245047 -0.136850 -0.581608
v -0.222435 -0.123161 -0.593630
v -0.202616 -0.104740 -0.604168
v -0.186351 -0.082294 -0.612816
v -0.174265 -0.056685 -0.619243
v -0.166823 -0.028898 -0.623200
v -0.143482 0.000000 -0.592465
v -0.146052 0.029548 -0.591099
v -0.153662 0.057961 -0.587052
v -0.166020 0.084146 -0.580481
v -0.182651 0.107097 -0.571639
v -0.202915 0.125933 -0.560864
v -0.226036 0.139929 -0.548570
v -0.251122 0.148548 -0.535232
v -0.277212 0.151458 -0.521360
v -0.303301 0.148548 -0.507488
v -0.328388 0.139929 -0.494149
v -0.351508 0.125933 -0.481855
v -0.371773 0.107097 -0.471080
v -0.388404 0.084146 -0.462238
v -0.400762 0.057961 -0.455667
v -0.408372 0.029548 -0.451620
v -0.410942 0.000000 -0.450254
v -0.408372 -0.029548 -0.451620
v -0.400762 -0.057961 -0.455667
v -0.388404 -0.084146 -0.462238
v -0.371773 -0.107097 -0.471080
v -0.351508 -0.125933 -0.481855
v -0.328388 -0.139929 -0.494149
v -0.303301 -0.148548 -0.507488
v -0.277212 -0.151458 -0.521360
v -0.251122 -0.148548 -0.535232
v -0.226036 -0.139929 -0.548570
v -0.202915 -0.125933 -0.560864
v -0.182651 -0.107097 -0.571639
v -0.166020 -0.084146 -0.580481
v -0.153662 -0.057961 -0.587052
v -0.146052 -0.029548 -0.591099
v -0.122654 0.000000 -0.560394
v -0.125280 0.030198 -0.558997
v -0.133058 0.059236 -0.554862
v -0.145688 0.085998 -0.548147
v -0.162685 0.109454 -0.539109
v -0.183396 0.128705 -0.528097
v -0.207025 0.143009 -0.515533
v -0.232664 0.151817 -0.501901
v -0.259327 0.154792 -0.487723
v -0.285991 0.151817 -0.473546
v -0.311630 0.143009 -0.459914
v -0.335259 0.128705 -0.447350
v -0.355970 0.109454 -0.436338
v -0.372967 0.085998 -0.427300
v -0.385596 0.059236 -0.420585
v -0.393374 0.030198 -0.416449
v -0.396000 0.000000 -0.415053
v -0.393374 -0.030198 -0.416449
v -0.385596 -0.059236 -0.420585
v -0.372967 -0.085998 -0.427300
v -0.355970 -0.109454 -0.436338
v -0.335259 -0.128705 -0.447350
v -0.311630 -0.143009 -0.459914
v -0.285991 -0.151817 -0.473546
v -0.259327 -0.154792 -0.487723
v -0.232664 -0.151817 -0.501901
v -0.207025 -0.143009 -0.515533
v -0.183396 -0.128705 -0.528097
v -0.162685 -0.109454 -0.539109
v -0.145688 -0.085998 -0.548147
v -0.133058 -0.059236 -0.554862
v -0.125280 -0.030198 -0.558997
v -0.102752 0.000000 -0.527830
v -0.105417 0.030644 -0.526413
v -0.113309 0.060111 -0.522217
v -0.126126 0.087267 -0.515402
v -0.143374 0.111070 -0.506231
v -0.164390 0.130604 -0.495057
v -0.188368 0.145120 -0.482308
v -0.214385 0.154058 -0.468474
v -0.241443 0.157076 -0.454087
v -0.268500 0.154058 -0.439701
v -0.294517 0.145120 -0.425867
v -0.318495 0.130604 -0.413118
v -0.339511 0.111070 -0.401943
v -0.356759 0.087267 -0.392772
v -0.369576 0.060111 -0.385958
v -0.377468 0.030644 -0.381761
v -0.380133 0.000000 -0.380344
v -0.377468 -0.030644 -0.381761
v -0.369576 -0.060111 -0.385958
v -0.356759 -0.087267 -0.392772
v -0.339511 -0.111070 -0.401943
v -0.318495 -0.130604 -0.413118
v -0.294517 -0.145120 -0.425867
v -0.268500 -0.154058 -0.439701
v -0.241443 -0.157076 -0.454087
v -0.214385 -0.154058 -0.468474
v -0.188368 -0.145120 -0.482308
v -0.164390 -0.130604 -0.495057
v -0.143374 -0.111070 -0.506231
v -0.126126 -0.087267 -0.515402
v -0.113309 -0.060111 -0.522217
v -0.105417 -0.030644 -0.526413
v -0.082912 0.000000 -0.495234
v -0.085615 0.031076 -0.493797
v -0.093618 0.060958 -0.489541
v -0.106615 0.088497 -0.482631
v -0.124106 0.112636 -0.473331
v -0.145419 0.132446 -0.461998
v -0.169735 0.147166 -0.449069
v -0.196119 0.156231 -0.435041
v -0.223558 0.159291 -0.420451
v -0.250997 0.156231 -0.405862
v -0.277381 0.147166 -0.391833
v -0.301697 0.132446 -0.378904
v -0.323010 0.112636 -0.367572
v -0.340501 0.088497 -0.358272
v -0.353498 0.060958 -0.351361
v -0.361501 0.031076 -0.347105
v -0.364204 0.000000 -0.345669
v -0.361501 -0.031076 -0.347105
v -0.353498 -0.060958 -0.351361
v -0.340501 -0.088497 -0.358272
v -0.323010 -0.112636 -0.367572
v -0.301697 -0.132446 -0.378904
v -0.277381 -0.147166 -0.391833
v -0.250997 -0.156231 -0.405862
v -0.223558 -0.159291 -0.420451
v -0.196119 -0.156231 -0.435041
v -0.169735 -0.147166 -0.449069
v -0.145419 -0.132446 -0.461998
v -0.124106 -0.112636 -0.473331
v -0.106615 -0.088497 -0.482631
v -0.093618 -0.060958 -0.489541
v -0.085615 -0.031076 -0.493797
v -0.063072 0.000000 -0.462638
v -0.065812 0.031508 -0.461181
v -0.073927 0.061806 -0.456866
v -0.087104 0.089728 -0.449859
v -0.104839 0.114202 -0.440430
v -0.126448 0.134287 -0.428940
v -0.151102 0.149212 -0.415831
v -0.177853 0.158403 -0.401607
v -0.205673 0.161506 -0.386815
v -0.233493 0.158403 -0.372023
v -0.260244 0.149212 -0.357799
v -0.284898 0.134287 -0.344690
v -0.306508 0.114202 -0.333201
v -0.324242 0.089728 -0.323771
v -0.337420 0.061806 -0.316764
v -0.345535 0.031508 -0.312450
v -0.348275 0.000000 -0.310993
v -0.345535 -0.031508 -0.312450
v -0.337420 -0.061806 -0.316764
v -0.324242 -0.089728 -0.323771
v -0.306508 -0.114202 -0.333201
v -0.284898 -0.134287 -0.344690
v -0.260244 -0.149212 -0.357799
v -0.233493 -0.158403 -0.372023
v -0.205673 -0.161506 -0.386815
v -0.177853 -0.158403 -0.401607
v -0.151102 -0.149212 -0.415831
v -0.126448 -0.134287 -0.428940
v -0.104839 -0.114202 -0.440430
v -0.087104 -0.089728 -0.449859
v -0.073927 -0.061806 -0.456866
v -0.065812 -0.031508 -0.461181
v -0.043231 0.000000 -0.430042
v -0.046009 0.031940 -0.428565
v -0.054235 0.062653 -0.424191
v -0.067593 0.090958 -0.417088
v -0.085571 0.115768 -0.407529
v -0.107477 0.136129 -0.395882
v -0.132469 0.151258 -0.382593
v -0.159587 0.160575 -0.368174
v -0.187788 0.163721 -0.353179
v -0.215990 0.160575 -0.338184
v -0.243108 0.151258 -0.323765
v -0.268100 0.136129 -0.310477
v -0.290005 0.115768 -0.298829
v -0.307983 0.090958 -0.289271
v -0.321341 0.062653 -0.282168
v -0.329568 0.031940 -0.277794
v -0.332345 0.000000 -0.276317
v -0.329568 -0.031940 -0.277794
v -0.321341 -0.062653 -0.282168
v -0.307983 -0.090958 -0.289271
v -0.290005 -0.115768 -0.298829
v -0.268100 -0.136129 -0.310477
v -0.243108 -0.151258 -0.323765
v -0.215990 -0.160575 -0.338184
v -0.187788 -0.163721 -0.353179
v -0.159587 -0.160575 -0.368174
v -0.132469 -0.151258 -0.382593
v -0.107477 -0.136129 -0.395882
v -0.085571 -0.115768 -0.407529
v -0.067593 -0.090958 -0.417088
v -0.054235 -0.062653 -0.424191
v -0.046009 -0.031940 -0.428565
v -0.023388 0.000000 -0.397447
v -0.026204 0.032372 -0.395950
v -0.034541 0.063501 -0.391517
v -0.048080 0.092189 -0.384318
v -0.066301 0.117334 -0.374630
v -0.088503 0.137971 -0.362825
v -0.113833 0.153305 -0.349356
v -0.141318 0.162747 -0.334742
v -0.169901 0.165936 -0.319545
v -0.198484 0.162747 -0.304347
v -0.225969 0.153305 -0.289733
v -0.251299 0.137971 -0.276264
v -0.273501 0.117334 -0.264459
v -0.291722 0.092189 -0.254771
v -0.305261 0.063501 -0.247572
v -0.313598 0.032372 -0.243139
v -0.316414 0.000000 -0.241642
v -0.313598 -0.032372 -0.243139
v -0.305261 -0.063501 -0.247572
v -0.291722 -0.092189 -0.254771
v -0.273501 -0.117334 -0.264459
v -0.251299 -0.137971 -0.276264
v -0.225969 -0.153305 -0.289733
v -0.198484 -0.162747 -0.304347
v -0.169901 -0.165936 -0.319545
v -0.141318 -0.162747 -0.334742
v -0.113833 -0.153305 -0.349356
v -0.088503 -0.137971 -0.362825
v -0.066301 -0.117334 -0.374630
v -0.048080 -0.092189 -0.384318
v -0.034541 -0.063501 -0.391517
v -0.026204 -0.032372 -0.395950
v -0.003533 0.000000 -0.364858
v -0.006386 0.032805 -0.363342
v -0.014834 0.064348 -0.358849
v -0.028554 0.093419 -0.351554
v -0.047018 0.118900 -0.341737
v -0.069517 0.139812 -0.329774
v -0.095185 0.155351 -0.316126
v -0.123036 0.164920 -0.301317
v -0.152001 0.168151 -0.285917
v -0.180966 0.164920 -0.270516
v -0.208817 0.155351 -0.255707
v -0.234486 0.139812 -0.242059
v -0.256984 0.118900 -0.230096
v -0.275448 0.093419 -0.220279
v -0.289168 0.064348 -0.212984
v -0.297617 0.032805 -0.208491
v -0.300469 0.000000 -0.206975
v -0.297617 -0.032805 -0.208491
v -0.289168 -0.064348 -0.212984
v -0.275448 -0.093419 -0.220279
v -0.256984 -0.118900 -0.230096
v -0.234486 -0.139812 -0.242059
v -0.208817 -0.155351 -0.255707
v -0.180966 -0.164920 -0.270516
v -0.152001 -0.168151 -0.285917
v -0.123036 -0.164920 -0.301317
v -0.095185 -0.155351 -0.316126
v -0.069517 -0.139812 -0.329774
v -0.047018 -0.118900 -0.341737
v -0.028554 -0.093419 -0.351554
v -0.014834 -0.064348 -0.358849
v -0.006386 -0.032805 -0.363342
v 0.016380 0.000000 -0.332301
v 0.013490 0.033237 -0.330764
v 0.004930 0.065196 -0.326213
v -0.008971 0.094650 -0.318822
v -0.027678 0.120467 -0.308875
v -0.050472 0.141654 -0.296755
v -0.076479 0.157397 -0.282927
v -0.104697 0.167092 -0.267923
v -0.134043 0.170365 -0.252319
v -0.163390 0.167092 -0.236716
v -0.191608 0.157397 -0.221712
v -0.217614 0.141654 -0.207884
v -0.240409 0.120467 -0.195764
v -0.259116 0.094650 -0.185817
v -0.273017 0.065196 -0.178426
v -0.281577 0.033237 -0.173874
v -0.284467 0.000000 -0.172338
v -0.281577 -0.033237 -0.173874
v -0.273017 -0.065196 -0.178426
v -0.259116 -0.094650 -0.185817
v -0.240409 -0.120467 -0.195764
v -0.217614 -0.141654 -0.207884
v -0.191608 -0.157397 -0.221712
v -0.163390 -0.167092 -0.236716
v -0.134043 -0.170365 -0.252319
v -0.104697 -0.167092 -0.267923
v -0.076479 -0.157397 -0.282927
v -0.050472 -0.141654 -0.296755
v -0.027678 -0.120467 -0.308875
v -0.008971 -0.094650 -0.318822
v 0.004930 -0.065196 -0.326213
v 0.013490 -0.033237 -0.330764
v 0.036504 0.000000 -0.299855
v 0.033576 0.033669 -0.298299
v 0.024905 0.066044 -0.293688
v 0.010824 0.095880 -0.286201
v -0.008127 0.122033 -0.276125
v -0.031218 0.143495 -0.263847
v -0.057562 0.159443 -0.249840
v -0.086148 0.169264 -0.234640
v -0.115875 0.172580 -0.218834
v -0.145603 0.169264 -0.203027
v -0.174188 0.159443 -0.187828
v -0.200533 0.143495 -0.173821
v -0.223624 0.122033 -0.161543
v -0.242574 0.095880 -0.151467
v -0.256655 0.066044 -0.143980
v -0.265327 0.033669 -0.139369
v -0.268255 0.000000 -0.137812
v -0.265327 -0.033669 -0.139369
v -0.256655 -0.066044 -0.143980
v -0.242574 -0.095880 -0.151467
v -0.223624 -0.122033 -0.161543
v -0.200533 -0.143495 -0.173821
v -0.174188 -0.159443 -0.187828
v -0.145603 -0.169264 -0.203027
v -0.115875 -0.172580 -0.218834
v -0.086148 -0.169264 -0.234640
v -0.057562 -0.159443 -0.249840
v -0.031218 -0.143495 -0.263847
v -0.008127 -0.122033 -0.276125
v 0.010824 -0.095880 -0.286201
v 0.024905 -0.066044 -0.293688
v 0.033576 -0.033669 -0.298299
v 0.057226 0.000000 -0.267728
v 0.054260 0.034101 -0.266151
v 0.045478 0.066891 -0.261481
v 0.031216 0.097111 -0.253898
v 0.012022 0.123599 -0.243693
v -0.011365 0.145337 -0.231257
v -0.038048 0.161490 -0.217070
v -0.067000 0.171436 -0.201676
v -0.097109 0.174795 -0.185666
v -0.127219 0.171436 -0.169657
v -0.156171 0.161490 -0.154263
v -0.182853 0.145337 -0.140076
v -0.206241 0.123599 -0.127640
v -0.225434 0.097111 -0.117435
v -0.239696 0.066891 -0.109852
v -0.248479 0.034101 -0.105182
v -0.251444 0.000000 -0.103605
v -0.248479 -0.034101 -0.105182
v -0.239696 -0.066891 -0.109852
v -0.225434 -0.097111 -0.117435
v -0.206241 -0.123599 -0.127640
v -0.182853 -0.145337 -0.140076
v -0.156171 -0.161490 -0.154263
v -0.127219 -0.171436 -0.169657
v -0.097109 -0.174795 -0.185666
v -0.067000 -0.171436 -0.201676
v -0.038048 -0.161490 -0.217070
v -0.011365 -0.145337 -0.231257
v 0.012022 -0.123599 -0.243693
v 0.031216 -0.097111 -0.253898
v 0.045478 -0.066891 -0.261481
v 0.054260 -0.034101 -0.266151
v 0.079251 0.000000 -0.236293
v 0.076248 0.034533 -0.234697
v 0.067354 0.067739 -0.229968
v 0.052911 0.098341 -0.222288
v 0.033475 0.125165 -0.211954
v 0.009791 0.147178 -0.199361
v -0.017230 0.163536 -0.184994
v -0.046549 0.173609 -0.169405
v -0.077039 0.177010 -0.153192
v -0.107530 0.173609 -0.136980
v -0.136849 0.163536 -0.121391
v -0.163870 0.147178 -0.107024
v -0.187553 0.125165 -0.094431
v -0.206990 0.098341 -0.084096
v -0.221433 0.067739 -0.076417
v -0.230327 0.034533 -0.071688
v -0.233330 0.000000 -0.070091
v -0.230327 -0.034533 -0.071688
v -0.221433 -0.067739 -0.076417
v -0.206990 -0.098341 -0.084096
v -0.187553 -0.125165 -0.094431
v -0.163870 -0.147178 -0.107024
v -0.136849 -0.163536 -0.121391
v -0.107530 -0.173609 -0.136980
v -0.077039 -0.177010 -0.153192
v -0.046549 -0.173609 -0.169405
v -0.017230 -0.163536 -0.184994
v 0.009791 -0.147178 -0.199361
v 0.033475 -0.125165 -0.211954
v 0.052911 -0.098341 -0.222288
v 0.067354 -0.067739 -0.229968
v 0.076248 -0.034533 -0.234697
v 0.103357 0.000000 -0.205965
v 0.100316 0.034965 -0.204348
v 0.091311 0.068586 -0.199560
v 0.076688 0.099572 -0.191785
v 0.057008 0.126731 -0.181321
v 0.033028 0.149020 -0.168570
v 0.005669 0.165582 -0.154024
v -0.024017 0.175781 -0.138239
v -0.054889 0.179225 -0.121824
v -0.085761 0.175781 -0.105409
v -0.115447 0.165582 -0.089625
v -0.142806 0.149020 -0.075078
v -0.166786 0.126731 -0.062328
v -0.186466 0.099572 -0.051864
v -0.201089 0.068586 -0.044088
v -0.210095 0.034965 -0.039300
v -0.213135 0.000000 -0.037683
v -0.210095 -0.034965 -0.039300
v -0.201089 -0.068586 -0.044088
v -0.186466 -0.099572 -0.051864
v -0.166786 -0.126731 -0.062328
v -0.142806 -0.149020 -0.075078
v -0.115447 -0.165582 -0.089625
v -0.085761 -0.175781 -0.105409
v -0.054889 -0.179225 -0.121824
v -0.024017 -0.175781 -0.138239
v 0.005669 -0.165582 -0.154024
v 0.033028 -0.149020 -0.168570
v 0.057008 -0.126731 -0.181321
v 0.076688 -0.099572 -0.191785
v 0.091311 -0.068586 -0.199560
v 0.100316 -0.034965 -0.204348
v 0.129543 0.000000 -0.176743
v 0.126466 0.035385 -0.175107
v 0.117352 0.069409 -0.170261
v 0.102553 0.100767 -0.162392
v 0.082637 0.128252 -0.151803
v 0.058370 0.150808 -0.138899
v 0.030683 0.167569 -0.124178
v 0.000640 0.177891 -0.108204
v -0.030602 0.181376 -0.091592
v -0.061845 0.177891 -0.074980
v -0.091887 0.167569 -0.059006
v -0.119574 0.150808 -0.044285
v -0.143842 0.128252 -0.031382
v -0.163758 0.100767 -0.020792
v -0.178557 0.069409 -0.012923
v -0.187670 0.035385 -0.008078
v -0.190748 0.000000 -0.006442
v -0.187670 -0.035385 -0.008078
v -0.178557 -0.069409 -0.012923
v -0.163758 -0.100767 -0.020792
v -0.143842 -0.128252 -0.031382
v -0.119574 -0.150808 -0.044285
v -0.091887 -0.167569 -0.059006
v -0.061845 -0.177891 -0.074980
v -0.030602 -0.181376 -0.091592
v 0.000640 -0.177891 -0.108204
v 0.030683 -0.167569 -0.124178
v 0.058370 -0.150808 -0.138899
v 0.082637 -0.128252 -0.151803
v 0.102553 -0.100767 -0.162392
v 0.117352 -0.069409 -0.170261
v 0.126466 -0.035385 -0.175107
v 0.156301 0.000000 -0.147825
v 0.153188 0.035798 -0.146170
v 0.143969 0.070219 -0.141268
v 0.128997 0.101943 -0.133307
v 0.108848 0.129748 -0.122594
v 0.084297 0.152568 -0.109540
v 0.056287 0.169525 -0.094647
v 0.025895 0.179966 -0.078487
v -0.005713 0.183492 -0.061681
v -0.037320 0.179966 -0.044875
v -0.067713 0.169525 -0.028715
v -0.095723 0.152568 -0.013822
v -0.120274 0.129748 -0.000768
v -0.140422 0.101943 0.009946
v -0.155394 0.070219 0.017906
v -0.164613 0.035798 0.022808
v -0.167727 0.000000 0.024463
v -0.164613 -0.035798 0.022808
v -0.155394 -0.070219 0.017906
v -0.140422 -0.101943 0.009946
v -0.120274 -0.129748 -0.000768
v -0.095723 -0.152568 -0.013822
v -0.067713 -0.169525 -0.028715
v -0.037320 -0.179966 -0.044875
v -0.005713 -0.183492 -0.061681
v 0.025895 -0.179966 -0.078487
v 0.056287 -0.169525 -0.094647
v 0.084297 -0.152568 -0.109540
v 0.108848 -0.129748 -0.122594
v 0.128997 -0.101943 -0.133307
v 0.143969 -0.070219 -0.141268
v 0.153188 -0.035798 -0.146170
v 0.180770 0.000000 -0.117690
v 0.177621 0.036210 -0.116015
v 0.168295 0.071029 -0.111057
v 0.153150 0.103119 -0.103004
v 0.132770 0.131245 -0.092168
v 0.107935 0.154328 -0.078963
v 0.079602 0.171480 -0.063898
v 0.048859 0.182042 -0.047552
v 0.016887 0.185608 -0.030552
v -0.015085 0.182042 -0.013552
v -0.045828 0.171480 0.002794
v -0.074161 0.154328 0.017859
v -0.098995 0.131245 0.031064
v -0.119376 0.103119 0.041901
v -0.134521 0.071029 0.049953
v -0.143847 0.036210 0.054912
v -0.146995 0.000000 0.056586
v -0.143847 -0.036210 0.054912
v -0.134521 -0.071029 0.049953
v -0.119376 -0.103119 0.041901
v -0.098995 -0.131245 0.031064
v -0.074161 -0.154328 0.017859
v -0.045828 -0.171480 0.002794
v -0.015085 -0.182042 -0.013552
v 0.016887 -0.185608 -0.030552
v 0.048859 -0.182042 -0.047552
v 0.079602 -0.171480 -0.063898
v 0.107935 -0.154328 -0.078963
v 0.132770 -0.131245 -0.092168
v 0.153150 -0.103119 -0.103004
v 0.168295 -0.071029 -0.111057
v 0.177621 -0.036210 -0.116015
v 0.200523 0.000000 -0.085047
v 0.197338 0.036623 -0.083354
v 0.187906 0.071839 -0.078339
v 0.172589 0.104294 -0.070194
v 0.151976 0.132742 -0.059234
v 0.126858 0.156088 -0.045879
v 0.098202 0.173435 -0.030642
v 0.067108 0.184118 -0.014109
v 0.034772 0.187725 0.003084
v 0.002435 0.184118 0.020278
v -0.028659 0.173435 0.036811
v -0.057315 0.156088 0.052048
v -0.082432 0.132742 0.065403
v -0.103045 0.104294 0.076363
v -0.118362 0.071839 0.084507
v -0.127795 0.036623 0.089522
v -0.130980 0.000000 0.091216
v -0.127795 -0.036623 0.089522
v -0.118362 -0.071839 0.084507
v -0.103045 -0.104294 0.076363
v -0.082432 -0.132742 0.065403
v -0.057315 -0.156088 0.052048
v -0.028659 -0.173435 0.036811
v 0.002435 -0.184118 0.020278
v 0.034772 -0.187725 0.003084
v 0.067108 -0.184118 -0.014109
v 0.098202 -0.173435 -0.030642
v 0.126858 -0.156088 -0.045879
v 0.151976 -0.132742 -0.059234
v 0.172589 -0.104294 -0.070194
v 0.187906 -0.071839 -0.078339
v 0.197338 -0.036623 -0.083354
v 0.215561 0.000000 -0.049898
v 0.212340 0.037036 -0.048185
v 0.202802 0.072649 -0.043113
v 0.187312 0.105470 -0.034877
v 0.166466 0.134238 -0.023793
v 0.141066 0.157847 -0.010288
v 0.112087 0.175390 0.005121
v 0.080642 0.186194 0.021840
v 0.047941 0.189841 0.039227
v 0.015240 0.186194 0.056615
v -0.016204 0.175390 0.073334
v -0.045183 0.157847 0.088743
v -0.070584 0.134238 0.102248
v -0.091430 0.105470 0.113332
v -0.106919 0.072649 0.121568
v -0.116458 0.037036 0.126640
v -0.119679 0.000000 0.128353
v -0.116458 -0.037036 0.126640
v -0.106919 -0.072649 0.121568
v -0.091430 -0.105470 0.113332
v -0.070584 -0.134238 0.102248
v -0.045183 -0.157847 0.088743
v -0.016204 -0.175390 0.073334
v 0.015240 -0.186194 0.056615
v 0.047941 -0.189841 0.039227
v 0.080642 -0.186194 0.021840
v 0.112087 -0.175390 0.005121
v 0.141066 -0.157847 -0.010288
v 0.166466 -0.134238 -0.023793
v 0.187312 -0.105470 -0.034877
v 0.202802 -0.072649 -0.043113
v 0.212340 -0.037036 -0.048185
v 0.232507 0.000000 -0.015762
v 0.229170 0.038377 -0.013988
v 0.219286 0.075278 -0.008733
v 0.203236 0.109287 -0.000199
v 0.181636 0.139096 0.011286
v 0.155316 0.163560 0.025281
v 0.125288 0.181738 0.041247
v 0.092705 0.192932 0.058572
v 0.058821 0.196712 0.076588
v 0.024936 0.192932 0.094605
v -0.007646 0.181738 0.111929
v -0.037674 0.163560 0.127896
v -0.063994 0.139096 0.141890
v -0.085594 0.109287 0.153375
v -0.101645 0.075278 0.161909
v -0.111528 0.038377 0.167164
v -0.114866 0.000000 0.168939
v -0.111528 -0.038377 0.167164
v -0.101645 -0.075278 0.161909
v -0.085594 -0.109287 0.153375
v -0.063994 -0.139096 0.141890
v -0.037674 -0.163560 0.127896
v -0.007646 -0.181738 0.111929
v 0.024936 -0.192932 0.094605
v 0.058821 -0.196712 0.076588
v 0.092705 -0.192932 0.058572
v 0.125288 -0.181738 0.041247
v 0.155316 -0.163560 0.025281
v 0.181636 -0.139096 0.011286
v 0.203236 -0.109287 -0.000199
v 0.219286 -0.075278 -0.008733
v 0.229170 -0.038377 -0.013988
v 0.250397 0.000000 0.017871
v 0.246936 0.039792 0.019711
v 0.236688 0.078055 0.025160
v 0.220045 0.113319 0.034009
v 0.197648 0.144227 0.045918
v 0.170358 0.169593 0.060429
v 0.139222 0.188442 0.076984
v 0.105438 0.200049 0.094947
v 0.070303 0.203968 0.113628
v 0.035169 0.200049 0.132310
v 0.001385 0.188442 0.150273
v -0.029751 0.169593 0.166828
v -0.057042 0.144227 0.181339
v -0.079439 0.113319 0.193248
v -0.096081 0.078055 0.202097
v -0.106330 0.039792 0.207546
v -0.109790 0.000000 0.209386
v -0.106330 -0.039792 0.207546
v -0.096081 -0.078055 0.202097
v -0.079439 -0.113319 0.193248
v -0.057042 -0.144227 0.181339
v -0.029751 -0.169593 0.166828
v 0.001385 -0.188442 0.150273
v 0.035169 -0.200049 0.132310
v 0.070303 -0.203968 0.113628
v 0.105438 -0.200049 0.094947
v 0.139222 -0.188442 0.076984
v 0.170358 -0.169593 0.060429
v 0.197648 -0.144227 0.045918
v 0.220045 -0.113319 0.034009
v 0.236688 -0.078055 0.025160
v 0.246936 -0.039792 0.019711
v 0.270422 0.000000 0.050369
v 0.266839 0.041208 0.052274
v 0.256226 0.080832 0.057917
v 0.238991 0.117350 0.067081
v 0.215798 0.149358 0.079413
v 0.187536 0.175627 0.094440
v 0.155293 0.195146 0.111584
v 0.120307 0.207166 0.130187
v 0.083922 0.211224 0.149533
v 0.047538 0.207166 0.168879
v 0.012552 0.195146 0.187481
v -0.019692 0.175627 0.204625
v -0.047953 0.149358 0.219652
v -0.071147 0.117350 0.231984
v -0.088381 0.080832 0.241148
v -0.098994 0.041208 0.246791
v -0.102578 0.000000 0.248696
v -0.098994 -0.041208 0.246791
v -0.088381 -0.080832 0.241148
v -0.071147 -0.117350 0.231984
v -0.047953 -0.149358 0.219652
v -0.019692 -0.175627 0.204625
v 0.012552 -0.195146 0.187481
v 0.047538 -0.207166 0.168879
v 0.083922 -0.211224 0.149533
v 0.120307 -0.207166 0.130187
v 0.155293 -0.195146 0.111584
v 0.187536 -0.175627 0.094440
v 0.215798 -0.149358 0.079413
v 0.238991 -0.117350 0.067081
v 0.256226 -0.080832 0.057917
v 0.266839 -0.041208 0.052274
v 0.292529 0.000000 0.081760
v 0.288822 0.042623 0.083731
v 0.277845 0.083609 0.089568
v 0.260018 0.121381 0.099046
v 0.236028 0.154489 0.111802
v 0.206795 0.181660 0.127346
v 0.173444 0.201850 0.145079
v 0.137256 0.214283 0.164320
v 0.099622 0.218481 0.184331
v 0.061987 0.214283 0.204341
v 0.025799 0.201850 0.223583
v -0.007552 0.181660 0.241316
v -0.036784 0.154489 0.256859
v -0.060775 0.121381 0.269615
v -0.078601 0.083609 0.279093
v -0.089579 0.042623 0.284930
v -0.093285 0.000000 0.286901
v -0.089579 -0.042623 0.284930
v -0.078601 -0.083609 0.279093
v -0.060775 -0.121381 0.269615
v -0.036784 -0.154489 0.256859
v -0.007552 -0.181660 0.241316
v 0.025799 -0.201850 0.223583
v 0.061987 -0.214283 0.204341
v 0.099622 -0.218481 0.184331
v 0.137256 -0.214283 0.164320
v 0.173444 -0.201850 0.145079
v 0.206795 -0.181660 0.127346
v 0.236028 -0.154489 0.111802
v 0.260018 -0.121381 0.099046
v 0.277845 -0.083609 0.089568
v 0.288822 -0.042623 0.083731
v 0.315939 0.000000 0.112458
v 0.312109 0.044039 0.114495
v 0.300767 0.086386 0.120525
v 0.282348 0.125413 0.130319
v 0.257561 0.159620 0.143498
v 0.227358 0.187693 0.159558
v 0.192899 0.208554 0.177880
v 0.155509 0.221399 0.197760
v 0.116625 0.225737 0.218435
v 0.077741 0.221399 0.239110
v 0.040351 0.208554 0.258991
v 0.005892 0.187693 0.277313
v -0.024311 0.159620 0.293372
v -0.049099 0.125413 0.306552
v -0.067517 0.086386 0.316345
v -0.078859 0.044039 0.322376
v -0.082689 0.000000 0.324412
v -0.078859 -0.044039 0.322376
v -0.067517 -0.086386 0.316345
v -0.049099 -0.125413 0.306552
v -0.024311 -0.159620 0.293372
v 0.005892 -0.187693 0.277313
v 0.040351 -0.208554 0.258991
v 0.077741 -0.221399 0.239110
v 0.116625 -0.225737 0.218435
v 0.155509 -0.221399 0.197760
v 0.192899 -0.208554 0.177880
v 0.227358 -0.187693 0.159558
v 0.257561 -0.159620 0.143498
v 0.282348 -0.125413 0.130319
v 0.300767 -0.086386 0.120525
v 0.312109 -0.044039 0.114495
v 0.339947 0.000000 0.142838
v 0.335994 0.045455 0.144940
v 0.324287 0.089163 0.151165
v 0.305277 0.129444 0.161273
v 0.279693 0.164751 0.174876
v 0.248519 0.193727 0.191452
v 0.212952 0.215258 0.210363
v 0.174360 0.228516 0.230882
v 0.134226 0.232993 0.252222
v 0.094092 0.228516 0.273562
v 0.055500 0.215258 0.294081
v 0.019934 0.193727 0.312992
v -0.011240 0.164751 0.329568
v -0.036824 0.129444 0.343171
v -0.055835 0.089163 0.353279
v -0.067542 0.045455 0.359504
v -0.071495 0.000000 0.361606
v -0.067542 -0.045455 0.359504
v -0.055835 -0.089163 0.353279
v -0.036824 -0.129444 0.343171
v -0.011240 -0.164751 0.329568
v 0.019934 -0.193727 0.312992
v 0.055500 -0.215258 0.294081
v 0.094092 -0.228516 0.273562
v 0.134226 -0.232993 0.252222
v 0.174360 -0.228516 0.230882
v 0.212952 -0.215258 0.210363
v 0.248519 -0.193727 0.191452
v 0.279693 -0.164751 0.174876
v 0.305277 -0.129444 0.161273
v 0.324287 -0.089163 0.151165
v 0.335994 -0.045455 0.144940
v 0.364165 0.000000 0.173107
v 0.360089 0.046870 0.175274
v 0.348018 0.091939 0.181693
v 0.328415 0.133475 0.192115
v 0.302034 0.169882 0.206142
v 0.269889 0.199760 0.223234
v 0.233215 0.221962 0.242734
v 0.193422 0.235633 0.263893
v 0.152038 0.240249 0.285897
v 0.110654 0.235633 0.307901
v 0.070860 0.221962 0.329060
v 0.034186 0.199760 0.348560
v 0.002041 0.169882 0.365652
v -0.024340 0.133475 0.379679
v -0.043943 0.091939 0.390102
v -0.056014 0.046870 0.396520
v -0.060090 0.000000 0.398687
v -0.056014 -0.046870 0.396520
v -0.043943 -0.091939 0.390102
v -0.024340 -0.133475 0.379679
v 0.002041 -0.169882 0.365652
v 0.034186 -0.199760 0.348560
v 0.070860 -0.221962 0.329060
v 0.110654 -0.235633 0.307901
v 0.152038 -0.240249 0.285897
v 0.193422 -0.235633 0.263893
v 0.233215 -0.221962 0.242734
v 0.269889 -0.199760 0.223234
v 0.302034 -0.169882 0.206142
v 0.328415 -0.133475 0.192115
v 0.348018 -0.091939 0.181693
v 0.360089 -0.046870 0.175274
v 0.388441 0.000000 0.203344
v 0.384242 0.048286 0.205577
v 0.371807 0.094716 0.212189
v 0.351612 0.137507 0.222927
v 0.324434 0.175013 0.237378
v 0.291318 0.205793 0.254986
v 0.253537 0.228665 0.275075
v 0.212541 0.242750 0.296872
v 0.169907 0.247506 0.319541
v 0.127273 0.242750 0.342210
v 0.086277 0.228665 0.364008
v 0.048496 0.205793 0.384097
v 0.015380 0.175013 0.401705
v -0.011798 0.137507 0.416156
v -0.031993 0.094716 0.426893
v -0.044428 0.048286 0.433506
v -0.048628 0.000000 0.435738
v -0.044428 -0.048286 0.433506
v -0.031993 -0.094716 0.426893
v -0.011798 -0.137507 0.416156
v 0.015380 -0.175013 0.401705
v 0.048496 -0.205793 0.384097
v 0.086277 -0.228665 0.364008
v 0.127273 -0.242750 0.342210
v 0.169907 -0.247506 0.319541
v 0.212541 -0.242750 0.296872
v 0.253537 -0.228665 0.275075
v 0.291318 -0.205793 0.254986
v 0.324434 -0.175013 0.237378
v 0.351612 -0.137507 0.222927
v 0.371807 -0.094716 0.212189
v 0.384242 -0.048286 0.205577
v 0.412730 0.000000 0.233575
v 0.408408 0.049702 0.235874
v 0.395608 0.097493 0.242680
v 0.374821 0.141538 0.253732
v 0.346847 0.180144 0.268606
v 0.312760 0.211827 0.286731
v 0.273870 0.235369 0.307409
v 0.231673 0.249867 0.329845
v 0.187789 0.254762 0.353179
v 0.143905 0.249867 0.376512
v 0.101708 0.235369 0.398949
v 0.062818 0.211827 0.419627
v 0.028731 0.180144 0.437751
v 0.000757 0.141538 0.452625
v -0.020030 0.097493 0.463678
v -0.032830 0.049702 0.470484
v -0.037152 0.000000 0.472782
v -0.032830 -0.049702 0.470484
v -0.020030 -0.097493 0.463678
v 0.000757 -0.141538 0.452625
v 0.028731 -0.180144 0.437751
v 0.062818 -0.211827 0.419627
v 0.101708 -0.235369 0.398949
v 0.143905 -0.249867 0.376512
v 0.187789 -0.254762 0.353179
v 0.231673 -0.249867 0.329845
v 0.273870 -0.235369 0.307409
v 0.312760 -0.211827 0.286731
v 0.346847 -0.180144 0.268606
v 0.374821 -0.141538 0.253732
v 0.395608 -0.097493 0.242680
v 0.408408 -0.049702 0.235874
v 0.437022 0.000000 0.263805
v 0.432576 0.051117 0.266169
v 0.419411 0.100270 0.273169
v 0.398032 0.145569 0.284536
v 0.369261 0.185275 0.299834
v 0.334204 0.217860 0.318474
v 0.294206 0.242073 0.339741
v 0.250807 0.256984 0.362817
v 0.205673 0.262018 0.386815
v 0.160539 0.256984 0.410813
v 0.117140 0.242073 0.433889
v 0.077143 0.217860 0.455156
v 0.042085 0.185275 0.473796
v 0.013314 0.145569 0.489094
v -0.008065 0.100270 0.500462
v -0.021230 0.051117 0.507462
v -0.025675 0.000000 0.509825
v -0.021230 -0.051117 0.507462
v -0.008065 -0.100270 0.500462
v 0.013314 -0.145569 0.489094
v 0.042085 -0.185275 0.473796
v 0.077143 -0.217860 0.455156
v 0.117140 -0.242073 0.433889
v 0.160539 -0.256984 0.410813
v 0.205673 -0.262018 0.386815
v 0.250807 -0.256984 0.362817
v 0.294206 -0.242073 0.339741
v 0.334204 -0.217860 0.318474
v 0.369261 -0.185275 0.299834
v 0.398032 -0.145569 0.284536
v 0.419411 -0.100270 0.273169
v 0.432576 -0.051117 0.266169
v 0.461313 0.000000 0.294035
v 0.456745 0.052533 0.296464
v 0.443215 0.103047 0.303657
v 0.421244 0.149601 0.315340
v 0.391676 0.190406 0.331061
v 0.355648 0.223893 0.350218
v 0.314543 0.248777 0.372074
v 0.269942 0.264100 0.395789
v 0.223558 0.269274 0.420451
v 0.177174 0.264100 0.445114
v 0.132573 0.248777 0.468829
v 0.091468 0.223893 0.490685
v 0.055440 0.190406 0.509841
v 0.025872 0.149601 0.525563
v 0.003901 0.103047 0.537245
v -0.009629 0.052533 0.544439
v -0.014197 0.000000 0.546868
v -0.009629 -0.052533 0.544439
v 0.003901 -0.103047 0.537245
v 0.025872 -0.149601 0.525563
v 0.055440 -0.190406 0.509841
v 0.091468 -0.223893 0.490685
v 0.132573 -0.248777 0.468829
v 0.177174 -0.264100 0.445114
v 0.223558 -0.269274 0.420451
v 0.269942 -0.264100 0.395789
v 0.314543 -0.248777 0.372074
v 0.355648 -0.223893 0.350218
v 0.391676 -0.190406 0.331061
v 0.421244 -0.149601 0.315340
v 0.443215 -0.103047 0.303657
v 0.456745 -0.052533 0.296464
v 0.477676 0.000000 0.328480
v 0.473137 0.052197 0.330893
v 0.459694 0.102387 0.338041
v 0.437864 0.148643 0.349648
v 0.408485 0.189187 0.365269
v 0.372687 0.222461 0.384303
v 0.331845 0.247185 0.406019
v 0.287529 0.262410 0.429583
v 0.241443 0.267551 0.454087
v 0.195356 0.262410 0.478592
v 0.151040 0.247185 0.502155
v 0.110198 0.222461 0.523871
v 0.074400 0.189187 0.542905
v 0.045022 0.148643 0.558526
v 0.023191 0.102387 0.570134
v 0.009748 0.052197 0.577281
v 0.005209 0.000000 0.579695
v 0.009748 -0.052197 0.577281
v 0.023191 -0.102387 0.570134
v 0.045022 -0.148643 0.558526
v 0.074400 -0.189187 0.542905
v 0.110198 -0.222461 0.523871
v 0.151040 -0.247185 0.502155
v 0.195356 -0.262410 0.478592
v 0.241443 -0.267551 0.454087
v 0.287529 -0.262410 0.429583
v 0.331845 -0.247185 0.406019
v 0.372687 -0.222461 0.384303
v 0.408485 -0.189187 0.365269
v 0.437864 -0.148643 0.349648
v 0.459694 -0.102387 0.338041
v 0.473137 -0.052197 0.330893
v 0.493158 0.000000 0.363393
v 0.488665 0.051666 0.365782
v 0.475359 0.101346 0.372857
v 0.453750 0.147132 0.384347
v 0.424671 0.187263 0.399809
v 0.389237 0.220198 0.418649
v 0.348810 0.244671 0.440144
v 0.304945 0.259741 0.463468
v 0.259327 0.264830 0.487723
v 0.213709 0.259741 0.511979
v 0.169844 0.244671 0.535303
v 0.129418 0.220198 0.556798
v 0.093984 0.187263 0.575638
v 0.064904 0.147132 0.591100
v 0.043296 0.101346 0.602589
v 0.029989 0.051666 0.609665
v 0.025496 0.000000 0.612054
v 0.029989 -0.051666 0.609665
v 0.043296 -0.101346 0.602589
v 0.064904 -0.147132 0.591100
v 0.093984 -0.187263 0.575638
v 0.129418 -0.220198 0.556798
v 0.169844 -0.244671 0.535303
v 0.213709 -0.259741 0.511979
v 0.259327 -0.264830 0.487723
v 0.304945 -0.259741 0.463468
v 0.348810 -0.244671 0.440144
v 0.389237 -0.220198 0.418649
v 0.424671 -0.187263 0.399809
v 0.453750 -0.147132 0.384347
v 0.475359 -0.101346 0.372857
v 0.488665 -0.051666 0.365782
v 0.508640 0.000000 0.398307
v 0.504193 0.051135 0.400671
v 0.491024 0.100305 0.407674
v 0.469637 0.145620 0.419045
v 0.440856 0.185339 0.434348
v 0.405786 0.217936 0.452995
v 0.365776 0.242157 0.474269
v 0.322361 0.257072 0.497353
v 0.277212 0.262109 0.521360
v 0.232062 0.257072 0.545366
v 0.188648 0.242157 0.568450
v 0.148637 0.217936 0.589724
v 0.113567 0.185339 0.608371
v 0.084786 0.145620 0.623674
v 0.063400 0.100305 0.635045
v 0.050230 0.051135 0.642048
v 0.045783 0.000000 0.644412
v 0.050230 -0.051135 0.642048
v 0.063400 -0.100305 0.635045
v 0.084786 -0.145620 0.623674
v 0.113567 -0.185339 0.608371
v 0.148637 -0.217936 0.589724
v 0.188648 -0.242157 0.568450
v 0.232062 -0.257072 0.545366
v 0.277212 -0.262109 0.521360
v 0.322361 -0.257072 0.497353
v 0.365776 -0.242157 0.474269
v 0.405786 -0.217936 0.452995
v 0.440856 -0.185339 0.434348
v 0.469637 -0.145620 0.419045
v 0.491024 -0.100305 0.407674
v 0.504193 -0.051135 0.400671
v 0.524122 0.000000 0.433220
v 0.519722 0.050604 0.435560
v 0.506689 0.099263 0.442490
v 0.485524 0.144108 0.453743
v 0.457042 0.183415 0.468888
v 0.422336 0.215673 0.487341
v 0.382741 0.239643 0.508394
v 0.339777 0.254404 0.531238
v 0.295096 0.259388 0.554996
v 0.250416 0.254404 0.578753
v 0.207452 0.239643 0.601597
v 0.167856 0.215673 0.622650
v 0.133151 0.183415 0.641104
v 0.104668 0.144108 0.656248
v 0.083504 0.099263 0.667501
v 0.070471 0.050604 0.674431
v 0.066071 0.000000 0.676771
v 0.070471 -0.050604 0.674431
v 0.083504 -0.099263 0.667501
v 0.104668 -0.144108 0.656248
v 0.133151 -0.183415 0.641104
v 0.167856 -0.215673 0.622650
v 0.207452 -0.239643 0.601597
v 0.250416 -0.254404 0.578753
v 0.295096 -0.259388 0.554996
v 0.339777 -0.254404 0.531238
v 0.382741 -0.239643 0.508394
v 0.422336 -0.215673 0.487341
v 0.457042 -0.183415 0.468888
v 0.485524 -0.144108 0.453743
v 0.506689 -0.099263 0.442490
v 0.519722 -0.050604 0.435560
v 0.539604 0.000000 0.468134
v 0.535250 0.050073 0.470449
v 0.522354 0.098222 0.477306
v 0.501411 0.142596 0.488442
v 0.473228 0.181491 0.503427
v 0.438886 0.213411 0.521687
v 0.399706 0.237129 0.542519
v 0.357193 0.251735 0.565124
v 0.312981 0.256667 0.588632
v 0.268769 0.251735 0.612140
v 0.226256 0.237129 0.634744
v 0.187076 0.213411 0.655577
v 0.152734 0.181491 0.673836
v 0.124551 0.142596 0.688822
v 0.103608 0.098222 0.699957
v 0.090712 0.050073 0.706814
v 0.086358 0.000000 0.709129
v 0.090712 -0.050073 0.706814
v 0.103608 -0.098222 0.699957
v 0.124551 -0.142596 0.688822
v 0.152734 -0.181491 0.673836
v 0.187076 -0.213411 0.655577
v 0.226256 -0.237129 0.634744
v 0.268769 -0.251735 0.612140
v 0.312981 -0.256667 0.588632
v 0.357193 -0.251735 0.565124
v 0.399706 -0.237129 0.542519
v 0.438886 -0.213411 0.521687
v 0.473228 -0.181491 0.503427
v 0.501411 -0.142596 0.488442
v 0.522354 -0.098222 0.477306
v 0.535250 -0.050073 0.470449
v 0.555086 0.000000 0.503048
v 0.550778 0.049542 0.505338
v 0.538019 0.097181 0.512123
v 0.517298 0.141085 0.523140
v 0.489414 0.179567 0.537966
v 0.455436 0.211148 0.556033
v 0.416671 0.234615 0.576644
v 0.374609 0.249066 0.599009
v 0.330866 0.253946 0.622268
v 0.287122 0.249066 0.645527
v 0.245060 0.234615 0.667891
v 0.206295 0.211148 0.688503
v 0.172318 0.179567 0.706569
v 0.144433 0.141085 0.721396
v 0.123713 0.097181 0.732413
v 0.110953 0.049542 0.739197
v 0.106645 0.000000 0.741488
v 0.110953 -0.049542 0.739197
v 0.123713 -0.097181 0.732413
v 0.144433 -0.141085 0.721396
v 0.172318 -0.179567 0.706569
v 0.206295 -0.211148 0.688503
v 0.245060 -0.234615 0.667891
v 0.287122 -0.249066 0.645527
v 0.330866 -0.253946 0.622268
v 0.374609 -0.249066 0.599009
v 0.416671 -0.234615 0.576644
v 0.455436 -0.211148 0.556033
v 0.489414 -0.179567 0.537966
v 0.517298 -0.141085 0.523140
v 0.538019 -0.097181 0.512123
v 0.550778 -0.049542 0.505338
v 0.570568 0.000000 0.537961
v 0.566306 0.049011 0.540227
v 0.553683 0.096139 0.546939
v 0.533185 0.139573 0.557838
v 0.505599 0.177643 0.572506
v 0.471986 0.208886 0.590378
v 0.433636 0.232101 0.610769
v 0.392025 0.246397 0.632894
v 0.348750 0.251224 0.655904
v 0.305476 0.246397 0.678913
v 0.263864 0.232101 0.701039
v 0.225515 0.208886 0.721429
v 0.191901 0.177643 0.739302
v 0.164315 0.139573 0.753970
v 0.143817 0.096139 0.764869
v 0.131194 0.049011 0.771580
v 0.126932 0.000000 0.773847
v 0.131194 -0.049011 0.771580
v 0.143817 -0.096139 0.764869
v 0.164315 -0.139573 0.753970
v 0.191901 -0.177643 0.739302
v 0.225515 -0.208886 0.721429
v 0.263864 -0.232101 0.701039
v 0.305476 -0.246397 0.678913
v 0.348750 -0.251224 0.655904
v 0.392025 -0.246397 0.632894
v 0.433636 -0.232101 0.610769
v 0.471986 -0.208886 0.590378
v 0.505599 -0.177643 0.572506
v 0.533185 -0.139573 0.557838
v 0.553683 -0.096139 0.546939
v 0.566306 -0.049011 0.540227
v 0.586050 0.000000 0.572875
v 0.581834 0.048481 0.575116
v 0.569348 0.095098 0.581755
v 0.549072 0.138061 0.592536
v 0.521785 0.175718 0.607045
v 0.488536 0.206623 0.624724
v 0.450602 0.229587 0.644894
v 0.409441 0.243728 0.666780
v 0.366635 0.248503 0.689540
v 0.323829 0.243728 0.712300
v 0.282668 0.229587 0.734186
v 0.244734 0.206623 0.754356
v 0.211485 0.175718 0.772035
v 0.184198 0.138061 0.786544
v 0.163921 0.095098 0.797325
v 0.151435 0.048481 0.803964
v 0.147219 0.000000 0.806205
v 0.151435 -0.048481 0.803964
v 0.163921 -0.095098 0.797325
v 0.184198 -0.138061 0.786544
v 0.211485 -0.175718 0.772035
v 0.244734 -0.206623 0.754356
v 0.282668 -0.229587 0.734186
v 0.323829 -0.243728 0.712300
v 0.366635 -0.248503 0.689540
v 0.409441 -0.243728 0.666780
v 0.450602 -0.229587 0.644894
v 0.488536 -0.206623 0.624724
v 0.521785 -0.175718 0.607045
v 0.549072 -0.138061 0.592536
v 0.569348 -0.095098 0.581755
v 0.581834 -0.048481 0.575116
v 0.601532 0.000000 0.607788
v 0.597363 0.047950 0.610005
v 0.585013 0.094057 0.616572
v 0.564959 0.136549 0.627235
v 0.537971 0.173794 0.641585
v 0.505085 0.204361 0.659070
v 0.467567 0.227073 0.679019
v 0.426857 0.241060 0.700665
v 0.384520 0.245782 0.723176
v 0.342182 0.241060 0.745687
v 0.301472 0.227073 0.767333
v 0.263954 0.204361 0.787282
v 0.231068 0.173794 0.804768
v 0.204080 0.136549 0.819118
v 0.184026 0.094057 0.829781
v 0.171677 0.047950 0.836347
v 0.167507 0.000000 0.838564
v 0.171677 -0.047950 0.836347
v 0.184026 -0.094057 0.829781
v 0.204080 -0.136549 0.819118
v 0.231068 -0.173794 0.804768
v 0.263954 -0.204361 0.787282
v 0.301472 -0.227073 0.767333
v 0.342182 -0.241060 0.745687
v 0.384520 -0.245782 0.723176
v 0.426857 -0.241060 0.700665
v 0.467567 -0.227073 0.679019
v 0.505085 -0.204361 0.659070
v 0.537971 -0.173794 0.641585
v 0.564959 -0.136549 0.627235
v 0.585013 -0.094057 0.616572
v 0.597363 -0.047950 0.610005
v 0.617015 0.000000 0.642702
v 0.612891 0.047419 0.644894
v 0.600678 0.093016 0.651388
v 0.580846 0.135038 0.661933
v 0.554157 0.171870 0.676124
v 0.521635 0.202098 0.693416
v 0.484532 0.224559 0.713144
v 0.444273 0.238391 0.734550
v 0.402404 0.243061 0.756812
v 0.360536 0.238391 0.779074
v 0.320276 0.224559 0.800480
v 0.283173 0.202098 0.820209
v 0.250652 0.171870 0.837500
v 0.223962 0.135038 0.851691
v 0.204130 0.093016 0.862236
v 0.191918 0.047419 0.868730
v 0.187794 0.000000 0.870923
v 0.191918 -0.047419 0.868730
v 0.204130 -0.093016 0.862236
v 0.223962 -0.135038 0.851691
v 0.250652 -0.171870 0.837500
v 0.283173 -0.202098 0.820209
v 0.320276 -0.224559 0.800480
v 0.360536 -0.238391 0.779074
v 0.402404 -0.243061 0.756812
v 0.444273 -0.238391 0.734550
v 0.484532 -0.224559 0.713144
v 0.521635 -0.202098 0.693416
v 0.554157 -0.171870 0.676124
v 0.580846 -0.135038 0.661933
v 0.600678 -0.093016 0.651388
v 0.612891 -0.047419 0.644894
v 0.632497 0.000000 0.677615
v 0.628419 0.046888 0.679784
v 0.616343 0.091974 0.686204
v 0.596733 0.133526 0.696631
v 0.570342 0.169946 0.710663
v 0.538185 0.199836 0.727762
v 0.501497 0.222045 0.747269
v 0.461689 0.235722 0.768436
v 0.420289 0.240340 0.790448
v 0.378889 0.235722 0.812461
v 0.339080 0.222045 0.833628
v 0.302393 0.199836 0.853135
v 0.270235 0.169946 0.870233
v 0.243845 0.133526 0.884265
v 0.224234 0.091974 0.894692
v 0.212159 0.046888 0.901113
v 0.208081 0.000000 0.903281
v 0.212159 -0.046888 0.901113
v 0.224234 -0.091974 0.894692
v 0.243845 -0.133526 0.884265
v 0.270235 -0.169946 0.870233
v 0.302393 -0.199836 0.853135
v 0.339080 -0.222045 0.833628
v 0.378889 -0.235722 0.812461
v 0.420289 -0.240340 0.790448
v 0.461689 -0.235722 0.768436
v 0.501497 -0.222045 0.747269
v 0.538185 -0.199836 0.727762
v 0.570342 -0.169946 0.710663
v 0.596733 -0.133526 0.696631
v 0.616343 -0.091974 0.686204
v 0.628419 -0.046888 0.679784
v 0.648119 0.000000 0.712455
v 0.644085 0.046388 0.714599
v 0.632138 0.090994 0.720952
v 0.612737 0.132102 0.731268
v 0.586627 0.168134 0.745150
v 0.554813 0.197705 0.762066
v 0.518516 0.219678 0.781366
v 0.479132 0.233209 0.802307
v 0.438173 0.237778 0.824084
v 0.397215 0.233209 0.845862
v 0.357831 0.219678 0.866803
v 0.321534 0.197705 0.886103
v 0.289720 0.168134 0.903019
v 0.263610 0.132102 0.916901
v 0.244209 0.090994 0.927217
v 0.232262 0.046388 0.933569
v 0.228228 0.000000 0.935714
v 0.232262 -0.046388 0.933569
v 0.244209 -0.090994 0.927217
v 0.263610 -0.132102 0.916901
v 0.289720 -0.168134 0.903019
v 0.321534 -0.197705 0.886103
v 0.357831 -0.219678 0.866803
v 0.397215 -0.233209 0.845862
v 0.438173 -0.237778 0.824084
v 0.479132 -0.233209 0.802307
v 0.518516 -0.219678 0.781366
v 0.554813 -0.197705 0.762066
v 0.586627 -0.168134 0.745150
v 0.612737 -0.132102 0.731268
v 0.632138 -0.090994 0.720952
v 0.644085 -0.046388 0.714599
v 0.663761 0.000000 0.747283
v 0.659770 0.045893 0.749405
v 0.647951 0.090022 0.755689
v 0.628757 0.130691 0.765895
v 0.602926 0.166338 0.779629
v 0.571452 0.195593 0.796365
v 0.535543 0.217332 0.815458
v 0.496579 0.230718 0.836175
v 0.456058 0.235238 0.857721
v 0.415537 0.230718 0.879266
v 0.376574 0.217332 0.899983
v 0.340665 0.195593 0.919076
v 0.309190 0.166338 0.935812
v 0.283359 0.130691 0.949546
v 0.264166 0.090022 0.959752
v 0.252346 0.045893 0.966036
v 0.248355 0.000000 0.968158
v 0.252346 -0.045893 0.966036
v 0.264166 -0.090022 0.959752
v 0.283359 -0.130691 0.949546
v 0.309190 -0.166338 0.935812
v 0.340665 -0.195593 0.919076
v 0.376574 -0.217332 0.899983
v 0.415537 -0.230718 0.879266
v 0.456058 -0.235238 0.857721
v 0.496579 -0.230718 0.836175
v 0.535543 -0.217332 0.815458
v 0.571452 -0.195593 0.796365
v 0.602926 -0.166338 0.779629
v 0.628757 -0.130691 0.765895
v 0.647951 -0.090022 0.755689
v 0.659770 -0.045893 0.749405
v 0.679403 0.000000 0.782111
v 0.675455 0.045397 0.784210
v 0.663763 0.089050 0.790427
v 0.644777 0.129280 0.800522
v 0.619225 0.164543 0.814109
v 0.588090 0.193482 0.830663
v 0.552569 0.214985 0.849550
v 0.514026 0.228227 0.870044
v 0.473943 0.232698 0.891357
v 0.433859 0.228227 0.912669
v 0.395316 0.214985 0.933163
v 0.359795 0.193482 0.952050
v 0.328660 0.164543 0.968605
v 0.303109 0.129280 0.982191
v 0.284122 0.089050 0.992286
v 0.272430 0.045397 0.998503
v 0.268482 0.000000 1.000602
v 0.272430 -0.045397 0.998503
v 0.284122 -0.089050 0.992286
v 0.303109 -0.129280 0.982191
v 0.328660 -0.164543 0.968605
v 0.359795 -0.193482 0.952050
v 0.395316 -0.214985 0.933163
v 0.433859 -0.228227 0.912669
v 0.473943 -0.232698 0.891357
v 0.514026 -0.228227 0.870044
v 0.552569 -0.214985 0.849550
v 0.588090 -0.193482 0.830663
v 0.619225 -0.164543 0.814109
v 0.644777 -0.129280 0.800522
v 0.663763 -0.089050 0.790427
v 0.675455 -0.045397 0.784210
v 0.695045 0.000000 0.816940
v 0.691141 0.044902 0.819016
v 0.679576 0.088078 0.825165
v 0.660797 0.127869 0.835150
v 0.635524 0.162747 0.848588
v 0.604729 0.191370 0.864962
v 0.569596 0.212639 0.883643
v 0.531473 0.225736 0.903913
v 0.491827 0.230159 0.924993
v 0.452181 0.225736 0.946073
v 0.414059 0.212639 0.966343
v 0.378925 0.191370 0.985024
v 0.348130 0.162747 1.001398
v 0.322858 0.127869 1.014835
v 0.304078 0.088078 1.024821
v 0.292514 0.044902 1.030969
v 0.288609 0.000000 1.033046
v 0.292514 -0.044902 1.030969
v 0.304078 -0.088078 1.024821
v 0.322858 -0.127869 1.014835
v 0.348130 -0.162747 1.001398
v 0.378925 -0.191370 0.985024
v 0.414059 -0.212639 0.966343
v 0.452181 -0.225736 0.946073
v 0.491827 -0.230159 0.924993
v 0.531473 -0.225736 0.903913
v 0.569596 -0.212639 0.883643
v 0.604729 -0.191370 0.864962
v 0.635524 -0.162747 0.848588
v 0.660797 -0.127869 0.835150
v 0.679576 -0.088078 0.825165
v 0.691141 -0.044902 0.819016
v 0.710688 0.000000 0.851768
v 0.706826 0.044406 0.853821
v 0.695389 0.087106 0.859902
v 0.676817 0.126458 0.869777
v 0.651823 0.160951 0.883067
v 0.621368 0.189258 0.899260
v 0.586622 0.210293 0.917735
v 0.548920 0.223245 0.937781
v 0.509712 0.227619 0.958629
v 0.470504 0.223245 0.979476
v 0.432802 0.210293 0.999523
v 0.398056 0.189258 1.017997
v 0.367601 0.160951 1.034191
v 0.342607 0.126458 1.047480
v 0.324035 0.087106 1.057355
v 0.312598 0.044406 1.063436
v 0.308736 0.000000 1.065489
v 0.312598 -0.044406 1.063436
v 0.324035 -0.087106 1.057355
v 0.342607 -0.126458 1.047480
v 0.367601 -0.160951 1.034191
v 0.398056 -0.189258 1.017997
v 0.432802 -0.210293 0.999523
v 0.470504 -0.223245 0.979476
v 0.509712 -0.227619 0.958629
v 0.548920 -0.223245 0.937781
v 0.586622 -0.210293 0.917735
v 0.621368 -0.189258 0.899260
v 0.651823 -0.160951 0.883067
v 0.676817 -0.126458 0.869777
v 0.695389 -0.087106 0.859902
v 0.706826 -0.044406 0.853821
v 0.726330 0.000000 0.886597
v 0.722511 0.043911 0.888627
v 0.711202 0.086134 0.894640
v 0.692837 0.125047 0.904405
v 0.668122 0.159155 0.917546
v 0.638007 0.187147 0.933559
v 0.603649 0.207946 0.951827
v 0.566368 0.220755 0.971650
v 0.527597 0.225079 0.992265
v 0.488826 0.220755 1.012880
v 0.451545 0.207946 1.032702
v 0.417186 0.187147 1.050971
v 0.387071 0.159155 1.066984
v 0.362356 0.125047 1.080125
v 0.343991 0.086134 1.089890
v 0.332682 0.043911 1.095903
v 0.328863 0.000000 1.097933
v 0.332682 -0.043911 1.095903
v 0.343991 -0.086134 1.089890
v 0.362356 -0.125047 1.080125
v 0.387071 -0.159155 1.066984
v 0.417186 -0.187147 1.050971
v 0.451545 -0.207946 1.032702
v 0.488826 -0.220755 1.012880
v 0.527597 -0.225079 0.992265
v 0.566368 -0.220755 0.971650
v 0.603649 -0.207946 0.951827
v 0.638007 -0.187147 0.933559
v 0.668122 -0.159155 0.917546
v 0.692837 -0.125047 0.904405
v 0.711202 -0.086134 0.894640
v 0.722511 -0.043911 0.888627
v 0.741972 0.000000 0.921425
v 0.738197 0.043415 0.923432
v 0.727015 0.085162 0.929378
v 0.708857 0.123636 0.939032
v 0.684421 0.157359 0.952025
v 0.654646 0.185035 0.967857
v 0.620675 0.205600 0.985920
v 0.583815 0.218264 1.005519
v 0.545481 0.222540 1.025901
v 0.507148 0.218264 1.046283
v 0.470287 0.205600 1.065882
v 0.436317 0.185035 1.083945
v 0.406541 0.157359 1.099777
v 0.382105 0.123636 1.112770
v 0.363947 0.085162 1.122424
v 0.352766 0.043415 1.128370
v 0.348990 0.000000 1.130377
v 0.352766 -0.043415 1.128370
v 0.363947 -0.085162 1.122424
v 0.382105 -0.123636 1.112770
v 0.406541 -0.157359 1.099777
v 0.436317 -0.185035 1.083945
v 0.470287 -0.205600 1.065882
v 0.507148 -0.218264 1.046283
v 0.545481 -0.222540 1.025901
v 0.583815 -0.218264 1.005519
v 0.620675 -0.205600 0.985920
v 0.654646 -0.185035 0.967857
v 0.684421 -0.157359 0.952025
v 0.708857 -0.123636 0.939032
v 0.727015 -0.085162 0.929378
v 0.738197 -0.043415 0.923432
v 0.757614 0.000000 0.956253
v 0.753882 0.042920 0.958238
v 0.742828 0.084190 0.964115
v 0.724878 0.122225 0.973660
v 0.700720 0.155563 0.986504
v 0.671285 0.182923 1.002156
v 0.637702 0.203253 1.020012
v 0.601262 0.215773 1.039387
v 0.563366 0.220000 1.059537
v 0.525470 0.215773 1.079687
v 0.489030 0.203253 1.099062
v 0.455447 0.182923 1.116918
v 0.426011 0.155563 1.132570
v 0.401854 0.122225 1.145414
v 0.383904 0.084190 1.154959
v 0.372850 0.042920 1.160836
v 0.369117 0.000000 1.162821
v 0.372850 -0.042920 1.160836
v 0.383904 -0.084190 1.154959
v 0.401854 -0.122225 1.145414
v 0.426011 -0.155563 1.132570
v 0.455447 -0.182923 1.116918
v 0.489030 -0.203253 1.099062
v 0.525470 -0.215773 1.079687
v 0.563366 -0.220000 1.059537
v 0.601262 -0.215773 1.039387
v 0.637702 -0.203253 1.020012
v 0.671285 -0.182923 1.002156
v 0.700720 -0.155563 0.986504
v 0.724878 -0.122225 0.973660
v 0.742828 -0.084190 0.964115
v 0.753882 -0.042920 0.958238
f 1 2 34
f 1 34 33
f 2 3 35
f 2 35 34
f 3 4 36
f 3 36 35
f 4 5 37
f 4 37 36
f 5 6 38
f 5 38 37
f 6 7 39
f 6 39 38
f 7 8 40
f 7 40 39
f 8 9 41
f 8 41 40
f 9 10 42
f 9 42 41
f 10 11 43
f 10 43 42
f 11 12 44
f 11 44 43
f 12 13 45
f 12 45 44
f 13 14 46
f 13 46 45
f 14 15 47
f 14 47 46
f 15 16 48
f 15 48 47
f 16 17 49
f 16 49 48
f 17 18 50
f 17 50 49
f 18 19 51
f 18 51 50
f 19 20 52
f 19 52 51
f 20 21 53
f 20 53 52
f 21 22 54
f 21 54 53
f 22 23 55
f 22 55 54
f 23 24 56
f 23 56 55
f 24 25 57
f 24 57 56
f 25 26 58
f 25 58 57
f 26 27 59
f 26 59 58
f 27 28 60
f 27 60 59
f 28 29 61
f 28 61 60
f 29 30 62
f 29 62 61
f 30 31 63
f 30 63 62
f 31 32 64
f 31 64 63
f 32 1 33
f 32 33 64
f 33 34 66
f 33 66 65
f 34 35 67
f 34 67 66
f 35 36 68
f 35 68 67
f 36 37 69
f 36 69 68
f 37 38 70
f 37 70 69
f 38 39 71
f 38 71 70
f 39 40 72
f 39 72 71
f 40 41 73
f 40 73 72
f 41 42 74
f 41 74 73
f 42 43 75
f 42 75 74
f 43 44 76
f 43 76 75
f 44 45 77
f 44 77 76
f 45 46 78
f 45 78 77
f 46 47 79
f 46 79 78
f 47 48 80
f 47 80 79
f 48 49 81
f 48 81 80
f 49 50 82
f 49 82 81
f 50 51 83
f 50 83 82
f 51 52 84
f 51 84 83
f 52 53 85
f 52 85 84
f 53 54 86
f 53 86 85
f 54 55 87
f 54 87 86
f 55 56 88
f 55 88 87
f 56 57 89
f 56 89 88
f 57 58 90
f 57 90 89
f 58 59 91
f 58 91 90
f 59 60 92
f 59 92 91
f 60 61 93
f 60 93 92
f 61 62 94
f 61 94 93
f 62 63 95
f 62 95 94
f 63 64 96
f 63 96 95
f 64 33 65
f 64 65 96
f 65 66 98
f 65 98 97
f 66 67 99
f 66 99 98
f 67 68 100
f 67 100 99
f 68 69 101
f 68 101 100
f 69 70 102
f 69 102 101
f 70 71 103
f 70 103 102
f 71 72 104
f 71 104 103
f 72 73 105
f 72 105 104
f 73 74 106
f 73 106 105
f 74 75 107
f 74 107 106
f 75 76 108
f 75 108 107
f 76 77 109
f 76 109 108
f 77 78 110
f 77 110 109
f 78 79 111
f 78 111 110
f 79 80 112
f 79 112 111
f 80 81 113
f 80 113 112
f 81 82 114
f 81 114 113
f 82 83 115
f 82 115 114
f 83 84 116
f 83 116 115
f 84 85 117
f 84 117 116
f 85 86 118
f 85 118 117
f 86 87 119
f 86 119 118
f 87 88 120
f 87 120 119
f 88 89 121
f 88 121 120
f 89 90 122
f 89 122 121
f 90 91 123
f 90 123 122
f 91 92 124
f 91 124 123
f 92 93 125
f 92 125 124
f 93 94 126
f 93 126 125
f 94 95 127
f 94 127 126
f 95 96 128
f 95 128 127
f 96 65 97
f 96 97 128
f 97 98 130
f 97 130 129
f 98 99 131
f 98 131 130
f 99 100 132
f 99 132 131
f 100 101 133
f 100 133 132
f 101 102 134
f 101 134 133
f 102 103 135
f 102 135 134
f 103 104 136
f 103 136 135
f 104 105 137
f 104 137 136
f 105 106 138
f 105 138 137
f 106 107 139
f 106 139 138
f 107 108 140
f 107 140 139
f 108 109 141
f 108 141 140
f 109 110 142
f 109 142 141
f 110 111 143
f 110 143 142
f 111 112 144
f 111 144 143
f 112 113 145
f 112 145 144
f 113 114 146
f 113 146 145
f 114 115 147
f 114 147 146
f 115 116 148
f 115 148 147
f 116 117 149
f 116 149 148
f 117 118 150
f 117 150 149
f 118 119 151
f 118 151 150
f 119 120 152
f 119 152 151
f 120 121 153
f 120 153 152
f 121 122 154
f 121 154 153
f 122 123 155
f 122 155 154
f 123 124 156
f 123 156 155
f 124 125 157
f 124 157 156
f 125 126 158
f 125 158 157
f 126 127 159
f 126 159 158
f 127 128 160
f 127 160 159
f 128 97 129
f 128 129 160
f 129 130 162
f 129 162 161
f 130 131 163
f 130 163 162
f 131 132 164
f 131 164 163
f 132 133 165
f 132 165 164
f 133 134 166
f 133 166 165
f 134 135 167
f 134 167 166
f 135 136 168
f 135 168 167
f 136 137 169
f 136 169 168
f 137 138 170
f 137 170 169
f 138 139 171
f 138 171 170
f 139 140 172
f 139 172 171
f 140 141 173
f 140 173 172
f 141 142 174
f 141 174 173
f 142 143 175
f 142 175 174
f 143 144 176
f 143 176 175
f 144 145 177
f 144 177 176
f 145 146 178
f 145 178 177
f 146 147 179
f 146 179 178
f 147 148 180
f 147 180 179
f 148 149 181
f 148 181 180
f 149 150 182
f 149 182 181
f 150 151 183
f 150 183 182
f 151 152 184
f 151 184 183
f 152 153 185
f 152 185 184
f 153 154 186
f 153 186 185
f 154 155 187
f 154 187 186
f 155 156 188
f 155 188 187
f 156 157 189
f 156 189 188
f 157 158 190
f 157 190 189
f 158 159 191
f 158 191 190
f 159 160 192
f 159 192 191
f 160 129 161
f 160 161 192
f 161 162 194
f 161 194 193
f 162 163 195
f 162 195 194
f 163 164 196
f 163 196 195
f 164 165 197
f 164 197 196
f 165 166 198
f 165 198 197
f 166 167 199
f 166 199 198
f 167 168 200
f 167 200 199
f 168 169 201
f 168 201 200
f 169 170 202
f 169 202 201
f 170 171 203
f 170 203 202
f 171 172 204
f 171 204 203
f 172 173 205
f 172 205 204
f 173 174 206
f 173 206 205
f 174 175 207
f 174 207 206
f 175 176 208
f 175 208 207
f 176 177 209
f 176 209 208
f 177 178 210
f 177 210 209
f 178 179 211
f 178 211 210
f 179 180 212
f 179 212 211
f 180 181 213
f 180 213 212
f 181 182 214
f 181 214 213
f 182 183 215
f 182 215 214
f 183 184 216
f 183 216 215
f 184 185 217
f 184 217 216
f 185 186 218
f 185 218 217
f 186 187 219
f 186 219 218
f 187 188 220
f 187 220 219
f 188 189 221
f 188 221 220
f 189 190 222
f 189 222 221
f 190 191 223
f 190 223 222
f 191 192 224
f 191 224 223
f 192 161 193
f 192 193 224
f 193 194 226
f 193 226 225
f 194 195 227
f 194 227 226
f 195 196 228
f 195 228 227
f 196 197 229
f 196 229 228
f 197 198 230
f 197 230 229
f 198 199 231
f 198 231 230
f 199 200 232
f 199 232 231
f 200 201 233
f 200 233 232
f 201 202 234
f 201 234 233
f 202 203 235
f 202 235 234
f 203 204 236
f 203 236 235
f 204 205 237
f 204 237 236
f 205 206 238
f 205 238 237
f 206 207 239
f 206 239 238
f 207 208 240
f 207 240 239
f 208 209 241
f 208 241 240
f 209 210 242
f 209 242 241
f 210 211 243
f 210 243 242
f 211 212 244
f 211 244 243
f 212 213 245
f 212 245 244
f 213 214 246
f 213 246 245
f 214 215 247
f 214 247 246
f 215 216 248
f 215 248 247
f 216 217 249
f 216 249 248
f 217 218 250
f 217 250 249
f 218 219 251
f 218 251 250
f 219 220 252
f 219 252 251
f 220 221 253
f 220 253 252
f 221 222 254
f 221 254 253
f 222 223 255
f 222 255 254
f 223 224 256
f 223 256 255
f 224 193 225
f 224 225 256
f 225 226 258
f 225 258 257
f 226 227 259
f 226 259 258
f 227 228 260
f 227 260 259
f 228 229 261
f 228 261 260
f 229 230 262
f 229 262 261
f 230 231 263
f 230 263 262
f 231 232 264
f 231 264 263
f 232 233 265
f 232 265 264
f 233 234 266
f 233 266 265
f 234 235 267
f 234 267 266
f 235 236 268
f 235 268 267
f 236 237 269
f 236 269 268
f 237 238 270
f 237 270 269
f 238 239 271
f 238 271 270
f 239 240 272
f 239 272 271
f 240 241 273
f 240 273 272
f 241 242 274
f 241 274 273
f 242 243 275
f 242 275 274
f 243 244 276
f 243 276 275
f 244 245 277
f 244 277 276
f 245 246 278
f 245 278 277
f 246 247 279
f 246 279 278
f 247 248 280
f 247 280 279
f 248 249 281
f 248 281 280
f 249 250 282
f 249 282 281
f 250 251 283
f 250 283 282
f 251 252 284
f 251 284 283
f 252 253 285
f 252 285 284
f 253 254 286
f 253 286 285
f 254 255 287
f 254 287 286
f 255 256 288
f 255 288 287
f 256 225 257
f 256 257 288
f 257 258 290
f 257 290 289
f 258 259 291
f 258 291 290
f 259 260 292
f 259 292 291
f 260 261 293
f 260 293 292
f 261 262 294
f 261 294 293
f 262 263 295
f 262 295 294
f 263 264 296
f 263 296 295
f 264 265 297
f 264 297 296
f 265 266 298
f 265 298 297
f 266 267 299
f 266 299 298
f 267 268 300
f 267 300 299
f 268 269 301
f 268 301 300
f 269 270 302
f 269 302 301
f 270 271 303
f 270 303 302
f 271 272 304
f 271 304 303
f 272 273 305
f 272 305 304
f 273 274 306
f 273 306 305
f 274 275 307
f 274 307 306
f 275 276 308
f 275 308 307
f 276 277 309
f 276 309 308
f 277 278 310
f 277 310 309
f 278 279 311
f 278 311 310
f 279 280 312
f 279 312 311
f 280 281 313
f 280 313 312
f 281 282 314
f 281 314 313
f 282 283 315
f 282 315 314
f 283 284 316
f 283 316 315
f 284 285 317
f 284 317 316
f 285 286 318
f 285 318 317
f 286 287 319
f 286 319 318
f 287 288 320
f 287 320 319
f 288 257 289
f 288 289 320
f 289 290 322
f 289 322 321
f 290 291 323
f 290 323 322
f 291 292 324
f 291 324 323
f 292 293 325
f 292 325 324
f 293 294 326
f 293 326 325
f 294 295 327
f 294 327 326
f 295 296 328
f 295 328 327
f 296 297 329
f 296 329 328
f 297 298 330
f 297 330 329
f 298 299 331
f 298 331 330
f 299 300 332
f 299 332 331
f 300 301 333
f 300 333 332
f 301 302 334
f 301 334 333
f 302 303 335
f 302 335 334
f 303 304 336
f 303 336 335
f 304 305 337
f 304 337 336
f 305 306 338
f 305 338 337
f 306 307 339
f 306 339 338
f 307 308 340
f 307 340 339
f 308 309 341
f 308 341 340
f 309 310 342
f 309 342 341
f 310 311 343
f 310 343 342
f 311 312 344
f 311 344 343
f 312 313 345
f 312 345 344
f 313 314 346
f 313 346 345
f 314 315 347
f 314 347 346
f 315 316 348
f 315 348 347
f 316 317 349
f 316 349 348
f 317 318 350
f 317 350 349
f 318 319 351
f 318 351 350
f 319 320 352
f 319 352 351
f 320 289 321
f 320 321 352
f 321 322 354
f 321 354 353
f 322 323 355
f 322 355 354
f 323 324 356
f 323 356 355
f 324 325 357
f 324 357 356
f 325 326 358
f 325 358 357
f 326 327 359
f 326 359 358
f 327 328 360
f 327 360 359
f 328 329 361
f 328 361 360
f 329 330 362
f 329 362 361
f 330 331 363
f 330 363 362
f 331 332 364
f 331 364 363
f 332 333 365
f 332 365 364
f 333 334 366
f 333 366 365
f 334 335 367
f 334 367 366
f 335 336 368
f 335 368 367
f 336 337 369
f 336 369 368
f 337 338 370
f 337 370 369
f 338 339 371
f 338 371 370
f 339 340 372
f 339 372 371
f 340 341 373
f 340 373 372
f 341 342 374
f 341 374 373
f 342 343 375
f 342 375 374
f 343 344 376
f 343 376 375
f 344 345 377
f 344 377 376
f 345 346 378
f 345 378 377
f 346 347 379
f 346 379 378
f 347 348 380
f 347 380 379
f 348 349 381
f 348 381 380
f 349 350 382
f 349 382 381
f 350 351 383
f 350 383 382
f 351 352 384
f 351 384 383
f 352 321 353
f 352 353 384
f 353 354 386
f 353 386 385
f 354 355 387
f 354 387 386
f 355 356 388
f 355 388 387
f 356 357 389
f 356 389 388
f 357 358 390
f 357 390 389
f 358 359 391
f 358 391 390
f 359 360 392
f 359 392 391
f 360 361 393
f 360 393 392
f 361 362 394
f 361 394 393
f 362 363 395
f 362 395 394
f 363 364 396
f 363 396 395
f 364 365 397
f 364 397 396
f 365 366 398
f 365 398 397
f 366 367 399
f 366 399 398
f 367 368 400
f 367 400 399
f 368 369 401
f 368 401 400
f 369 370 402
f 369 402 401
f 370 371 403
f 370 403 402
f 371 372 404
f 371 404 403
f 372 373 405
f 372 405 404
f 373 374 406
f 373 406 405
f 374 375 407
f 374 407 406
f 375 376 408
f 375 408 407
f 376 377 409
f 376 409 408
f 377 378 410
f 377 410 409
f 378 379 411
f 378 411 410
f 379 380 412
f 379 412 411
f 380 381 413
f 380 413 412
f 381 382 414
f 381 414 413
f 382 383 415
f 382 415 414
f 383 384 416
f 383 416 415
f 384 353 385
f 384 385 416
f 385 386 418
f 385 418 417
f 386 387 419
f 386 419 418
f 387 388 420
f 387 420 419
f 388 389 421
f 388 421 420
f 389 390 422
f 389 422 421
f 390 391 423
f 390 423 422
f 391 392 424
f 391 424 423
f 392 393 425
f 392 425 424
f 393 394 426
f 393 426 425
f 394 395 427
f 394 427 426
f 395 396 428
f 395 428 427
f 396 397 429
f 396 429 428
f 397 398 430
f 397 430 429
f 398 399 431
f 398 431 430
f 399 400 432
f 399 432 431
f 400 401 433
f 400 433 432
f 401 402 434
f 401 434 433
f 402 403 435
f 402 435 434
f 403 404 436
f 403 436 435
f 404 405 437
f 404 437 436
f 405 406 438
f 405 438 437
f 406 407 439
f 406 439 438
f 407 408 440
f 407 440 439
f 408 409 441
f 408 441 440
f 409 410 442
f 409 442 441
f 410 411 443
f 410 443 442
f 411 412 444
f 411 444 443
f 412 413 445
f 412 445 444
f 413 414 446
f 413 446 445
f 414 415 447
f 414 447 446
f 415 416 448
f 415 448 447
f 416 385 417
f 416 417 448
f 417 418 450
f 417 450 449
f 418 419 451
f 418 451 450
f 419 420 452
f 419 452 451
f 420 421 453
f 420 453 452
f 421 422 454
f 421 454 453
f 422 423 455
f 422 455 454
f 423 424 456
f 423 456 455
f 424 425 457
f 424 457 456
f 425 426 458
f 425 458 457
f 426 427 459
f 426 459 458
f 427 428 460
f 427 460 459
f 428 429 461
f 428 461 460
f 429 430 462
f 429 462 461
f 430 431 463
f 430 463 462
f 431 432 464
f 431 464 463
f 432 433 465
f 432 465 464
f 433 434 466
f 433 466 465
f 434 435 467
f 434 467 466
f 435 436 468
f 435 468 467
f 436 437 469
f 436 469 468
f 437 438 470
f 437 470 469
f 438 439 471
f 438 471 470
f 439 440 472
f 439 472 471
f 440 441 473
f 440 473 472
f 441 442 474
f 441 474 473
f 442 443 475
f 442 475 474
f 443 444 476
f 443 476 475
f 444 445 477
f 444 477 476
f 445 446 478
f 445 478 477
f 446 447 479
f 446 479 478
f 447 448 480
f 447 480 479
f 448 417 449
f 448 449 480
f 449 450 482
f 449 482 481
f 450 451 483
f 450 483 482
f 451 452 484
f 451 484 483
f 452 453 485
f 452 485 484
f 453 454 486
f 453 486 485
f 454 455 487
f 454 487 486
f 455 456 488
f 455 488 487
f 456 457 489
f 456 489 488
f 457 458 490
f 457 490 489
f 458 459 491
f 458 491 490
f 459 460 492
f 459 492 491
f 460 461 493
f 460 493 492
f 461 462 494
f 461 494 493
f 462 463 495
f 462 495 494
f 463 464 496
f 463 496 495
f 464 465 497
f 464 497 496
f 465 466 498
f 465 498 497
f 466 467 499
f 466 499 498
f 467 468 500
f 467 500 499
f 468 469 501
f 468 501 500
f 469 470 502
f 469 502 501
f 470 471 503
f 470 503 502
f 471 472 504
f 471 504 503
f 472 473 505
f 472 505 504
f 473 474 506
f 473 506 505
f 474 475 507
f 474 507 506
f 475 476 508
f 475 508 507
f 476 477 509
f 476 509 508
f 477 478 510
f 477 510 509
f 478 479 511
f 478 511 510
f 479 480 512
f 479 512 511
f 480 449 481
f 480 481 512
f 481 482 514
f 481 514 513
f 482 483 515
f 482 515 514
f 483 484 516
f 483 516 515
f 484 485 517
f 484 517 516
f 485 486 518
f 485 518 517
f 486 487 519
f 486 519 518
f 487 488 520
f 487 520 519
f 488 489 521
f 488 521 520
f 489 490 522
f 489 522 521
f 490 491 523
f 490 523 522
f 491 492 524
f 491 524 523
f 492 493 525
f 492 525 524
f 493 494 526
f 493 526 525
f 494 495 527
f 494 527 526
f 495 496 528
f 495 528 527
f 496 497 529
f 496 529 528
f 497 498 530
f 497 530 529
f 498 499 531
f 498 531 530
f 499 500 532
f 499 532 531
f 500 501 533
f 500 533 532
f 501 502 534
f 501 534 533
f 502 503 535
f 502 535 534
f 503 504 536
f 503 536 535
f 504 505 537
f 504 537 536
f 505 506 538
f 505 538 537
f 506 507 539
f 506 539 538
f 507 508 540
f 507 540 539
f 508 509 541
f 508 541 540
f 509 510 542
f 509 542 541
f 510 511 543
f 510 543 542
f 511 512 544
f 511 544 543
f 512 481 513
f 512 513 544
f 513 514 546
f 513 546 545
f 514 515 547
f 514 547 546
f 515 516 548
f 515 548 547
f 516 517 549
f 516 549 548
f 517 518 550
f 517 550 549
f 518 519 551
f 518 551 550
f 519 520 552
f 519 552 551
f 520 521 553
f 520 553 552
f 521 522 554
f 521 554 553
f 522 523 555
f 522 555 554
f 523 524 556
f 523 556 555
f 524 525 557
f 524 557 556
f 525 526 558
f 525 558 557
f 526 527 559
f 526 559 558
f 527 528 560
f 527 560 559
f 528 529 561
f 528 561 560
f 529 530 562
f 529 562 561
f 530 531 563
f 530 563 562
f 531 532 564
f 531 564 563
f 532 533 565
f 532 565 564
f 533 534 566
f 533 566 565
f 534 535 567
f 534 567 566
f 535 536 568
f 535 568 567
f 536 537 569
f 536 569 568
f 537 538 570
f 537 570 569
f 538 539 571
f 538 571 570
f 539 540 572
f 539 572 571
f 540 541 573
f 540 573 572
f 541 542 574
f 541 574 573
f 542 543 575
f 542 575 574
f 543 544 576
f 543 576 575
f 544 513 545
f 544 545 576
f 545 546 578
f 545 578 577
f 546 547 579
f 546 579 578
f 547 548 580
f 547 580 579
f 548 549 581
f 548 581 580
f 549 550 582
f 549 582 581
f 550 551 583
f 550 583 582
f 551 552 584
f 551 584 583
f 552 553 585
f 552 585 584
f 553 554 586
f 553 586 585
f 554 555 587
f 554 587 586
f 555 556 588
f 555 588 587
f 556 557 589
f 556 589 588
f 557 558 590
f 557 590 589
f 558 559 591
f 558 591 590
f 559 560 592
f 559 592 591
f 560 561 593
f 560 593 592
f 561 562 594
f 561 594 593
f 562 563 595
f 562 595 594
f 563 564 596
f 563 596 595
f 564 565 597
f 564 597 596
f 565 566 598
f 565 598 597
f 566 567 599
f 566 599 598
f 567 568 600
f 567 600 599
f 568 569 601
f 568 601 600
f 569 570 602
f 569 602 601
f 570 571 603
f 570 603 602
f 571 572 604
f 571 604 603
f 572 573 605
f 572 605 604
f 573 574 606
f 573 606 605
f 574 575 607
f 574 607 606
f 575 576 608
f 575 608 607
f 576 545 577
f 576 577 608
f 577 578 610
f 577 610 609
f 578 579 611
f 578 611 610
f 579 580 612
f 579 612 611
f 580 581 613
f 580 613 612
f 581 582 614
f 581 614 613
f 582 583 615
f 582 615 614
f 583 584 616
f 583 616 615
f 584 585 617
f 584 617 616
f 585 586 618
f 585 618 617
f 586 587 619
f 586 619 618
f 587 588 620
f 587 620 619
f 588 589 621
f 588 621 620
f 589 590 622
f 589 622 621
f 590 591 623
f 590 623 622
f 591 592 624
f 591 624 623
f 592 593 625
f 592 625 624
f 593 594 626
f 593 626 625
f 594 595 627
f 594 627 626
f 595 596 628
f 595 628 627
f 596 597 629
f 596 629 628
f 597 598 630
f 597 630 629
f 598 599 631
f 598 631 630
f 599 600 632
f 599 632 631
f 600 601 633
f 600 633 632
f 601 602 634
f 601 634 633
f 602 603 635
f 602 635 634
f 603 604 636
f 603 636 635
f 604 605 637
f 604 637 636
f 605 606 638
f 605 638 637
f 606 607 639
f 606 639 638
f 607 608 640
f 607 640 639
f 608 577 609
f 608 609 640
f 609 610 642
f 609 642 641
f 610 611 643
f 610 643 642
f 611 612 644
f 611 644 643
f 612 613 645
f 612 645 644
f 613 614 646
f 613 646 645
f 614 615 647
f 614 647 646
f 615 616 648
f 615 648 647
f 616 617 649
f 616 649 648
f 617 618 650
f 617 650 649
f 618 619 651
f 618 651 650
f 619 620 652
f 619 652 651
f 620 621 653
f 620 653 652
f 621 622 654
f 621 654 653
f 622 623 655
f 622 655 654
f 623 624 656
f 623 656 655
f 624 625 657
f 624 657 656
f 625 626 658
f 625 658 657
f 626 627 659
f 626 659 658
f 627 628 660
f 627 660 659
f 628 629 661
f 628 661 660
f 629 630 662
f 629 662 661
f 630 631 663
f 630 663 662
f 631 632 664
f 631 664 663
f 632 633 665
f 632 665 664
f 633 634 666
f 633 666 665
f 634 635 667
f 634 667 666
f 635 636 668
f 635 668 667
f 636 637 669
f 636 669 668
f 637 638 670
f 637 670 669
f 638 639 671
f 638 671 670
f 639 640 672
f 639 672 671
f 640 609 641
f 640 641 672
f 641 642 674
f 641 674 673
f 642 643 675
f 642 675 674
f 643 644 676
f 643 676 675
f 644 645 677
f 644 677 676
f 645 646 678
f 645 678 677
f 646 647 679
f 646 679 678
f 647 648 680
f 647 680 679
f 648 649 681
f 648 681 680
f 649 650 682
f 649 682 681
f 650 651 683
f 650 683 682
f 651 652 684
f 651 684 683
f 652 653 685
f 652 685 684
f 653 654 686
f 653 686 685
f 654 655 687
f 654 687 686
f 655 656 688
f 655 688 687
f 656 657 689
f 656 689 688
f 657 658 690
f 657 690 689
f 658 659 691
f 658 691 690
f 659 660 692
f 659 692 691
f 660 661 693
f 660 693 692
f 661 662 694
f 661 694 693
f 662 663 695
f 662 695 694
f 663 664 696
f 663 696 695
f 664 665 697
f 664 697 696
f 665 666 698
f 665 698 697
f 666 667 699
f 666 699 698
f 667 668 700
f 667 700 699
f 668 669 701
f 668 701 700
f 669 670 702
f 669 702 701
f 670 671 703
f 670 703 702
f 671 672 704
f 671 704 703
f 672 641 673
f 672 673 704
f 673 674 706
f 673 706 705
f 674 675 707
f 674 707 706
f 675 676 708
f 675 708 707
f 676 677 709
f 676 709 708
f 677 678 710
f 677 710 709
f 678 679 711
f 678 711 710
f 679 680 712
f 679 712 711
f 680 681 713
f 680 713 712
f 681 682 714
f 681 714 713
f 682 683 715
f 682 715 714
f 683 684 716
f 683 716 715
f 684 685 717
f 684 717 716
f 685 686 718
f 685 718 717
f 686 687 719
f 686 719 718
f 687 688 720
f 687 720 719
f 688 689 721
f 688 721 720
f 689 690 722
f 689 722 721
f 690 691 723
f 690 723 722
f 691 692 724
f 691 724 723
f 692 693 725
f 692 725 724
f 693 694 726
f 693 726 725
f 694 695 727
f 694 727 726
f 695 696 728
f 695 728 727
f 696 697 729
f 696 729 728
f 697 698 730
f 697 730 729
f 698 699 731
f 698 731 730
f 699 700 732
f 699 732 731
f 700 701 733
f 700 733 732
f 701 702 734
f 701 734 733
f 702 703 735
f 702 735 734
f 703 704 736
f 703 736 735
f 704 673 705
f 704 705 736
f 705 706 738
f 705 738 737
f 706 707 739
f 706 739 738
f 707 708 740
f 707 740 739
f 708 709 741
f 708 741 740
f 709 710 742
f 709 742 741
f 710 711 743
f 710 743 742
f 711 712 744
f 711 744 743
f 712 713 745
f 712 745 744
f 713 714 746
f 713 746 745
f 714 715 747
f 714 747 746
f 715 716 748
f 715 748 747
f 716 717 749
f 716 749 748
f 717 718 750
f 717 750 749
f 718 719 751
f 718 751 750
f 719 720 752
f 719 752 751
f 720 721 753
f 720 753 752
f 721 722 754
f 721 754 753
f 722 723 755
f 722 755 754
f 723 724 756
f 723 756 755
f 724 725 757
f 724 757 756
f 725 726 758
f 725 758 757
f 726 727 759
f 726 759 758
f 727 728 760
f 727 760 759
f 728 729 761
f 728 761 760
f 729 730 762
f 729 762 761
f 730 731 763
f 730 763 762
f 731 732 764
f 731 764 763
f 732 733 765
f 732 765 764
f 733 734 766
f 733 766 765
f 734 735 767
f 734 767 766
f 735 736 768
f 735 768 767
f 736 705 737
f 736 737 768
f 737 738 770
f 737 770 769
f 738 739 771
f 738 771 770
f 739 740 772
f 739 772 771
f 740 741 773
f 740 773 772
f 741 742 774
f 741 774 773
f 742 743 775
f 742 775 774
f 743 744 776
f 743 776 775
f 744 745 777
f 744 777 776
f 745 746 778
f 745 778 777
f 746 747 779
f 746 779 778
f 747 748 780
f 747 780 779
f 748 749 781
f 748 781 780
f 749 750 782
f 749 782 781
f 750 751 783
f 750 783 782
f 751 752 784
f 751 784 783
f 752 753 785
f 752 785 784
f 753 754 786
f 753 786 785
f 754 755 787
f 754 787 786
f 755 756 788
f 755 788 787
f 756 757 789
f 756 789 788
f 757 758 790
f 757 790 789
f 758 759 791
f 758 791 790
f 759 760 792
f 759 792 791
f 760 761 793
f 760 793 792
f 761 762 794
f 761 794 793
f 762 763 795
f 762 795 794
f 763 764 796
f 763 796 795
f 764 765 797
f 764 797 796
f 765 766 798
f 765 798 797
f 766 767 799
f 766 799 798
f 767 768 800
f 767 800 799
f 768 737 769
f 768 769 800
f 769 770 802
f 769 802 801
f 770 771 803
f 770 803 802
f 771 772 804
f 771 804 803
f 772 773 805
f 772 805 804
f 773 774 806
f 773 806 805
f 774 775 807
f 774 807 806
f 775 776 808
f 775 808 807
f 776 777 809
f 776 809 808
f 777 778 810
f 777 810 809
f 778 779 811
f 778 811 810
f 779 780 812
f 779 812 811
f 780 781 813
f 780 813 812
f 781 782 814
f 781 814 813
f 782 783 815
f 782 815 814
f 783 784 816
f 783 816 815
f 784 785 817
f 784 817 816
f 785 786 818
f 785 818 817
f 786 787 819
f 786 819 818
f 787 788 820
f 787 820 819
f 788 789 821
f 788 821 820
f 789 790 822
f 789 822 821
f 790 791 823
f 790 823 822
f 791 792 824
f 791 824 823
f 792 793 825
f 792 825 824
f 793 794 826
f 793 826 825
f 794 795 827
f 794 827 826
f 795 796 828
f 795 828 827
f 796 797 829
f 796 829 828
f 797 798 830
f 797 830 829
f 798 799 831
f 798 831 830
f 799 800 832
f 799 832 831
f 800 769 801
f 800 801 832
f 801 802 834
f 801 834 833
f 802 803 835
f 802 835 834
f 803 804 836
f 803 836 835
f 804 805 837
f 804 837 836
f 805 806 838
f 805 838 837
f 806 807 839
f 806 839 838
f 807 808 840
f 807 840 839
f 808 809 841
f 808 841 840
f 809 810 842
f 809 842 841
f 810 811 843
f 810 843 842
f 811 812 844
f 811 844 843
f 812 813 845
f 812 845 844
f 813 814 846
f 813 846 845
f 814 815 847
f 814 847 846
f 815 816 848
f 815 848 847
f 816 817 849
f 816 849 848
f 817 818 850
f 817 850 849
f 818 819 851
f 818 851 850
f 819 820 852
f 819 852 851
f 820 821 853
f 820 853 852
f 821 822 854
f 821 854 853
f 822 823 855
f 822 855 854
f 823 824 856
f 823 856 855
f 824 825 857
f 824 857 856
f 825 826 858
f 825 858 857
f 826 827 859
f 826 859 858
f 827 828 860
f 827 860 859
f 828 829 861
f 828 861 860
f 829 830 862
f 829 862 861
f 830 831 863
f 830 863 862
f 831 832 864
f 831 864 863
f 832 801 833
f 832 833 864
f 833 834 866
f 833 866 865
f 834 835 867
f 834 867 866
f 835 836 868
f 835 868 867
f 836 837 869
f 836 869 868
f 837 838 870
f 837 870 869
f 838 839 871
f 838 871 870
f 839 840 872
f 839 872 871
f 840 841 873
f 840 873 872
f 841 842 874
f 841 874 873
f 842 843 875
f 842 875 874
f 843 844 876
f 843 876 875
f 844 845 877
f 844 877 876
f 845 846 878
f 845 878 877
f 846 847 879
f 846 879 878
f 847 848 880
f 847 880 879
f 848 849 881
f 848 881 880
f 849 850 882
f 849 882 881
f 850 851 883
f 850 883 882
f 851 852 884
f 851 884 883
f 852 853 885
f 852 885 884
f 853 854 886
f 853 886 885
f 854 855 887
f 854 887 886
f 855 856 888
f 855 888 887
f 856 857 889
f 856 889 888
f 857 858 890
f 857 890 889
f 858 859 891
f 858 891 890
f 859 860 892
f 859 892 891
f 860 861 893
f 860 893 892
f 861 862 894
f 861 894 893
f 862 863 895
f 862 895 894
f 863 864 896
f 863 896 895
f 864 833 865
f 864 865 896
f 865 866 898
f 865 898 897
f 866 867 899
f 866 899 898
f 867 868 900
f 867 900 899
f 868 869 901
f 868 901 900
f 869 870 902
f 869 902 901
f 870 871 903
f 870 903 902
f 871 872 904
f 871 904 903
f 872 873 905
f 872 905 904
f 873 874 906
f 873 906 905
f 874 875 907
f 874 907 906
f 875 876 908
f 875 908 907
f 876 877 909
f 876 909 908
f 877 878 910
f 877 910 909
f 878 879 911
f 878 911 910
f 879 880 912
f 879 912 911
f 880 881 913
f 880 913 912
f 881 882 914
f 881 914 913
f 882 883 915
f 882 915 914
f 883 884 916
f 883 916 915
f 884 885 917
f 884 917 916
f 885 886 918
f 885 918 917
f 886 887 919
f 886 919 918
f 887 888 920
f 887 920 919
f 888 889 921
f 888 921 920
f 889 890 922
f 889 922 921
f 890 891 923
f 890 923 922
f 891 892 924
f 891 924 923
f 892 893 925
f 892 925 924
f 893 894 926
f 893 926 925
f 894 895 927
f 894 927 926
f 895 896 928
f 895 928 927
f 896 865 897
f 896 897 928
f 897 898 930
f 897 930 929
f 898 899 931
f 898 931 930
f 899 900 932
f 899 932 931
f 900 901 933
f 900 933 932
f 901 902 934
f 901 934 933
f 902 903 935
f 902 935 934
f 903 904 936
f 903 936 935
f 904 905 937
f 904 937 936
f 905 906 938
f 905 938 937
f 906 907 939
f 906 939 938
f 907 908 940
f 907 940 939
f 908 909 941
f 908 941 940
f 909 910 942
f 909 942 941
f 910 911 943
f 910 943 942
f 911 912 944
f 911 944 943
f 912 913 945
f 912 945 944
f 913 914 946
f 913 946 945
f 914 915 947
f 914 947 946
f 915 916 948
f 915 948 947
f 916 917 949
f 916 949 948
f 917 918 950
f 917 950 949
f 918 919 951
f 918 951 950
f 919 920 952
f 919 952 951
f 920 921 953
f 920 953 952
f 921 922 954
f 921 954 953
f 922 923 955
f 922 955 954
f 923 924 956
f 923 956 955
f 924 925 957
f 924 957 956
f 925 926 958
f 925 958 957
f 926 927 959
f 926 959 958
f 927 928 960
f 927 960 959
f 928 897 929
f 928 929 960
f 929 930 962
f 929 962 961
f 930 931 963
f 930 963 962
f 931 932 964
f 931 964 963
f 932 933 965
f 932 965 964
f 933 934 966
f 933 966 965
f 934 935 967
f 934 967 966
f 935 936 968
f 935 968 967
f 936 937 969
f 936 969 968
f 937 938 970
f 937 970 969
f 938 939 971
f 938 971 970
f 939 940 972
f 939 972 971
f 940 941 973
f 940 973 972
f 941 942 974
f 941 974 973
f 942 943 975
f 942 975 974
f 943 944 976
f 943 976 975
f 944 945 977
f 944 977 976
f 945 946 978
f 945 978 977
f 946 947 979
f 946 979 978
f 947 948 980
f 947 980 979
f 948 949 981
f 948 981 980
f 949 950 982
f 949 982 981
f 950 951 983
f 950 983 982
f 951 952 984
f 951 984 983
f 952 953 985
f 952 985 984
f 953 954 986
f 953 986 985
f 954 955 987
f 954 987 986
f 955 956 988
f 955 988 987
f 956 957 989
f 956 989 988
f 957 958 990
f 957 990 989
f 958 959 991
f 958 991 990
f 959 960 992
f 959 992 991
f 960 929 961
f 960 961 992
f 961 962 994
f 961 994 993
f 962 963 995
f 962 995 994
f 963 964 996
f 963 996 995
f 964 965 997
f 964 997 996
f 965 966 998
f 965 998 997
f 966 967 999
f 966 999 998
f 967 968 1000
f 967 1000 999
f 968 969 1001
f 968 1001 1000
f 969 970 1002
f 969 1002 1001
f 970 971 1003
f 970 1003 1002
f 971 972 1004
f 971 1004 1003
f 972 973 1005
f 972 1005 1004
f 973 974 1006
f 973 1006 1005
f 974 975 1007
f 974 1007 1006
f 975 976 1008
f 975 1008 1007
f 976 977 1009
f 976 1009 1008
f 977 978 1010
f 977 1010 1009
f 978 979 1011
f 978 1011 1010
f 979 980 1012
f 979 1012 1011
f 980 981 1013
f 980 1013 1012
f 981 982 1014
f 981 1014 1013
f 982 983 1015
f 982 1015 1014
f 983 984 1016
f 983 1016 1015
f 984 985 1017
f 984 1017 1016
f 985 986 1018
f 985 1018 1017
f 986 987 1019
f 986 1019 1018
f 987 988 1020
f 987 1020 1019
f 988 989 1021
f 988 1021 1020
f 989 990 1022
f 989 1022 1021
f 990 991 1023
f 990 1023 1022
f 991 992 1024
f 991 1024 1023
f 992 961 993
f 992 993 1024
f 993 994 1026
f 993 1026 1025
f 994 995 1027
f 994 1027 1026
f 995 996 1028
f 995 1028 1027
f 996 997 1029
f 996 1029 1028
f 997 998 1030
f 997 1030 1029
f 998 999 1031
f 998 1031 1030
f 999 1000 1032
f 999 1032 1031
f 1000 1001 1033
f 1000 1033 1032
f 1001 1002 1034
f 1001 1034 1033
f 1002 1003 1035
f 1002 1035 1034
f 1003 1004 1036
f 1003 1036 1035
f 1004 1005 1037
f 1004 1037 1036
f 1005 1006 1038
f 1005 1038 1037
f 1006 1007 1039
f 1006 1039 1038
f 1007 1008 1040
f 1007 1040 1039
f 1008 1009 1041
f 1008 1041 1040
f 1009 1010 1042
f 1009 1042 1041
f 1010 1011 1043
f 1010 1043 1042
f 1011 1012 1044
f 1011 1044 1043
f 1012 1013 1045
f 1012 1045 1044
f 1013 1014 1046
f 1013 1046 1045
f 1014 1015 1047
f 1014 1047 1046
f 1015 1016 1048
f 1015 1048 1047
f 1016 1017 1049
f 1016 1049 1048
f 1017 1018 1050
f 1017 1050 1049
f 1018 1019 1051
f 1018 1051 1050
f 1019 1020 1052
f 1019 1052 1051
f 1020 1021 1053
f 1020 1053 1052
f 1021 1022 1054
f 1021 1054 1053
f 1022 1023 1055
f 1022 1055 1054
f 1023 1024 1056
f 1023 1056 1055
f 1024 993 1025
f 1024 1025 1056
f 1025 1026 1058
f 1025 1058 1057
f 1026 1027 1059
f 1026 1059 1058
f 1027 1028 1060
f 1027 1060 1059
f 1028 1029 1061
f 1028 1061 1060
f 1029 1030 1062
f 1029 1062 1061
f 1030 1031 1063
f 1030 1063 1062
f 1031 1032 1064
f 1031 1064 1063
f 1032 1033 1065
f 1032 1065 1064
f 1033 1034 1066
f 1033 1066 1065
f 1034 1035 1067
f 1034 1067 1066
f 1035 1036 1068
f 1035 1068 1067
f 1036 1037 1069
f 1036 1069 1068
f 1037 1038 1070
f 1037 1070 1069
f 1038 1039 1071
f 1038 1071 1070
f 1039 1040 1072
f 1039 1072 1071
f 1040 1041 1073
f 1040 1073 1072
f 1041 1042 1074
f 1041 1074 1073
f 1042 1043 1075
f 1042 1075 1074
f 1043 1044 1076
f 1043 1076 1075
f 1044 1045 1077
f 1044 1077 1076
f 1045 1046 1078
f 1045 1078 1077
f 1046 1047 1079
f 1046 1079 1078
f 1047 1048 1080
f 1047 1080 1079
f 1048 1049 1081
f 1048 1081 1080
f 1049 1050 1082
f 1049 1082 1081
f 1050 1051 1083
f 1050 1083 1082
f 1051 1052 1084
f 1051 1084 1083
f 1052 1053 1085
f 1052 1085 1084
f 1053 1054 1086
f 1053 1086 1085
f 1054 1055 1087
f 1054 1087 1086
f 1055 1056 1088
f 1055 1088 1087
f 1056 1025 1057
f 1056 1057 1088
f 1057 1058 1090
f 1057 1090 1089
f 1058 1059 1091
f 1058 1091 1090
f 1059 1060 1092
f 1059 1092 1091
f 1060 1061 1093
f 1060 1093 1092
f 1061 1062 1094
f 1061 1094 1093
f 1062 1063 1095
f 1062 1095 1094
f 1063 1064 1096
f 1063 1096 1095
f 1064 1065 1097
f 1064 1097 1096
f 1065 1066 1098
f 1065 1098 1097
f 1066 1067 1099
f 1066 1099 1098
f 1067 1068 1100
f 1067 1100 1099
f 1068 1069 1101
f 1068 1101 1100
f 1069 1070 1102
f 1069 1102 1101
f 1070 1071 1103
f 1070 1103 1102
f 1071 1072 1104
f 1071 1104 1103
f 1072 1073 1105
f 1072 1105 1104
f 1073 1074 1106
f 1073 1106 1105
f 1074 1075 1107
f 1074 1107 1106
f 1075 1076 1108
f 1075 1108 1107
f 1076 1077 1109
f 1076 1109 1108
f 1077 1078 1110
f 1077 1110 1109
f 1078 1079 1111
f 1078 1111 1110
f 1079 1080 1112
f 1079 1112 1111
f 1080 1081 1113
f 1080 1113 1112
f 1081 1082 1114
f 1081 1114 1113
f 1082 1083 1115
f 1082 1115 1114
f 1083 1084 1116
f 1083 1116 1115
f 1084 1085 1117
f 1084 1117 1116
f 1085 1086 1118
f 1085 1118 1117
f 1086 1087 1119
f 1086 1119 1118
f 1087 1088 1120
f 1087 1120 1119
f 1088 1057 1089
f 1088 1089 1120
f 1089 1090 1122
f 1089 1122 1121
f 1090 1091 1123
f 1090 1123 1122
f 1091 1092 1124
f 1091 1124 1123
f 1092 1093 1125
f 1092 1125 1124
f 1093 1094 1126
f 1093 1126 1125
f 1094 1095 1127
f 1094 1127 1126
f 1095 1096 1128
f 1095 1128 1127
f 1096 1097 1129
f 1096 1129 1128
f 1097 1098 1130
f 1097 1130 1129
f 1098 1099 1131
f 1098 1131 1130
f 1099 1100 1132
f 1099 1132 1131
f 1100 1101 1133
f 1100 1133 1132
f 1101 1102 1134
f 1101 1134 1133
f 1102 1103 1135
f 1102 1135 1134
f 1103 1104 1136
f 1103 1136 1135
f 1104 1105 1137
f 1104 1137 1136
f 1105 1106 1138
f 1105 1138 1137
f 1106 1107 1139
f 1106 1139 1138
f 1107 1108 1140
f 1107 1140 1139
f 1108 1109 1141
f 1108 1141 1140
f 1109 1110 1142
f 1109 1142 1141
f 1110 1111 1143
f 1110 1143 1142
f 1111 1112 1144
f 1111 1144 1143
f 1112 1113 1145
f 1112 1145 1144
f 1113 1114 1146
f 1113 1146 1145
f 1114 1115 1147
f 1114 1147 1146
f 1115 1116 1148
f 1115 1148 1147
f 1116 1117 1149
f 1116 1149 1148
f 1117 1118 1150
f 1117 1150 1149
f 1118 1119 1151
f 1118 1151 1150
f 1119 1120 1152
f 1119 1152 1151
f 1120 1089 1121
f 1120 1121 1152
f 1121 1122 1154
f 1121 1154 1153
f 1122 1123 1155
f 1122 1155 1154
f 1123 1124 1156
f 1123 1156 1155
f 1124 1125 1157
f 1124 1157 1156
f 1125 1126 1158
f 1125 1158 1157
f 1126 1127 1159
f 1126 1159 1158
f 1127 1128 1160
f 1127 1160 1159
f 1128 1129 1161
f 1128 1161 1160
f 1129 1130 1162
f 1129 1162 1161
f 1130 1131 1163
f 1130 1163 1162
f 1131 1132 1164
f 1131 1164 1163
f 1132 1133 1165
f 1132 1165 1164
f 1133 1134 1166
f 1133 1166 1165
f 1134 1135 1167
f 1134 1167 1166
f 1135 1136 1168
f 1135 1168 1167
f 1136 1137 1169
f 1136 1169 1168
f 1137 1138 1170
f 1137 1170 1169
f 1138 1139 1171
f 1138 1171 1170
f 1139 1140 1172
f 1139 1172 1171
f 1140 1141 1173
f 1140 1173 1172
f 1141 1142 1174
f 1141 1174 1173
f 1142 1143 1175
f 1142 1175 1174
f 1143 1144 1176
f 1143 1176 1175
f 1144 1145 1177
f 1144 1177 1176
f 1145 1146 1178
f 1145 1178 1177
f 1146 1147 1179
f 1146 1179 1178
f 1147 1148 1180
f 1147 1180 1179
f 1148 1149 1181
f 1148 1181 1180
f 1149 1150 1182
f 1149 1182 1181
f 1150 1151 1183
f 1150 1183 1182
f 1151 1152 1184
f 1151 1184 1183
f 1152 1121 1153
f 1152 1153 1184
f 1153 1154 1186
f 1153 1186 1185
f 1154 1155 1187
f 1154 1187 1186
f 1155 1156 1188
f 1155 1188 1187
f 1156 1157 1189
f 1156 1189 1188
f 1157 1158 1190
f 1157 1190 1189
f 1158 1159 1191
f 1158 1191 1190
f 1159 1160 1192
f 1159 1192 1191
f 1160 1161 1193
f 1160 1193 1192
f 1161 1162 1194
f 1161 1194 1193
f 1162 1163 1195
f 1162 1195 1194
f 1163 1164 1196
f 1163 1196 1195
f 1164 1165 1197
f 1164 1197 1196
f 1165 1166 1198
f 1165 1198 1197
f 1166 1167 1199
f 1166 1199 1198
f 1167 1168 1200
f 1167 1200 1199
f 1168 1169 1201
f 1168 1201 1200
f 1169 1170 1202
f 1169 1202 1201
f 1170 1171 1203
f 1170 1203 1202
f 1171 1172 1204
f 1171 1204 1203
f 1172 1173 1205
f 1172 1205 1204
f 1173 1174 1206
f 1173 1206 1205
f 1174 1175 1207
f 1174 1207 1206
f 1175 1176 1208
f 1175 1208 1207
f 1176 1177 1209
f 1176 1209 1208
f 1177 1178 1210
f 1177 1210 1209
f 1178 1179 1211
f 1178 1211 1210
f 1179 1180 1212
f 1179 1212 1211
f 1180 1181 1213
f 1180 1213 1212
f 1181 1182 1214
f 1181 1214 1213
f 1182 1183 1215
f 1182 1215 1214
f 1183 1184 1216
f 1183 1216 1215
f 1184 1153 1185
f 1184 1185 1216
f 1185 1186 1218
f 1185 1218 1217
f 1186 1187 1219
f 1186 1219 1218
f 1187 1188 1220
f 1187 1220 1219
f 1188 1189 1221
f 1188 1221 1220
f 1189 1190 1222
f 1189 1222 1221
f 1190 1191 1223
f 1190 1223 1222
f 1191 1192 1224
f 1191 1224 1223
f 1192 1193 1225
f 1192 1225 1224
f 1193 1194 1226
f 1193 1226 1225
f 1194 1195 1227
f 1194 1227 1226
f 1195 1196 1228
f 1195 1228 1227
f 1196 1197 1229
f 1196 1229 1228
f 1197 1198 1230
f 1197 1230 1229
f 1198 1199 1231
f 1198 1231 1230
f 1199 1200 1232
f 1199 1232 1231
f 1200 1201 1233
f 1200 1233 1232
f 1201 1202 1234
f 1201 1234 1233
f 1202 1203 1235
f 1202 1235 1234
f 1203 1204 1236
f 1203 1236 1235
f 1204 1205 1237
f 1204 1237 1236
f 1205 1206 1238
f 1205 1238 1237
f 1206 1207 1239
f 1206 1239 1238
f 1207 1208 1240
f 1207 1240 1239
f 1208 1209 1241
f 1208 1241 1240
f 1209 1210 1242
f 1209 1242 1241
f 1210 1211 1243
f 1210 1243 1242
f 1211 1212 1244
f 1211 1244 1243
f 1212 1213 1245
f 1212 1245 1244
f 1213 1214 1246
f 1213 1246 1245
f 1214 1215 1247
f 1214 1247 1246
f 1215 1216 1248
f 1215 1248 1247
f 1216 1185 1217
f 1216 1217 1248
f 1217 1218 1250
f 1217 1250 1249
f 1218 1219 1251
f 1218 1251 1250
f 1219 1220 1252
f 1219 1252 1251
f 1220 1221 1253
f 1220 1253 1252
f 1221 1222 1254
f 1221 1254 1253
f 1222 1223 1255
f 1222 1255 1254
f 1223 1224 1256
f 1223 1256 1255
f 1224 1225 1257
f 1224 1257 1256
f 1225 1226 1258
f 1225 1258 1257
f 1226 1227 1259
f 1226 1259 1258
f 1227 1228 1260
f 1227 1260 1259
f 1228 1229 1261
f 1228 1261 1260
f 1229 1230 1262
f 1229 1262 1261
f 1230 1231 1263
f 1230 1263 1262
f 1231 1232 1264
f 1231 1264 1263
f 1232 1233 1265
f 1232 1265 1264
f 1233 1234 1266
f 1233 1266 1265
f 1234 1235 1267
f 1234 1267 1266
f 1235 1236 1268
f 1235 1268 1267
f 1236 1237 1269
f 1236 1269 1268
f 1237 1238 1270
f 1237 1270 1269
f 1238 1239 1271
f 1238 1271 1270
f 1239 1240 1272
f 1239 1272 1271
f 1240 1241 1273
f 1240 1273 1272
f 1241 1242 1274
f 1241 1274 1273
f 1242 1243 1275
f 1242 1275 1274
f 1243 1244 1276
f 1243 1276 1275
f 1244 1245 1277
f 1244 1277 1276
f 1245 1246 1278
f 1245 1278 1277
f 1246 1247 1279
f 1246 1279 1278
f 1247 1248 1280
f 1247 1280 1279
f 1248 1217 1249
f 1248 1249 1280
f 1249 1250 1282
f 1249 1282 1281
f 1250 1251 1283
f 1250 1283 1282
f 1251 1252 1284
f 1251 1284 1283
f 1252 1253 1285
f 1252 1285 1284
f 1253 1254 1286
f 1253 1286 1285
f 1254 1255 1287
f 1254 1287 1286
f 1255 1256 1288
f 1255 1288 1287
f 1256 1257 1289
f 1256 1289 1288
f 1257 1258 1290
f 1257 1290 1289
f 1258 1259 1291
f 1258 1291 1290
f 1259 1260 1292
f 1259 1292 1291
f 1260 1261 1293
f 1260 1293 1292
f 1261 1262 1294
f 1261 1294 1293
f 1262 1263 1295
f 1262 1295 1294
f 1263 1264 1296
f 1263 1296 1295
f 1264 1265 1297
f 1264 1297 1296
f 1265 1266 1298
f 1265 1298 1297
f 1266 1267 1299
f 1266 1299 1298
f 1267 1268 1300
f 1267 1300 1299
f 1268 1269 1301
f 1268 1301 1300
f 1269 1270 1302
f 1269 1302 1301
f 1270 1271 1303
f 1270 1303 1302
f 1271 1272 1304
f 1271 1304 1303
f 1272 1273 1305
f 1272 1305 1304
f 1273 1274 1306
f 1273 1306 1305
f 1274 1275 1307
f 1274 1307 1306
f 1275 1276 1308
f 1275 1308 1307
f 1276 1277 1309
f 1276 1309 1308
f 1277 1278 1310
f 1277 1310 1309
f 1278 1279 1311
f 1278 1311 1310
f 1279 1280 1312
f 1279 1312 1311
f 1280 1249 1281
f 1280 1281 1312
f 1281 1282 1314
f 1281 1314 1313
f 1282 1283 1315
f 1282 1315 1314
f 1283 1284 1316
f 1283 1316 1315
f 1284 1285 1317
f 1284 1317 1316
f 1285 1286 1318
f 1285 1318 1317
f 1286 1287 1319
f 1286 1319 1318
f 1287 1288 1320
f 1287 1320 1319
f 1288 1289 1321
f 1288 1321 1320
f 1289 1290 1322
f 1289 1322 1321
f 1290 1291 1323
f 1290 1323 1322
f 1291 1292 1324
f 1291 1324 1323
f 1292 1293 1325
f 1292 1325 1324
f 1293 1294 1326
f 1293 1326 1325
f 1294 1295 1327
f 1294 1327 1326
f 1295 1296 1328
f 1295 1328 1327
f 1296 1297 1329
f 1296 1329 1328
f 1297 1298 1330
f 1297 1330 1329
f 1298 1299 1331
f 1298 1331 1330
f 1299 1300 1332
f 1299 1332 1331
f 1300 1301 1333
f 1300 1333 1332
f 1301 1302 1334
f 1301 1334 1333
f 1302 1303 1335
f 1302 1335 1334
f 1303 1304 1336
f 1303 1336 1335
f 1304 1305 1337
f 1304 1337 1336
f 1305 1306 1338
f 1305 1338 1337
f 1306 1307 1339
f 1306 1339 1338
f 1307 1308 1340
f 1307 1340 1339
f 1308 1309 1341
f 1308 1341 1340
f 1309 1310 1342
f 1309 1342 1341
f 1310 1311 1343
f 1310 1343 1342
f 1311 1312 1344
f 1311 1344 1343
f 1312 1281 1313
f 1312 1313 1344
f 1313 1314 1346
f 1313 1346 1345
f 1314 1315 1347
f 1314 1347 1346
f 1315 1316 1348
f 1315 1348 1347
f 1316 1317 1349
f 1316 1349 1348
f 1317 1318 1350
f 1317 1350 1349
f 1318 1319 1351
f 1318 1351 1350
f 1319 1320 1352
f 1319 1352 1351
f 1320 1321 1353
f 1320 1353 1352
f 1321 1322 1354
f 1321 1354 1353
f 1322 1323 1355
f 1322 1355 1354
f 1323 1324 1356
f 1323 1356 1355
f 1324 1325 1357
f 1324 1357 1356
f 1325 1326 1358
f 1325 1358 1357
f 1326 1327 1359
f 1326 1359 1358
f 1327 1328 1360
f 1327 1360 1359
f 1328 1329 1361
f 1328 1361 1360
f 1329 1330 1362
f 1329 1362 1361
f 1330 1331 1363
f 1330 1363 1362
f 1331 1332 1364
f 1331 1364 1363
f 1332 1333 1365
f 1332 1365 1364
f 1333 1334 1366
f 1333 1366 1365
f 1334 1335 1367
f 1334 1367 1366
f 1335 1336 1368
f 1335 1368 1367
f 1336 1337 1369
f 1336 1369 1368
f 1337 1338 1370
f 1337 1370 1369
f 1338 1339 1371
f 1338 1371 1370
f 1339 1340 1372
f 1339 1372 1371
f 1340 1341 1373
f 1340 1373 1372
f 1341 1342 1374
f 1341 1374 1373
f 1342 1343 1375
f 1342 1375 1374
f 1343 1344 1376
f 1343 1376 1375
f 1344 1313 1345
f 1344 1345 1376
f 1345 1346 1378
f 1345 1378 1377
f 1346 1347 1379
f 1346 1379 1378
f 1347 1348 1380
f 1347 1380 1379
f 1348 1349 1381
f 1348 1381 1380
f 1349 1350 1382
f 1349 1382 1381
f 1350 1351 1383
f 1350 1383 1382
f 1351 1352 1384
f 1351 1384 1383
f 1352 1353 1385
f 1352 1385 1384
f 1353 1354 1386
f 1353 1386 1385
f 1354 1355 1387
f 1354 1387 1386
f 1355 1356 1388
f 1355 1388 1387
f 1356 1357 1389
f 1356 1389 1388
f 1357 1358 1390
f 1357 1390 1389
f 1358 1359 1391
f 1358 1391 1390
f 1359 1360 1392
f 1359 1392 1391
f 1360 1361 1393
f 1360 1393 1392
f 1361 1362 1394
f 1361 1394 1393
f 1362 1363 1395
f 1362 1395 1394
f 1363 1364 1396
f 1363 1396 1395
f 1364 1365 1397
f 1364 1397 1396
f 1365 1366 1398
f 1365 1398 1397
f 1366 1367 1399
f 1366 1399 1398
f 1367 1368 1400
f 1367 1400 1399
f 1368 1369 1401
f 1368 1401 1400
f 1369 1370 1402
f 1369 1402 1401
f 1370 1371 1403
f 1370 1403 1402
f 1371 1372 1404
f 1371 1404 1403
f 1372 1373 1405
f 1372 1405 1404
f 1373 1374 1406
f 1373 1406 1405
f 1374 1375 1407
f 1374 1407 1406
f 1375 1376 1408
f 1375 1408 1407
f 1376 1345 1377
f 1376 1377 1408
f 1377 1378 1410
f 1377 1410 1409
f 1378 1379 1411
f 1378 1411 1410
f 1379 1380 1412
f 1379 1412 1411
f 1380 1381 1413
f 1380 1413 1412
f 1381 1382 1414
f 1381 1414 1413
f 1382 1383 1415
f 1382 1415 1414
f 1383 1384 1416
f 1383 1416 1415
f 1384 1385 1417
f 1384 1417 1416
f 1385 1386 1418
f 1385 1418 1417
f 1386 1387 1419
f 1386 1419 1418
f 1387 1388 1420
f 1387 1420 1419
f 1388 1389 1421
f 1388 1421 1420
f 1389 1390 1422
f 1389 1422 1421
f 1390 1391 1423
f 1390 1423 1422
f 1391 1392 1424
f 1391 1424 1423
f 1392 1393 1425
f 1392 1425 1424
f 1393 1394 1426
f 1393 1426 1425
f 1394 1395 1427
f 1394 1427 1426
f 1395 1396 1428
f 1395 1428 1427
f 1396 1397 1429
f 1396 1429 1428
f 1397 1398 1430
f 1397 1430 1429
f 1398 1399 1431
f 1398 1431 1430
f 1399 1400 1432
f 1399 1432 1431
f 1400 1401 1433
f 1400 1433 1432
f 1401 1402 1434
f 1401 1434 1433
f 1402 1403 1435
f 1402 1435 1434
f 1403 1404 1436
f 1403 1436 1435
f 1404 1405 1437
f 1404 1437 1436
f 1405 1406 1438
f 1405 1438 1437
f 1406 1407 1439
f 1406 1439 1438
f 1407 1408 1440
f 1407 1440 1439
f 1408 1377 1409
f 1408 1409 1440
f 1409 1410 1442
f 1409 1442 1441
f 1410 1411 1443
f 1410 1443 1442
f 1411 1412 1444
f 1411 1444 1443
f 1412 1413 1445
f 1412 1445 1444
f 1413 1414 1446
f 1413 1446 1445
f 1414 1415 1447
f 1414 1447 1446
f 1415 1416 1448
f 1415 1448 1447
f 1416 1417 1449
f 1416 1449 1448
f 1417 1418 1450
f 1417 1450 1449
f 1418 1419 1451
f 1418 1451 1450
f 1419 1420 1452
f 1419 1452 1451
f 1420 1421 1453
f 1420 1453 1452
f 1421 1422 1454
f 1421 1454 1453
f 1422 1423 1455
f 1422 1455 1454
f 1423 1424 1456
f 1423 1456 1455
f 1424 1425 1457
f 1424 1457 1456
f 1425 1426 1458
f 1425 1458 1457
f 1426 1427 1459
f 1426 1459 1458
f 1427 1428 1460
f 1427 1460 1459
f 1428 1429 1461
f 1428 1461 1460
f 1429 1430 1462
f 1429 1462 1461
f 1430 1431 1463
f 1430 1463 1462
f 1431 1432 1464
f 1431 1464 1463
f 1432 1433 1465
f 1432 1465 1464
f 1433 1434 1466
f 1433 1466 1465
f 1434 1435 1467
f 1434 1467 1466
f 1435 1436 1468
f 1435 1468 1467
f 1436 1437 1469
f 1436 1469 1468
f 1437 1438 1470
f 1437 1470 1469
f 1438 1439 1471
f 1438 1471 1470
f 1439 1440 1472
f 1439 1472 1471
f 1440 1409 1441
f 1440 1441 1472
f 1441 1442 1474
f 1441 1474 1473
f 1442 1443 1475
f 1442 1475 1474
f 1443 1444 1476
f 1443 1476 1475
f 1444 1445 1477
f 1444 1477 1476
f 1445 1446 1478
f 1445 1478 1477
f 1446 1447 1479
f 1446 1479 1478
f 1447 1448 1480
f 1447 1480 1479
f 1448 1449 1481
f 1448 1481 1480
f 1449 1450 1482
f 1449 1482 1481
f 1450 1451 1483
f 1450 1483 1482
f 1451 1452 1484
f 1451 1484 1483
f 1452 1453 1485
f 1452 1485 1484
f 1453 1454 1486
f 1453 1486 1485
f 1454 1455 1487
f 1454 1487 1486
f 1455 1456 1488
f 1455 1488 1487
f 1456 1457 1489
f 1456 1489 1488
f 1457 1458 1490
f 1457 1490 1489
f 1458 1459 1491
f 1458 1491 1490
f 1459 1460 1492
f 1459 1492 1491
f 1460 1461 1493
f 1460 1493 1492
f 1461 1462 1494
f 1461 1494 1493
f 1462 1463 1495
f 1462 1495 1494
f 1463 1464 1496
f 1463 1496 1495
f 1464 1465 1497
f 1464 1497 1496
f 1465 1466 1498
f 1465 1498 1497
f 1466 1467 1499
f 1466 1499 1498
f 1467 1468 1500
f 1467 1500 1499
f 1468 1469 1501
f 1468 1501 1500
f 1469 1470 1502
f 1469 1502 1501
f 1470 1471 1503
f 1470 1503 1502
f 1471 1472 1504
f 1471 1504 1503
f 1472 1441 1473
f 1472 1473 1504
f 1473 1474 1506
f 1473 1506 1505
f 1474 1475 1507
f 1474 1507 1506
f 1475 1476 1508
f 1475 1508 1507
f 1476 1477 1509
f 1476 1509 1508
f 1477 1478 1510
f 1477 1510 1509
f 1478 1479 1511
f 1478 1511 1510
f 1479 1480 1512
f 1479 1512 1511
f 1480 1481 1513
f 1480 1513 1512
f 1481 1482 1514
f 1481 1514 1513
f 1482 1483 1515
f 1482 1515 1514
f 1483 1484 1516
f 1483 1516 1515
f 1484 1485 1517
f 1484 1517 1516
f 1485 1486 1518
f 1485 1518 1517
f 1486 1487 1519
f 1486 1519 1518
f 1487 1488 1520
f 1487 1520 1519
f 1488 1489 1521
f 1488 1521 1520
f 1489 1490 1522
f 1489 1522 1521
f 1490 1491 1523
f 1490 1523 1522
f 1491 1492 1524
f 1491 1524 1523
f 1492 1493 1525
f 1492 1525 1524
f 1493 1494 1526
f 1493 1526 1525
f 1494 1495 1527
f 1494 1527 1526
f 1495 1496 1528
f 1495 1528 1527
f 1496 1497 1529
f 1496 1529 1528
f 1497 1498 1530
f 1497 1530 1529
f 1498 1499 1531
f 1498 1531 1530
f 1499 1500 1532
f 1499 1532 1531
f 1500 1501 1533
f 1500 1533 1532
f 1501 1502 1534
f 1501 1534 1533
f 1502 1503 1535
f 1502 1535 1534
f 1503 1504 1536
f 1503 1536 1535
f 1504 1473 1505
f 1504 1505 1536
f 1505 1506 1538
f 1505 1538 1537
f 1506 1507 1539
f 1506 1539 1538
f 1507 1508 1540
f 1507 1540 1539
f 1508 1509 1541
f 1508 1541 1540
f 1509 1510 1542
f 1509 1542 1541
f 1510 1511 1543
f 1510 1543 1542
f 1511 1512 1544
f 1511 1544 1543
f 1512 1513 1545
f 1512 1545 1544
f 1513 1514 1546
f 1513 1546 1545
f 1514 1515 1547
f 1514 1547 1546
f 1515 1516 1548
f 1515 1548 1547
f 1516 1517 1549
f 1516 1549 1548
f 1517 1518 1550
f 1517 1550 1549
f 1518 1519 1551
f 1518 1551 1550
f 1519 1520 1552
f 1519 1552 1551
f 1520 1521 1553
f 1520 1553 1552
f 1521 1522 1554
f 1521 1554 1553
f 1522 1523 1555
f 1522 1555 1554
f 1523 1524 1556
f 1523 1556 1555
f 1524 1525 1557
f 1524 1557 1556
f 1525 1526 1558
f 1525 1558 1557
f 1526 1527 1559
f 1526 1559 1558
f 1527 1528 1560
f 1527 1560 1559
f 1528 1529 1561
f 1528 1561 1560
f 1529 1530 1562
f 1529 1562 1561
f 1530 1531 1563
f 1530 1563 1562
f 1531 1532 1564
f 1531 1564 1563
f 1532 1533 1565
f 1532 1565 1564
f 1533 1534 1566
f 1533 1566 1565
f 1534 1535 1567
f 1534 1567 1566
f 1535 1536 1568
f 1535 1568 1567
f 1536 1505 1537
f 1536 1537 1568
f 1537 1538 1570
f 1537 1570 1569
f 1538 1539 1571
f 1538 1571 1570
f 1539 1540 1572
f 1539 1572 1571
f 1540 1541 1573
f 1540 1573 1572
f 1541 1542 1574
f 1541 1574 1573
f 1542 1543 1575
f 1542 1575 1574
f 1543 1544 1576
f 1543 1576 1575
f 1544 1545 1577
f 1544 1577 1576
f 1545 1546 1578
f 1545 1578 1577
f 1546 1547 1579
f 1546 1579 1578
f 1547 1548 1580
f 1547 1580 1579
f 1548 1549 1581
f 1548 1581 1580
f 1549 1550 1582
f 1549 1582 1581
f 1550 1551 1583
f 1550 1583 1582
f 1551 1552 1584
f 1551 1584 1583
f 1552 1553 1585
f 1552 1585 1584
f 1553 1554 1586
f 1553 1586 1585
f 1554 1555 1587
f 1554 1587 1586
f 1555 1556 1588
f 1555 1588 1587
f 1556 1557 1589
f 1556 1589 1588
f 1557 1558 1590
f 1557 1590 1589
f 1558 1559 1591
f 1558 1591 1590
f 1559 1560 1592
f 1559 1592 1591
f 1560 1561 1593
f 1560 1593 1592
f 1561 1562 1594
f 1561 1594 1593
f 1562 1563 1595
f 1562 1595 1594
f 1563 1564 1596
f 1563 1596 1595
f 1564 1565 1597
f 1564 1597 1596
f 1565 1566 1598
f 1565 1598 1597
f 1566 1567 1599
f 1566 1599 1598
f 1567 1568 1600
f 1567 1600 1599
f 1568 1537 1569
f 1568 1569 1600
f 1569 1570 1602
f 1569 1602 1601
f 1570 1571 1603
f 1570 1603 1602
f 1571 1572 1604
f 1571 1604 1603
f 1572 1573 1605
f 1572 1605 1604
f 1573 1574 1606
f 1573 1606 1605
f 1574 1575 1607
f 1574 1607 1606
f 1575 1576 1608
f 1575 1608 1607
f 1576 1577 1609
f 1576 1609 1608
f 1577 1578 1610
f 1577 1610 1609
f 1578 1579 1611
f 1578 1611 1610
f 1579 1580 1612
f 1579 1612 1611
f 1580 1581 1613
f 1580 1613 1612
f 1581 1582 1614
f 1581 1614 1613
f 1582 1583 1615
f 1582 1615 1614
f 1583 1584 1616
f 1583 1616 1615
f 1584 1585 1617
f 1584 1617 1616
f 1585 1586 1618
f 1585 1618 1617
f 1586 1587 1619
f 1586 1619 1618
f 1587 1588 1620
f 1587 1620 1619
f 1588 1589 1621
f 1588 1621 1620
f 1589 1590 1622
f 1589 1622 1621
f 1590 1591 1623
f 1590 1623 1622
f 1591 1592 1624
f 1591 1624 1623
f 1592 1593 1625
f 1592 1625 1624
f 1593 1594 1626
f 1593 1626 1625
f 1594 1595 1627
f 1594 1627 1626
f 1595 1596 1628
f 1595 1628 1627
f 1596 1597 1629
f 1596 1629 1628
f 1597 1598 1630
f 1597 1630 1629
f 1598 1599 1631
f 1598 1631 1630
f 1599 1600 1632
f 1599 1632 1631
f 1600 1569 1601
f 1600 1601 1632
f 1601 1602 1634
f 1601 1634 1633
f 1602 1603 1635
f 1602 1635 1634
f 1603 1604 1636
f 1603 1636 1635
f 1604 1605 1637
f 1604 1637 1636
f 1605 1606 1638
f 1605 1638 1637
f 1606 1607 1639
f 1606 1639 1638
f 1607 1608 1640
f 1607 1640 1639
f 1608 1609 1641
f 1608 1641 1640
f 1609 1610 1642
f 1609 1642 1641
f 1610 1611 1643
f 1610 1643 1642
f 1611 1612 1644
f 1611 1644 1643
f 1612 1613 1645
f 1612 1645 1644
f 1613 1614 1646
f 1613 1646 1645
f 1614 1615 1647
f 1614 1647 1646
f 1615 1616 1648
f 1615 1648 1647
f 1616 1617 1649
f 1616 1649 1648
f 1617 1618 1650
f 1617 1650 1649
f 1618 1619 1651
f 1618 1651 1650
f 1619 1620 1652
f 1619 1652 1651
f 1620 1621 1653
f 1620 1653 1652
f 1621 1622 1654
f 1621 1654 1653
f 1622 1623 1655
f 1622 1655 1654
f 1623 1624 1656
f 1623 1656 1655
f 1624 1625 1657
f 1624 1657 1656
f 1625 1626 1658
f 1625 1658 1657
f 1626 1627 1659
f 1626 1659 1658
f 1627 1628 1660
f 1627 1660 1659
f 1628 1629 1661
f 1628 1661 1660
f 1629 1630 1662
f 1629 1662 1661
f 1630 1631 1663
f 1630 1663 1662
f 1631 1632 1664
f 1631 1664 1663
f 1632 1601 1633
f 1632 1633 1664
f 1633 1634 1666
f 1633 1666 1665
f 1634 1635 1667
f 1634 1667 1666
f 1635 1636 1668
f 1635 1668 1667
f 1636 1637 1669
f 1636 1669 1668
f 1637 1638 1670
f 1637 1670 1669
f 1638 1639 1671
f 1638 1671 1670
f 1639 1640 1672
f 1639 1672 1671
f 1640 1641 1673
f 1640 1673 1672
f 1641 1642 1674
f 1641 1674 1673
f 1642 1643 1675
f 1642 1675 1674
f 1643 1644 1676
f 1643 1676 1675
f 1644 1645 1677
f 1644 1677 1676
f 1645 1646 1678
f 1645 1678 1677
f 1646 1647 1679
f 1646 1679 1678
f 1647 1648 1680
f 1647 1680 1679
f 1648 1649 1681
f 1648 1681 1680
f 1649 1650 1682
f 1649 1682 1681
f 1650 1651 1683
f 1650 1683 1682
f 1651 1652 1684
f 1651 1684 1683
f 1652 1653 1685
f 1652 1685 1684
f 1653 1654 1686
f 1653 1686 1685
f 1654 1655 1687
f 1654 1687 1686
f 1655 1656 1688
f 1655 1688 1687
f 1656 1657 1689
f 1656 1689 1688
f 1657 1658 1690
f 1657 1690 1689
f 1658 1659 1691
f 1658 1691 1690
f 1659 1660 1692
f 1659 1692 1691
f 1660 1661 1693
f 1660 1693 1692
f 1661 1662 1694
f 1661 1694 1693
f 1662 1663 1695
f 1662 1695 1694
f 1663 1664 1696
f 1663 1696 1695
f 1664 1633 1665
f 1664 1665 1696
f 1665 1666 1698
f 1665 1698 1697
f 1666 1667 1699
f 1666 1699 1698
f 1667 1668 1700
f 1667 1700 1699
f 1668 1669 1701
f 1668 1701 1700
f 1669 1670 1702
f 1669 1702 1701
f 1670 1671 1703
f 1670 1703 1702
f 1671 1672 1704
f 1671 1704 1703
f 1672 1673 1705
f 1672 1705 1704
f 1673 1674 1706
f 1673 1706 1705
f 1674 1675 1707
f 1674 1707 1706
f 1675 1676 1708
f 1675 1708 1707
f 1676 1677 1709
f 1676 1709 1708
f 1677 1678 1710
f 1677 1710 1709
f 1678 1679 1711
f 1678 1711 1710
f 1679 1680 1712
f 1679 1712 1711
f 1680 1681 1713
f 1680 1713 1712
f 1681 1682 1714
f 1681 1714 1713
f 1682 1683 1715
f 1682 1715 1714
f 1683 1684 1716
f 1683 1716 1715
f 1684 1685 1717
f 1684 1717 1716
f 1685 1686 1718
f 1685 1718 1717
f 1686 1687 1719
f 1686 1719 1718
f 1687 1688 1720
f 1687 1720 1719
f 1688 1689 1721
f 1688 1721 1720
f 1689 1690 1722
f 1689 1722 1721
f 1690 1691 1723
f 1690 1723 1722
f 1691 1692 1724
f 1691 1724 1723
f 1692 1693 1725
f 1692 1725 1724
f 1693 1694 1726
f 1693 1726 1725
f 1694 1695 1727
f 1694 1727 1726
f 1695 1696 1728
f 1695 1728 1727
f 1696 1665 1697
f 1696 1697 1728
f 1697 1698 1730
f 1697 1730 1729
f 1698 1699 1731
f 1698 1731 1730
f 1699 1700 1732
f 1699 1732 1731
f 1700 1701 1733
f 1700 1733 1732
f 1701 1702 1734
f 1701 1734 1733
f 1702 1703 1735
f 1702 1735 1734
f 1703 1704 1736
f 1703 1736 1735
f 1704 1705 1737
f 1704 1737 1736
f 1705 1706 1738
f 1705 1738 1737
f 1706 1707 1739
f 1706 1739 1738
f 1707 1708 1740
f 1707 1740 1739
f 1708 1709 1741
f 1708 1741 1740
f 1709 1710 1742
f 1709 1742 1741
f 1710 1711 1743
f 1710 1743 1742
f 1711 1712 1744
f 1711 1744 1743
f 1712 1713 1745
f 1712 1745 1744
f 1713 1714 1746
f 1713 1746 1745
f 1714 1715 1747
f 1714 1747 1746
f 1715 1716 1748
f 1715 1748 1747
f 1716 1717 1749
f 1716 1749 1748
f 1717 1718 1750
f 1717 1750 1749
f 1718 1719 1751
f 1718 1751 1750
f 1719 1720 1752
f 1719 1752 1751
f 1720 1721 1753
f 1720 1753 1752
f 1721 1722 1754
f 1721 1754 1753
f 1722 1723 1755
f 1722 1755 1754
f 1723 1724 1756
f 1723 1756 1755
f 1724 1725 1757
f 1724 1757 1756
f 1725 1726 1758
f 1725 1758 1757
f 1726 1727 1759
f 1726 1759 1758
f 1727 1728 1760
f 1727 1760 1759
f 1728 1697 1729
f 1728 1729 1760
f 1729 1730 1762
f 1729 1762 1761
f 1730 1731 1763
f 1730 1763 1762
f 1731 1732 1764
f 1731 1764 1763
f 1732 1733 1765
f 1732 1765 1764
f 1733 1734 1766
f 1733 1766 1765
f 1734 1735 1767
f 1734 1767 1766
f 1735 1736 1768
f 1735 1768 1767
f 1736 1737 1769
f 1736 1769 1768
f 1737 1738 1770
f 1737 1770 1769
f 1738 1739 1771
f 1738 1771 1770
f 1739 1740 1772
f 1739 1772 1771
f 1740 1741 1773
f 1740 1773 1772
f 1741 1742 1774
f 1741 1774 1773
f 1742 1743 1775
f 1742 1775 1774
f 1743 1744 1776
f 1743 1776 1775
f 1744 1745 1777
f 1744 1777 1776
f 1745 1746 1778
f 1745 1778 1777
f 1746 1747 1779
f 1746 1779 1778
f 1747 1748 1780
f 1747 1780 1779
f 1748 1749 1781
f 1748 1781 1780
f 1749 1750 1782
f 1749 1782 1781
f 1750 1751 1783
f 1750 1783 1782
f 1751 1752 1784
f 1751 1784 1783
f 1752 1753 1785
f 1752 1785 1784
f 1753 1754 1786
f 1753 1786 1785
f 1754 1755 1787
f 1754 1787 1786
f 1755 1756 1788
f 1755 1788 1787
f 1756 1757 1789
f 1756 1789 1788
f 1757 1758 1790
f 1757 1790 1789
f 1758 1759 1791
f 1758 1791 1790
f 1759 1760 1792
f 1759 1792 1791
f 1760 1729 1761
f 1760 1761 1792
f 1761 1762 1794
f 1761 1794 1793
f 1762 1763 1795
f 1762 1795 1794
f 1763 1764 1796
f 1763 1796 1795
f 1764 1765 1797
f 1764 1797 1796
f 1765 1766 1798
f 1765 1798 1797
f 1766 1767 1799
f 1766 1799 1798
f 1767 1768 1800
f 1767 1800 1799
f 1768 1769 1801
f 1768 1801 1800
f 1769 1770 1802
f 1769 1802 1801
f 1770 1771 1803
f 1770 1803 1802
f 1771 1772 1804
f 1771 1804 1803
f 1772 1773 1805
f 1772 1805 1804
f 1773 1774 1806
f 1773 1806 1805
f 1774 1775 1807
f 1774 1807 1806
f 1775 1776 1808
f 1775 1808 1807
f 1776 1777 1809
f 1776 1809 1808
f 1777 1778 1810
f 1777 1810 1809
f 1778 1779 1811
f 1778 1811 1810
f 1779 1780 1812
f 1779 1812 1811
f 1780 1781 1813
f 1780 1813 1812
f 1781 1782 1814
f 1781 1814 1813
f 1782 1783 1815
f 1782 1815 1814
f 1783 1784 1816
f 1783 1816 1815
f 1784 1785 1817
f 1784 1817 1816
f 1785 1786 1818
f 1785 1818 1817
f 1786 1787 1819
f 1786 1819 1818
f 1787 1788 1820
f 1787 1820 1819
f 1788 1789 1821
f 1788 1821 1820
f 1789 1790 1822
f 1789 1822 1821
f 1790 1791 1823
f 1790 1823 1822
f 1791 1792 1824
f 1791 1824 1823
f 1792 1761 1793
f 1792 1793 1824
f 1793 1794 1826
f 1793 1826 1825
f 1794 1795 1827
f 1794 1827 1826
f 1795 1796 1828
f 1795 1828 1827
f 1796 1797 1829
f 1796 1829 1828
f 1797 1798 1830
f 1797 1830 1829
f 1798 1799 1831
f 1798 1831 1830
f 1799 1800 1832
f 1799 1832 1831
f 1800 1801 1833
f 1800 1833 1832
f 1801 1802 1834
f 1801 1834 1833
f 1802 1803 1835
f 1802 1835 1834
f 1803 1804 1836
f 1803 1836 1835
f 1804 1805 1837
f 1804 1837 1836
f 1805 1806 1838
f 1805 1838 1837
f 1806 1807 1839
f 1806 1839 1838
f 1807 1808 1840
f 1807 1840 1839
f 1808 1809 1841
f 1808 1841 1840
f 1809 1810 1842
f 1809 1842 1841
f 1810 1811 1843
f 1810 1843 1842
f 1811 1812 1844
f 1811 1844 1843
f 1812 1813 1845
f 1812 1845 1844
f 1813 1814 1846
f 1813 1846 1845
f 1814 1815 1847
f 1814 1847 1846
f 1815 1816 1848
f 1815 1848 1847
f 1816 1817 1849
f 1816 1849 1848
f 1817 1818 1850
f 1817 1850 1849
f 1818 1819 1851
f 1818 1851 1850
f 1819 1820 1852
f 1819 1852 1851
f 1820 1821 1853
f 1820 1853 1852
f 1821 1822 1854
f 1821 1854 1853
f 1822 1823 1855
f 1822 1855 1854
f 1823 1824 1856
f 1823 1856 1855
f 1824 1793 1825
f 1824 1825 1856
f 1825 1826 1858
f 1825 1858 1857
f 1826 1827 1859
f 1826 1859 1858
f 1827 1828 1860
f 1827 1860 1859
f 1828 1829 1861
f 1828 1861 1860
f 1829 1830 1862
f 1829 1862 1861
f 1830 1831 1863
f 1830 1863 1862
f 1831 1832 1864
f 1831 1864 1863
f 1832 1833 1865
f 1832 1865 1864
f 1833 1834 1866
f 1833 1866 1865
f 1834 1835 1867
f 1834 1867 1866
f 1835 1836 1868
f 1835 1868 1867
f 1836 1837 1869
f 1836 1869 1868
f 1837 1838 1870
f 1837 1870 1869
f 1838 1839 1871
f 1838 1871 1870
f 1839 1840 1872
f 1839 1872 1871
f 1840 1841 1873
f 1840 1873 1872
f 1841 1842 1874
f 1841 1874 1873
f 1842 1843 1875
f 1842 1875 1874
f 1843 1844 1876
f 1843 1876 1875
f 1844 1845 1877
f 1844 1877 1876
f 1845 1846 1878
f 1845 1878 1877
f 1846 1847 1879
f 1846 1879 1878
f 1847 1848 1880
f 1847 1880 1879
f 1848 1849 1881
f 1848 1881 1880
f 1849 1850 1882
f 1849 1882 1881
f 1850 1851 1883
f 1850 1883 1882
f 1851 1852 1884
f 1851 1884 1883
f 1852 1853 1885
f 1852 1885 1884
f 1853 1854 1886
f 1853 1886 1885
f 1854 1855 1887
f 1854 1887 1886
f 1855 1856 1888
f 1855 1888 1887
f 1856 1825 1857
f 1856 1857 1888
f 1857 1858 1890
f 1857 1890 1889
f 1858 1859 1891
f 1858 1891 1890
f 1859 1860 1892
f 1859 1892 1891
f 1860 1861 1893
f 1860 1893 1892
f 1861 1862 1894
f 1861 1894 1893
f 1862 1863 1895
f 1862 1895 1894
f 1863 1864 1896
f 1863 1896 1895
f 1864 1865 1897
f 1864 1897 1896
f 1865 1866 1898
f 1865 1898 1897
f 1866 1867 1899
f 1866 1899 1898
f 1867 1868 1900
f 1867 1900 1899
f 1868 1869 1901
f 1868 1901 1900
f 1869 1870 1902
f 1869 1902 1901
f 1870 1871 1903
f 1870 1903 1902
f 1871 1872 1904
f 1871 1904 1903
f 1872 1873 1905
f 1872 1905 1904
f 1873 1874 1906
f 1873 1906 1905
f 1874 1875 1907
f 1874 1907 1906
f 1875 1876 1908
f 1875 1908 1907
f 1876 1877 1909
f 1876 1909 1908
f 1877 1878 1910
f 1877 1910 1909
f 1878 1879 1911
f 1878 1911 1910
f 1879 1880 1912
f 1879 1912 1911
f 1880 1881 1913
f 1880 1913 1912
f 1881 1882 1914
f 1881 1914 1913
f 1882 1883 1915
f 1882 1915 1914
f 1883 1884 1916
f 1883 1916 1915
f 1884 1885 1917
f 1884 1917 1916
f 1885 1886 1918
f 1885 1918 1917
f 1886 1887 1919
f 1886 1919 1918
f 1887 1888 1920
f 1887 1920 1919
f 1888 1857 1889
f 1888 1889 1920
f 1889 1890 1922
f 1889 1922 1921
f 1890 1891 1923
f 1890 1923 1922
f 1891 1892 1924
f 1891 1924 1923
f 1892 1893 1925
f 1892 1925 1924
f 1893 1894 1926
f 1893 1926 1925
f 1894 1895 1927
f 1894 1927 1926
f 1895 1896 1928
f 1895 1928 1927
f 1896 1897 1929
f 1896 1929 1928
f 1897 1898 1930
f 1897 1930 1929
f 1898 1899 1931
f 1898 1931 1930
f 1899 1900 1932
f 1899 1932 1931
f 1900 1901 1933
f 1900 1933 1932
f 1901 1902 1934
f 1901 1934 1933
f 1902 1903 1935
f 1902 1935 1934
f 1903 1904 1936
f 1903 1936 1935
f 1904 1905 1937
f 1904 1937 1936
f 1905 1906 1938
f 1905 1938 1937
f 1906 1907 1939
f 1906 1939 1938
f 1907 1908 1940
f 1907 1940 1939
f 1908 1909 1941
f 1908 1941 1940
f 1909 1910 1942
f 1909 1942 1941
f 1910 1911 1943
f 1910 1943 1942
f 1911 1912 1944
f 1911 1944 1943
f 1912 1913 1945
f 1912 1945 1944
f 1913 1914 1946
f 1913 1946 1945
f 1914 1915 1947
f 1914 1947 1946
f 1915 1916 1948
f 1915 1948 1947
f 1916 1917 1949
f 1916 1949 1948
f 1917 1918 1950
f 1917 1950 1949
f 1918 1919 1951
f 1918 1951 1950
f 1919 1920 1952
f 1919 1952 1951
f 1920 1889 1921
f 1920 1921 1952
f 1921 1922 1954
f 1921 1954 1953
f 1922 1923 1955
f 1922 1955 1954
f 1923 1924 1956
f 1923 1956 1955
f 1924 1925 1957
f 1924 1957 1956
f 1925 1926 1958
f 1925 1958 1957
f 1926 1927 1959
f 1926 1959 1958
f 1927 1928 1960
f 1927 1960 1959
f 1928 1929 1961
f 1928 1961 1960
f 1929 1930 1962
f 1929 1962 1961
f 1930 1931 1963
f 1930 1963 1962
f 1931 1932 1964
f 1931 1964 1963
f 1932 1933 1965
f 1932 1965 1964
f 1933 1934 1966
f 1933 1966 1965
f 1934 1935 1967
f 1934 1967 1966
f 1935 1936 1968
f 1935 1968 1967
f 1936 1937 1969
f 1936 1969 1968
f 1937 1938 1970
f 1937 1970 1969
f 1938 1939 1971
f 1938 1971 1970
f 1939 1940 1972
f 1939 1972 1971
f 1940 1941 1973
f 1940 1973 1972
f 1941 1942 1974
f 1941 1974 1973
f 1942 1943 1975
f 1942 1975 1974
f 1943 1944 1976
f 1943 1976 1975
f 1944 1945 1977
f 1944 1977 1976
f 1945 1946 1978
f 1945 1978 1977
f 1946 1947 1979
f 1946 1979 1978
f 1947 1948 1980
f 1947 1980 1979
f 1948 1949 1981
f 1948 1981 1980
f 1949 1950 1982
f 1949 1982 1981
f 1950 1951 1983
f 1950 1983 1982
f 1951 1952 1984
f 1951 1984 1983
f 1952 1921 1953
f 1952 1953 1984
f 1953 1954 1986
f 1953 1986 1985
f 1954 1955 1987
f 1954 1987 1986
f 1955 1956 1988
f 1955 1988 1987
f 1956 1957 1989
f 1956 1989 1988
f 1957 1958 1990
f 1957 1990 1989
f 1958 1959 1991
f 1958 1991 1990
f 1959 1960 1992
f 1959 1992 1991
f 1960 1961 1993
f 1960 1993 1992
f 1961 1962 1994
f 1961 1994 1993
f 1962 1963 1995
f 1962 1995 1994
f 1963 1964 1996
f 1963 1996 1995
f 1964 1965 1997
f 1964 1997 1996
f 1965 1966 1998
f 1965 1998 1997
f 1966 1967 1999
f 1966 1999 1998
f 1967 1968 2000
f 1967 2000 1999
f 1968 1969 2001
f 1968 2001 2000
f 1969 1970 2002
f 1969 2002 2001
f 1970 1971 2003
f 1970 2003 2002
f 1971 1972 2004
f 1971 2004 2003
f 1972 1973 2005
f 1972 2005 2004
f 1973 1974 2006
f 1973 2006 2005
f 1974 1975 2007
f 1974 2007 2006
f 1975 1976 2008
f 1975 2008 2007
f 1976 1977 2009
f 1976 2009 2008
f 1977 1978 2010
f 1977 2010 2009
f 1978 1979 2011
f 1978 2011 2010
f 1979 1980 2012
f 1979 2012 2011
f 1980 1981 2013
f 1980 2013 2012
f 1981 1982 2014
f 1981 2014 2013
f 1982 1983 2015
f 1982 2015 2014
f 1983 1984 2016
f 1983 2016 2015
f 1984 1953 1985
f 1984 1985 2016
f 1985 1986 2018
f 1985 2018 2017
f 1986 1987 2019
f 1986 2019 2018
f 1987 1988 2020
f 1987 2020 2019
f 1988 1989 2021
f 1988 2021 2020
f 1989 1990 2022
f 1989 2022 2021
f 1990 1991 2023
f 1990 2023 2022
f 1991 1992 2024
f 1991 2024 2023
f 1992 1993 2025
f 1992 2025 2024
f 1993 1994 2026
f 1993 2026 2025
f 1994 1995 2027
f 1994 2027 2026
f 1995 1996 2028
f 1995 2028 2027
f 1996 1997 2029
f 1996 2029 2028
f 1997 1998 2030
f 1997 2030 2029
f 1998 1999 2031
f 1998 2031 2030
f 1999 2000 2032
f 1999 2032 2031
f 2000 2001 2033
f 2000 2033 2032
f 2001 2002 2034
f 2001 2034 2033
f 2002 2003 2035
f 2002 2035 2034
f 2003 2004 2036
f 2003 2036 2035
f 2004 2005 2037
f 2004 2037 2036
f 2005 2006 2038
f 2005 2038 2037
f 2006 2007 2039
f 2006 2039 2038
f 2007 2008 2040
f 2007 2040 2039
f 2008 2009 2041
f 2008 2041 2040
f 2009 2010 2042
f 2009 2042 2041
f 2010 2011 2043
f 2010 2043 2042
f 2011 2012 2044
f 2011 2044 2043
f 2012 2013 2045
f 2012 2045 2044
f 2013 2014 2046
f 2013 2046 2045
f 2014 2015 2047
f 2014 2047 2046
f 2015 2016 2048
f 2015 2048 2047
f 2016 1985 2017
f 2016 2017 2048
