# tube retopo
v -0.470656 0.000000 -1.108832
v -0.472438 0.020484 -1.107884
v -0.477713 0.040182 -1.105079
v -0.486281 0.058335 -1.100524
v -0.497810 0.074246 -1.094394
v -0.511859 0.087304 -1.086924
v -0.527887 0.097007 -1.078401
v -0.545279 0.102982 -1.069154
v -0.563366 0.105000 -1.059537
v -0.581453 0.102982 -1.049920
v -0.598844 0.097007 -1.040673
v -0.614873 0.087304 -1.032151
v -0.628921 0.074246 -1.024681
v -0.640451 0.058335 -1.018550
v -0.649018 0.040182 -1.013995
v -0.654294 0.020484 -1.011190
v -0.656075 0.000000 -1.010243
v -0.654294 -0.020484 -1.011190
v -0.649018 -0.040182 -1.013995
v -0.640451 -0.058335 -1.018550
v -0.628921 -0.074246 -1.024681
v -0.614873 -0.087304 -1.032151
v -0.598844 -0.097007 -1.040673
v -0.581453 -0.102982 -1.049920
v -0.563366 -0.105000 -1.059537
v -0.545279 -0.102982 -1.069154
v -0.527887 -0.097007 -1.078401
v -0.511859 -0.087304 -1.086924
v -0.497810 -0.074246 -1.094394
v -0.486281 -0.058335 -1.100524
v -0.477713 -0.040182 -1.105079
v -0.472438 -0.020484 -1.107884
v -0.450754 0.000000 -1.076269
v -0.452574 0.020930 -1.075301
v -0.457964 0.041056 -1.072435
v -0.466718 0.059605 -1.067780
v -0.478499 0.075862 -1.061516
v -0.492853 0.089205 -1.053884
v -0.509231 0.099119 -1.045176
v -0.527001 0.105224 -1.035727
v -0.545481 0.107286 -1.025901
v -0.563962 0.105224 -1.016075
v -0.581732 0.099119 -1.006626
v -0.598109 0.089205 -0.997918
v -0.612464 0.075862 -0.990286
v -0.624244 0.059605 -0.984022
v -0.632998 0.041056 -0.979367
v -0.638389 0.020930 -0.976501
v -0.640209 0.000000 -0.975533
v -0.638389 -0.020930 -0.976501
v -0.632998 -0.041056 -0.979367
v -0.624244 -0.059605 -0.984022
v -0.612464 -0.075862 -0.990286
v -0.598109 -0.089205 -0.997918
v -0.581732 -0.099119 -1.006626
v -0.563962 -0.105224 -1.016075
v -0.545481 -0.107286 -1.025901
v -0.527001 -0.105224 -1.035727
v -0.509231 -0.099119 -1.045176
v -0.492853 -0.089205 -1.053884
v -0.478499 -0.075862 -1.061516
v -0.466718 -0.059605 -1.067780
v -0.457964 -0.041056 -1.072435
v -0.452574 -0.020930 -1.075301
v -0.430851 0.000000 -1.043706
v -0.432710 0.021376 -1.042717
v -0.438215 0.041931 -1.039790
v -0.447155 0.060875 -1.035036
v -0.459187 0.077479 -1.028639
v -0.473848 0.091105 -1.020844
v -0.490574 0.101231 -1.011950
v -0.508722 0.107466 -1.002300
v -0.527597 0.109571 -0.992265
v -0.546471 0.107466 -0.982229
v -0.564620 0.101231 -0.972579
v -0.581346 0.091105 -0.963686
v -0.596006 0.077479 -0.955891
v -0.608038 0.060875 -0.949494
v -0.616978 0.041931 -0.944740
v -0.622483 0.021376 -0.941813
v -0.624342 0.000000 -0.940824
v -0.622483 -0.021376 -0.941813
v -0.616978 -0.041931 -0.944740
v -0.608038 -0.060875 -0.949494
v -0.596006 -0.077479 -0.955891
v -0.581346 -0.091105 -0.963686
v -0.564620 -0.101231 -0.972579
v -0.546471 -0.107466 -0.982229
v -0.527597 -0.109571 -0.992265
v -0.508722 -0.107466 -1.002300
v -0.490574 -0.101231 -1.011950
v -0.473848 -0.091105 -1.020844
v -0.459187 -0.077479 -1.028639
v -0.447155 -0.060875 -1.035036
v -0.438215 -0.041931 -1.039790
v -0.432710 -0.021376 -1.042717
v -0.410948 0.000000 -1.011143
v -0.412846 0.021822 -1.010134
v -0.418466 0.042806 -1.007145
v -0.427593 0.062144 -1.002292
v -0.439875 0.079095 -0.995762
v -0.454842 0.093006 -0.987804
v -0.471917 0.103343 -0.978725
v -0.490444 0.109708 -0.968874
v -0.509712 0.111857 -0.958629
v -0.528980 0.109708 -0.948384
v -0.547507 0.103343 -0.938533
v -0.564582 0.093006 -0.929454
v -0.579549 0.079095 -0.921496
v -0.591831 0.062144 -0.914965
v -0.600958 0.042806 -0.910112
v -0.606578 0.021822 -0.907124
v -0.608476 0.000000 -0.906115
v -0.606578 -0.021822 -0.907124
v -0.600958 -0.042806 -0.910112
v -0.591831 -0.062144 -0.914965
v -0.579549 -0.079095 -0.921496
v -0.564582 -0.093006 -0.929454
v -0.547507 -0.103343 -0.938533
v -0.528980 -0.109708 -0.948384
v -0.509712 -0.111857 -0.958629
v -0.490444 -0.109708 -0.968874
v -0.471917 -0.103343 -0.978725
v -0.454842 -0.093006 -0.987804
v -0.439875 -0.079095 -0.995762
v -0.427593 -0.062144 -1.002292
v -0.418466 -0.042806 -1.007145
v -0.412846 -0.021822 -1.010134
v -0.391045 0.000000 -0.978580
v -0.392982 0.022268 -0.977550
v -0.398717 0.043681 -0.974500
v -0.408030 0.063414 -0.969549
v -0.420564 0.080711 -0.962884
v -0.435836 0.094906 -0.954764
v -0.453260 0.105454 -0.945500
v -0.472166 0.111950 -0.935447
v -0.491827 0.114143 -0.924993
v -0.511489 0.111950 -0.914538
v -0.530395 0.105454 -0.904486
v -0.547819 0.094906 -0.895221
v -0.563091 0.080711 -0.887101
v -0.575625 0.063414 -0.880437
v -0.584938 0.043681 -0.875485
v -0.590673 0.022268 -0.872436
v -0.592610 0.000000 -0.871406
v -0.590673 -0.022268 -0.872436
v -0.584938 -0.043681 -0.875485
v -0.575625 -0.063414 -0.880437
v -0.563091 -0.080711 -0.887101
v -0.547819 -0.094906 -0.895221
v -0.530395 -0.105454 -0.904486
v -0.511489 -0.111950 -0.914538
v -0.491827 -0.114143 -0.924993
v -0.472166 -0.111950 -0.935447
v -0.453260 -0.105454 -0.945500
v -0.435836 -0.094906 -0.954764
v -0.420564 -0.080711 -0.962884
v -0.408030 -0.063414 -0.969549
v -0.398717 -0.043681 -0.974500
v -0.392982 -0.022268 -0.977550
v -0.371142 0.000000 -0.946017
v -0.373118 0.022714 -0.944966
v -0.378968 0.044555 -0.941856
v -0.388467 0.064684 -0.936805
v -0.401252 0.082327 -0.930007
v -0.416830 0.096807 -0.921724
v -0.434603 0.107566 -0.912274
v -0.453887 0.114191 -0.902020
v -0.473943 0.116429 -0.891357
v -0.493998 0.114191 -0.880693
v -0.513283 0.107566 -0.870439
v -0.531056 0.096807 -0.860989
v -0.546634 0.082327 -0.852706
v -0.559418 0.064684 -0.845909
v -0.568918 0.044555 -0.840857
v -0.574768 0.022714 -0.837747
v -0.576743 0.000000 -0.836697
v -0.574768 -0.022714 -0.837747
v -0.568918 -0.044555 -0.840857
v -0.559418 -0.064684 -0.845909
v -0.546634 -0.082327 -0.852706
v -0.531056 -0.096807 -0.860989
v -0.513283 -0.107566 -0.870439
v -0.493998 -0.114191 -0.880693
v -0.473943 -0.116429 -0.891357
v -0.453887 -0.114191 -0.902020
v -0.434603 -0.107566 -0.912274
v -0.416830 -0.096807 -0.921724
v -0.401252 -0.082327 -0.930007
v -0.388467 -0.064684 -0.936805
v -0.378968 -0.044555 -0.941856
v -0.373118 -0.022714 -0.944966
v -0.351240 0.000000 -0.913454
v -0.353254 0.023160 -0.912383
v -0.359218 0.045430 -0.909211
v -0.368905 0.065954 -0.904061
v -0.381940 0.083944 -0.897130
v -0.397824 0.098707 -0.888684
v -0.415946 0.109678 -0.879049
v -0.435609 0.116433 -0.868593
v -0.456058 0.118714 -0.857721
v -0.476507 0.116433 -0.846848
v -0.496170 0.109678 -0.836392
v -0.514292 0.098707 -0.826757
v -0.530176 0.083944 -0.818311
v -0.543211 0.065954 -0.811380
v -0.552898 0.045430 -0.806230
v -0.558863 0.023160 -0.803058
v -0.560877 0.000000 -0.801988
v -0.558863 -0.023160 -0.803058
v -0.552898 -0.045430 -0.806230
v -0.543211 -0.065954 -0.811380
v -0.530176 -0.083944 -0.818311
v -0.514292 -0.098707 -0.826757
v -0.496170 -0.109678 -0.836392
v -0.476507 -0.116433 -0.846848
v -0.456058 -0.118714 -0.857721
v -0.435609 -0.116433 -0.868593
v -0.415946 -0.109678 -0.879049
v -0.397824 -0.098707 -0.888684
v -0.381940 -0.083944 -0.897130
v -0.368905 -0.065954 -0.904061
v -0.359218 -0.045430 -0.909211
v -0.353254 -0.023160 -0.912383
v -0.330932 0.000000 -0.881106
v -0.332993 0.023695 -0.880010
v -0.339095 0.046480 -0.876765
v -0.349006 0.067479 -0.871496
v -0.362342 0.085884 -0.864405
v -0.378593 0.100989 -0.855764
v -0.397134 0.112213 -0.845906
v -0.417252 0.119125 -0.835209
v -0.438173 0.121458 -0.824084
v -0.459095 0.119125 -0.812960
v -0.479213 0.112213 -0.802263
v -0.497754 0.100989 -0.792405
v -0.514005 0.085884 -0.783764
v -0.527341 0.067479 -0.776673
v -0.537252 0.046480 -0.771404
v -0.543354 0.023695 -0.768159
v -0.545415 0.000000 -0.767063
v -0.543354 -0.023695 -0.768159
v -0.537252 -0.046480 -0.771404
v -0.527341 -0.067479 -0.776673
v -0.514005 -0.085884 -0.783764
v -0.497754 -0.100989 -0.792405
v -0.479213 -0.112213 -0.802263
v -0.459095 -0.119125 -0.812960
v -0.438173 -0.121458 -0.824084
v -0.417252 -0.119125 -0.835209
v -0.397134 -0.112213 -0.845906
v -0.378593 -0.100989 -0.855764
v -0.362342 -0.085884 -0.864405
v -0.349006 -0.067479 -0.871496
v -0.339095 -0.046480 -0.876765
v -0.332993 -0.023695 -0.880010
v -0.310104 0.000000 -0.849034
v -0.312221 0.024346 -0.847909
v -0.318492 0.047756 -0.844575
v -0.328674 0.069331 -0.839161
v -0.342377 0.088241 -0.831875
v -0.359074 0.103760 -0.822997
v -0.378123 0.115292 -0.812868
v -0.398793 0.122394 -0.801878
v -0.420289 0.124792 -0.790448
v -0.441785 0.122394 -0.779019
v -0.462455 0.115292 -0.768028
v -0.481504 0.103760 -0.757900
v -0.498201 0.088241 -0.749022
v -0.511904 0.069331 -0.741736
v -0.522086 0.047756 -0.736322
v -0.528356 0.024346 -0.732988
v -0.530473 0.000000 -0.731862
v -0.528356 -0.024346 -0.732988
v -0.522086 -0.047756 -0.736322
v -0.511904 -0.069331 -0.741736
v -0.498201 -0.088241 -0.749022
v -0.481504 -0.103760 -0.757900
v -0.462455 -0.115292 -0.768028
v -0.441785 -0.122394 -0.779019
v -0.420289 -0.124792 -0.790448
v -0.398793 -0.122394 -0.801878
v -0.378123 -0.115292 -0.812868
v -0.359074 -0.103760 -0.822997
v -0.342377 -0.088241 -0.831875
v -0.328674 -0.069331 -0.839161
v -0.318492 -0.047756 -0.844575
v -0.312221 -0.024346 -0.847909
v -0.289277 0.000000 -0.816963
v -0.291450 0.024996 -0.815807
v -0.297888 0.049031 -0.812385
v -0.308342 0.071182 -0.806826
v -0.322411 0.090598 -0.799345
v -0.339554 0.106532 -0.790230
v -0.359112 0.118372 -0.779831
v -0.380334 0.125663 -0.768547
v -0.402404 0.128125 -0.756812
v -0.424474 0.125663 -0.745077
v -0.445696 0.118372 -0.733793
v -0.465255 0.106532 -0.723394
v -0.482398 0.090598 -0.714279
v -0.496466 0.071182 -0.706798
v -0.506921 0.049031 -0.701240
v -0.513358 0.024996 -0.697817
v -0.515532 0.000000 -0.696661
v -0.513358 -0.024996 -0.697817
v -0.506921 -0.049031 -0.701240
v -0.496466 -0.071182 -0.706798
v -0.482398 -0.090598 -0.714279
v -0.465255 -0.106532 -0.723394
v -0.445696 -0.118372 -0.733793
v -0.424474 -0.125663 -0.745077
v -0.402404 -0.128125 -0.756812
v -0.380334 -0.125663 -0.768547
v -0.359112 -0.118372 -0.779831
v -0.339554 -0.106532 -0.790230
v -0.322411 -0.090598 -0.799345
v -0.308342 -0.071182 -0.806826
v -0.297888 -0.049031 -0.812385
v -0.291450 -0.024996 -0.815807
v -0.268449 0.000000 -0.784892
v -0.270679 0.025646 -0.783706
v -0.277284 0.050307 -0.780194
v -0.288010 0.073034 -0.774491
v -0.302445 0.092955 -0.766816
v -0.320034 0.109304 -0.757464
v -0.340101 0.121452 -0.746794
v -0.361875 0.128932 -0.735216
v -0.384520 0.131458 -0.723176
v -0.407164 0.128932 -0.711136
v -0.428938 0.121452 -0.699558
v -0.449005 0.109304 -0.688889
v -0.466594 0.092955 -0.679536
v -0.481029 0.073034 -0.671861
v -0.491755 0.050307 -0.666158
v -0.498360 0.025646 -0.662646
v -0.500590 0.000000 -0.661460
v -0.498360 -0.025646 -0.662646
v -0.491755 -0.050307 -0.666158
v -0.481029 -0.073034 -0.671861
v -0.466594 -0.092955 -0.679536
v -0.449005 -0.109304 -0.688889
v -0.428938 -0.121452 -0.699558
v -0.407164 -0.128932 -0.711136
v -0.384520 -0.131458 -0.723176
v -0.361875 -0.128932 -0.735216
v -0.340101 -0.121452 -0.746794
v -0.320034 -0.109304 -0.757464
v -0.302445 -0.092955 -0.766816
v -0.288010 -0.073034 -0.774491
v -0.277284 -0.050307 -0.780194
v -0.270679 -0.025646 -0.783706
v -0.247621 0.000000 -0.752821
v -0.249908 0.026297 -0.751605
v -0.256680 0.051583 -0.748004
v -0.267678 0.074886 -0.742156
v -0.282479 0.095312 -0.734286
v -0.300514 0.112075 -0.724697
v -0.321090 0.124531 -0.713757
v -0.343416 0.132202 -0.701886
v -0.366635 0.134792 -0.689540
v -0.389853 0.132202 -0.677195
v -0.412180 0.124531 -0.665323
v -0.432756 0.112075 -0.654383
v -0.450791 0.095312 -0.644794
v -0.465591 0.074886 -0.636924
v -0.476590 0.051583 -0.631076
v -0.483362 0.026297 -0.627475
v -0.485649 0.000000 -0.626259
v -0.483362 -0.026297 -0.627475
v -0.476590 -0.051583 -0.631076
v -0.465591 -0.074886 -0.636924
v -0.450791 -0.095312 -0.644794
v -0.432756 -0.112075 -0.654383
v -0.412180 -0.124531 -0.665323
v -0.389853 -0.132202 -0.677195
v -0.366635 -0.134792 -0.689540
v -0.343416 -0.132202 -0.701886
v -0.321090 -0.124531 -0.713757
v -0.300514 -0.112075 -0.724697
v -0.282479 -0.095312 -0.734286
v -0.267678 -0.074886 -0.742156
v -0.256680 -0.051583 -0.748004
v -0.249908 -0.026297 -0.751605
v -0.226793 0.000000 -0.720750
v -0.229137 0.026947 -0.719504
v -0.236077 0.052858 -0.715814
v -0.247347 0.076738 -0.709821
v -0.262514 0.097669 -0.701757
v -0.280995 0.114847 -0.691930
v -0.302079 0.127611 -0.680719
v -0.324958 0.135471 -0.668555
v -0.348750 0.138125 -0.655904
v -0.372543 0.135471 -0.643253
v -0.395421 0.127611 -0.631089
v -0.416506 0.114847 -0.619878
v -0.434987 0.097669 -0.610051
v -0.450154 0.076738 -0.601987
v -0.461424 0.052858 -0.595994
v -0.468364 0.026947 -0.592304
v -0.470707 0.000000 -0.591058
v -0.468364 -0.026947 -0.592304
v -0.461424 -0.052858 -0.595994
v -0.450154 -0.076738 -0.601987
v -0.434987 -0.097669 -0.610051
v -0.416506 -0.114847 -0.619878
v -0.395421 -0.127611 -0.631089
v -0.372543 -0.135471 -0.643253
v -0.348750 -0.138125 -0.655904
v -0.324958 -0.135471 -0.668555
v -0.302079 -0.127611 -0.680719
v -0.280995 -0.114847 -0.691930
v -0.262514 -0.097669 -0.701757
v -0.247347 -0.076738 -0.709821
v -0.236077 -0.052858 -0.715814
v -0.229137 -0.026947 -0.719504
v -0.205965 0.000000 -0.688678
v -0.208365 0.027597 -0.687402
v -0.215473 0.054134 -0.683623
v -0.227015 0.078590 -0.677486
v -0.242548 0.100026 -0.669227
v -0.261475 0.117618 -0.659164
v -0.283068 0.130690 -0.647682
v -0.306499 0.138740 -0.635224
v -0.330866 0.141458 -0.622268
v -0.355233 0.138740 -0.609312
v -0.378663 0.130690 -0.596854
v -0.400257 0.117618 -0.585372
v -0.419184 0.100026 -0.575308
v -0.434716 0.078590 -0.567049
v -0.446258 0.054134 -0.560912
v -0.453366 0.027597 -0.557133
v -0.455766 0.000000 -0.555857
v -0.453366 -0.027597 -0.557133
v -0.446258 -0.054134 -0.560912
v -0.434716 -0.078590 -0.567049
v -0.419184 -0.100026 -0.575308
v -0.400257 -0.117618 -0.585372
v -0.378663 -0.130690 -0.596854
v -0.355233 -0.138740 -0.609312
v -0.330866 -0.141458 -0.622268
v -0.306499 -0.138740 -0.635224
v -0.283068 -0.130690 -0.647682
v -0.261475 -0.117618 -0.659164
v -0.242548 -0.100026 -0.669227
v -0.227015 -0.078590 -0.677486
v -0.215473 -0.054134 -0.683623
v -0.208365 -0.027597 -0.687402
v -0.185138 0.000000 -0.656607
v -0.187594 0.028247 -0.655301
v -0.194869 0.055409 -0.651433
v -0.206683 0.080442 -0.645151
v -0.222582 0.102383 -0.636698
v -0.241955 0.120390 -0.626397
v -0.264057 0.133770 -0.614645
v -0.288040 0.142010 -0.601893
v -0.312981 0.144792 -0.588632
v -0.337922 0.142010 -0.575370
v -0.361905 0.133770 -0.562619
v -0.384007 0.120390 -0.550867
v -0.403380 0.102383 -0.540566
v -0.419279 0.080442 -0.532112
v -0.431093 0.055409 -0.525830
v -0.438368 0.028247 -0.521962
v -0.440824 0.000000 -0.520656
v -0.438368 -0.028247 -0.521962
v -0.431093 -0.055409 -0.525830
v -0.419279 -0.080442 -0.532112
v -0.403380 -0.102383 -0.540566
v -0.384007 -0.120390 -0.550867
v -0.361905 -0.133770 -0.562619
v -0.337922 -0.142010 -0.575370
v -0.312981 -0.144792 -0.588632
v -0.288040 -0.142010 -0.601893
v -0.264057 -0.133770 -0.614645
v -0.241955 -0.120390 -0.626397
v -0.222582 -0.102383 -0.636698
v -0.206683 -0.080442 -0.645151
v -0.194869 -0.055409 -0.651433
v -0.187594 -0.028247 -0.655301
v -0.164310 0.000000 -0.624536
v -0.166823 0.028898 -0.623200
v -0.174265 0.056685 -0.619243
v -0.186351 0.082294 -0.612816
v -0.202616 0.104740 -0.604168
v -0.222435 0.123161 -0.593630
v -0.245047 0.136850 -0.581608
v -0.269581 0.145279 -0.568562
v -0.295096 0.148125 -0.554996
v -0.320612 0.145279 -0.541429
v -0.345146 0.136850 -0.528384
v -0.367758 0.123161 -0.516361
v -0.387577 0.104740 -0.505823
v -0.403842 0.082294 -0.497175
v -0.415927 0.056685 -0.490749
v -0.423370 0.028898 -0.486791
v -0.425883 0.000000 -0.485455
v -0.423370 -0.028898 -0.486791
v -0.415927 -0.056685 -0.490749
v -0.403842 -0.082294 -0.497175
v -0.387577 -0.104740 -0.505823
v -0.367758 -0.123161 -0.516361
v -0.345146 -0.136850 -0.528384
v -0.320612 -0.145279 -0.541429
v -0.295096 -0.148125 -0.554996
v -0.269581 -0.145279 -0.568562
v -0.245047 -0.136850 -0.581608
v -0.222435 -0.123161 -0.593630
v -0.202616 -0.104740 -0.604168
v -0.186351 -0.082294 -0.612816
v -0.174265 -0.056685 -0.619243
v -0.166823 -0.028898 -0.623200
v -0.143482 0.000000 -0.592465
v -0.146052 0.029548 -0.591099
v -0.153662 0.057961 -0.587052
v -0.166020 0.084146 -0.580481
v -0.182651 0.107097 -0.571639
v -0.202915 0.125933 -0.560864
v -0.226036 0.139929 -0.548570
v -0.251122 0.148548 -0.535232
v -0.277212 0.151458 -0.521360
v -0.303301 0.148548 -0.507488
v -0.328388 0.139929 -0.494149
v -0.351508 0.125933 -0.481855
v -0.371773 0.107097 -0.471080
v -0.388404 0.084146 -0.462238
v -0.400762 0.057961 -0.455667
v -0.408372 0.029548 -0.451620
v -0.410942 0.000000 -0.450254
v -0.408372 -0.029548 -0.451620
v -0.400762 -0.057961 -0.455667
v -0.388404 -0.084146 -0.462238
v -0.371773 -0.107097 -0.471080
v -0.351508 -0.125933 -0.481855
v -0.328388 -0.139929 -0.494149
v -0.303301 -0.148548 -0.507488
v -0.277212 -0.151458 -0.521360
v -0.251122 -0.148548 -0.535232
v -0.226036 -0.139929 -0.548570
v -0.202915 -0.125933 -0.560864
v -0.182651 -0.107097 -0.571639
v -0.166020 -0.084146 -0.580481
v -0.153662 -0.057961 -0.587052
v -0.146052 -0.029548 -0.591099
v -0.122654 0.000000 -0.560394
v -0.125280 0.030198 -0.558997
v -0.133058 0.059236 -0.554862
v -0.145688 0.085998 -0.548147
v -0.162685 0.109454 -0.539109
v -0.183396 0.128705 -0.528097
v -0.207025 0.143009 -0.515533
v -0.232664 0.151817 -0.501901
v -0.259327 0.154792 -0.487723
v -0.285991 0.151817 -0.473546
v -0.311630 0.143009 -0.459914
v -0.335259 0.128705 -0.447350
v -0.355970 0.109454 -0.436338
v -0.372967 0.085998 -0.427300
v -0.385596 0.059236 -0.420585
v -0.393374 0.030198 -0.416449
v -0.396000 0.000000 -0.415053
v -0.393374 -0.030198 -0.416449
v -0.385596 -0.059236 -0.420585
v -0.372967 -0.085998 -0.427300
v -0.355970 -0.109454 -0.436338
v -0.335259 -0.128705 -0.447350
v -0.311630 -0.143009 -0.459914
v -0.285991 -0.151817 -0.473546
v -0.259327 -0.154792 -0.487723
v -0.232664 -0.151817 -0.501901
v -0.207025 -0.143009 -0.515533
v -0.183396 -0.128705 -0.528097
v -0.162685 -0.109454 -0.539109
v -0.145688 -0.085998 -0.548147
v -0.133058 -0.059236 -0.554862
v -0.125280 -0.030198 -0.558997
v -0.102752 0.000000 -0.527830
v -0.105417 0.030644 -0.526413
v -0.113309 0.060111 -0.522217
v -0.126126 0.087267 -0.515402
v -0.143374 0.111070 -0.506231
v -0.164390 0.130604 -0.495057
v -0.188368 0.145120 -0.482308
v -0.214385 0.154058 -0.468474
v -0.241443 0.157076 -0.454087
v -0.268500 0.154058 -0.439701
v -0.294517 0.145120 -0.425867
v -0.318495 0.130604 -0.413118
v -0.339511 0.111070 -0.401943
v -0.356759 0.087267 -0.392772
v -0.369576 0.060111 -0.385958
v -0.377468 0.030644 -0.381761
v -0.380133 0.000000 -0.380344
v -0.377468 -0.030644 -0.381761
v -0.369576 -0.060111 -0.385958
v -0.356759 -0.087267 -0.392772
v -0.339511 -0.111070 -0.401943
v -0.318495 -0.130604 -0.413118
v -0.294517 -0.145120 -0.425867
v -0.268500 -0.154058 -0.439701
v -0.241443 -0.157076 -0.454087
v -0.214385 -0.154058 -0.468474
v -0.188368 -0.145120 -0.482308
v -0.164390 -0.130604 -0.495057
v -0.143374 -0.111070 -0.506231
v -0.126126 -0.087267 -0.515402
v -0.113309 -0.060111 -0.522217
v -0.105417 -0.030644 -0.526413
v -0.082912 0.000000 -0.495234
v -0.085615 0.031076 -0.493797
v -0.093618 0.060958 -0.489541
v -0.106615 0.088497 -0.482631
v -0.124106 0.112636 -0.473331
v -0.145419 0.132446 -0.461998
v -0.169735 0.147166 -0.449069
v -0.196119 0.156231 -0.435041
v -0.223558 0.159291 -0.420451
v -0.250997 0.156231 -0.405862
v -0.277381 0.147166 -0.391833
v -0.301697 0.132446 -0.378904
v -0.323010 0.112636 -0.367572
v -0.340501 0.088497 -0.358272
v -0.353498 0.060958 -0.351361
v -0.361501 0.031076 -0.347105
v -0.364204 0.000000 -0.345669
v -0.361501 -0.031076 -0.347105
v -0.353498 -0.060958 -0.351361
v -0.340501 -0.088497 -0.358272
v -0.323010 -0.112636 -0.367572
v -0.301697 -0.132446 -0.378904
v -0.277381 -0.147166 -0.391833
v -0.250997 -0.156231 -0.405862
v -0.223558 -0.159291 -0.420451
v -0.196119 -0.156231 -0.435041
v -0.169735 -0.147166 -0.449069
v -0.145419 -0.132446 -0.461998
v -0.124106 -0.112636 -0.473331
v -0.106615 -0.088497 -0.482631
v -0.093618 -0.060958 -0.489541
v -0.085615 -0.031076 -0.493797
v -0.063072 0.000000 -0.462638
v -0.065812 0.031508 -0.461181
v -0.073927 0.061806 -0.456866
v -0.087104 0.089728 -0.449859
v -0.104839 0.114202 -0.440430
v -0.126448 0.134287 -0.428940
v -0.151102 0.149212 -0.415831
v -0.177853 0.158403 -0.401607
v -0.205673 0.161506 -0.386815
v -0.233493 0.158403 -0.372023
v -0.260244 0.149212 -0.357799
v -0.284898 0.134287 -0.344690
v -0.306508 0.114202 -0.333201
v -0.324242 0.089728 -0.323771
v -0.337420 0.061806 -0.316764
v -0.345535 0.031508 -0.312450
v -0.348275 0.000000 -0.310993
v -0.345535 -0.031508 -0.312450
v -0.337420 -0.061806 -0.316764
v -0.324242 -0.089728 -0.323771
v -0.306508 -0.114202 -0.333201
v -0.284898 -0.134287 -0.344690
v -0.260244 -0.149212 -0.357799
v -0.233493 -0.158403 -0.372023
v -0.205673 -0.161506 -0.386815
v -0.177853 -0.158403 -0.401607
v -0.151102 -0.149212 -0.415831
v -0.126448 -0.134287 -0.428940
v -0.104839 -0.114202 -0.440430
v -0.087104 -0.089728 -0.449859
v -0.073927 -0.061806 -0.456866
v -0.065812 -0.031508 -0.461181
v -0.043231 0.000000 -0.430042
v -0.046009 0.031940 -0.428565
v -0.054235 0.062653 -0.424191
v -0.067593 0.090958 -0.417088
v -0.085571 0.115768 -0.407529
v -0.107477 0.136129 -0.395882
v -0.132469 0.151258 -0.382593
v -0.159587 0.160575 -0.368174
v -0.187788 0.163721 -0.353179
v -0.215990 0.160575 -0.338184
v -0.243108 0.151258 -0.323765
v -0.268100 0.136129 -0.310477
v -0.290005 0.115768 -0.298829
v -0.307983 0.090958 -0.289271
v -0.321341 0.062653 -0.282168
v -0.329568 0.031940 -0.277794
v -0.332345 0.000000 -0.276317
v -0.329568 -0.031940 -0.277794
v -0.321341 -0.062653 -0.282168
v -0.307983 -0.090958 -0.289271
v -0.290005 -0.115768 -0.298829
v -0.268100 -0.136129 -0.310477
v -0.243108 -0.151258 -0.323765
v -0.215990 -0.160575 -0.338184
v -0.187788 -0.163721 -0.353179
v -0.159587 -0.160575 -0.368174
v -0.132469 -0.151258 -0.382593
v -0.107477 -0.136129 -0.395882
v -0.085571 -0.115768 -0.407529
v -0.067593 -0.090958 -0.417088
v -0.054235 -0.062653 -0.424191
v -0.046009 -0.031940 -0.428565
v -0.023388 0.000000 -0.397447
v -0.026204 0.032372 -0.395950
v -0.034541 0.063501 -0.391517
v -0.048080 0.092189 -0.384318
v -0.066301 0.117334 -0.374630
v -0.088503 0.137971 -0.362825
v -0.113833 0.153305 -0.349356
v -0.141318 0.162747 -0.334742
v -0.169901 0.165936 -0.319545
v -0.198484 0.162747 -0.304347
v -0.225969 0.153305 -0.289733
v -0.251299 0.137971 -0.276264
v -0.273501 0.117334 -0.264459
v -0.291722 0.092189 -0.254771
v -0.305261 0.063501 -0.247572
v -0.313598 0.032372 -0.243139
v -0.316414 0.000000 -0.241642
v -0.313598 -0.032372 -0.243139
v -0.305261 -0.063501 -0.247572
v -0.291722 -0.092189 -0.254771
v -0.273501 -0.117334 -0.264459
v -0.251299 -0.137971 -0.276264
v -0.225969 -0.153305 -0.289733
v -0.198484 -0.162747 -0.304347
v -0.169901 -0.165936 -0.319545
v -0.141318 -0.162747 -0.334742
v -0.113833 -0.153305 -0.349356
v -0.088503 -0.137971 -0.362825
v -0.066301 -0.117334 -0.374630
v -0.048080 -0.092189 -0.384318
v -0.034541 -0.063501 -0.391517
v -0.026204 -0.032372 -0.395950
v -0.003533 0.000000 -0.364858
v -0.006386 0.032805 -0.363342
v -0.014834 0.064348 -0.358849
v -0.028554 0.093419 -0.351554
v -0.047018 0.118900 -0.341737
v -0.069517 0.139812 -0.329774
v -0.095185 0.155351 -0.316126
v -0.123036 0.164920 -0.301317
v -0.152001 0.168151 -0.285917
v -0.180966 0.164920 -0.270516
v -0.208817 0.155351 -0.255707
v -0.234486 0.139812 -0.242059
v -0.256984 0.118900 -0.230096
v -0.275448 0.093419 -0.220279
v -0.289168 0.064348 -0.212984
v -0.297617 0.032805 -0.208491
v -0.300469 0.000000 -0.206975
v -0.297617 -0.032805 -0.208491
v -0.289168 -0.064348 -0.212984
v -0.275448 -0.093419 -0.220279
v -0.256984 -0.118900 -0.230096
v -0.234486 -0.139812 -0.242059
v -0.208817 -0.155351 -0.255707
v -0.180966 -0.164920 -0.270516
v -0.152001 -0.168151 -0.285917
v -0.123036 -0.164920 -0.301317
v -0.095185 -0.155351 -0.316126
v -0.069517 -0.139812 -0.329774
v -0.047018 -0.118900 -0.341737
v -0.028554 -0.093419 -0.351554
v -0.014834 -0.064348 -0.358849
v -0.006386 -0.032805 -0.363342
v 0.016380 0.000000 -0.332301
v 0.013490 0.033237 -0.330764
v 0.004930 0.065196 -0.326213
v -0.008971 0.094650 -0.318822
v -0.027678 0.120467 -0.308875
v -0.050472 0.141654 -0.296755
v -0.076479 0.157397 -0.282927
v -0.104697 0.167092 -0.267923
v -0.134043 0.170365 -0.252319
v -0.163390 0.167092 -0.236716
v -0.191608 0.157397 -0.221712
v -0.217614 0.141654 -0.207884
v -0.240409 0.120467 -0.195764
v -0.259116 0.094650 -0.185817
v -0.273017 0.065196 -0.178426
v -0.281577 0.033237 -0.173874
v -0.284467 0.000000 -0.172338
v -0.281577 -0.033237 -0.173874
v -0.273017 -0.065196 -0.178426
v -0.259116 -0.094650 -0.185817
v -0.240409 -0.120467 -0.195764
v -0.217614 -0.141654 -0.207884
v -0.191608 -0.157397 -0.221712
v -0.163390 -0.167092 -0.236716
v -0.134043 -0.170365 -0.252319
v -0.104697 -0.167092 -0.267923
v -0.076479 -0.157397 -0.282927
v -0.050472 -0.141654 -0.296755
v -0.027678 -0.120467 -0.308875
v -0.008971 -0.094650 -0.318822
v 0.004930 -0.065196 -0.326213
v 0.013490 -0.033237 -0.330764
v 0.036504 0.000000 -0.299855
v 0.033576 0.033669 -0.298299
v 0.024905 0.066044 -0.293688
v 0.010824 0.095880 -0.286201
v -0.008127 0.122033 -0.276125
v -0.031218 0.143495 -0.263847
v -0.057562 0.159443 -0.249840
v -0.086148 0.169264 -0.234640
v -0.115875 0.172580 -0.218834
v -0.145603 0.169264 -0.203027
v -0.174188 0.159443 -0.187828
v -0.200533 0.143495 -0.173821
v -0.223624 0.122033 -0.161543
v -0.242574 0.095880 -0.151467
v -0.256655 0.066044 -0.143980
v -0.265327 0.033669 -0.139369
v -0.268255 0.000000 -0.137812
v -0.265327 -0.033669 -0.139369
v -0.256655 -0.066044 -0.143980
v -0.242574 -0.095880 -0.151467
v -0.223624 -0.122033 -0.161543
v -0.200533 -0.143495 -0.173821
v -0.174188 -0.159443 -0.187828
v -0.145603 -0.169264 -0.203027
v -0.115875 -0.172580 -0.218834
v -0.086148 -0.169264 -0.234640
v -0.057562 -0.159443 -0.249840
v -0.031218 -0.143495 -0.263847
v -0.008127 -0.122033 -0.276125
v 0.010824 -0.095880 -0.286201
v 0.024905 -0.066044 -0.293688
v 0.033576 -0.033669 -0.298299
v 0.057226 0.000000 -0.267728
v 0.054260 0.034101 -0.266151
v 0.045478 0.066891 -0.261481
v 0.031216 0.097111 -0.253898
v 0.012022 0.123599 -0.243693
v -0.011365 0.145337 -0.231257
v -0.038048 0.161490 -0.217070
v -0.067000 0.171436 -0.201676
v -0.097109 0.174795 -0.185666
v -0.127219 0.171436 -0.169657
v -0.156171 0.161490 -0.154263
v -0.182853 0.145337 -0.140076
v -0.206241 0.123599 -0.127640
v -0.225434 0.097111 -0.117435
v -0.239696 0.066891 -0.109852
v -0.248479 0.034101 -0.105182
v -0.251444 0.000000 -0.103605
v -0.248479 -0.034101 -0.105182
v -0.239696 -0.066891 -0.109852
v -0.225434 -0.097111 -0.117435
v -0.206241 -0.123599 -0.127640
v -0.182853 -0.145337 -0.140076
v -0.156171 -0.161490 -0.154263
v -0.127219 -0.171436 -0.169657
v -0.097109 -0.174795 -0.185666
v -0.067000 -0.171436 -0.201676
v -0.038048 -0.161490 -0.217070
v -0.011365 -0.145337 -0.231257
v 0.012022 -0.123599 -0.243693
v 0.031216 -0.097111 -0.253898
v 0.045478 -0.066891 -0.261481
v 0.054260 -0.034101 -0.266151
v 0.079251 0.000000 -0.236293
v 0.076248 0.034533 -0.234697
v 0.067354 0.067739 -0.229968
v 0.052911 0.098341 -0.222288
v 0.033475 0.125165 -0.211954
v 0.009791 0.147178 -0.199361
v -0.017230 0.163536 -0.184994
v -0.046549 0.173609 -0.169405
v -0.077039 0.177010 -0.153192
v -0.107530 0.173609 -0.136980
v -0.136849 0.163536 -0.121391
v -0.163870 0.147178 -0.107024
v -0.187553 0.125165 -0.094431
v -0.206990 0.098341 -0.084096
v -0.221433 0.067739 -0.076417
v -0.230327 0.034533 -0.071688
v -0.233330 0.000000 -0.070091
v -0.230327 -0.034533 -0.071688
v -0.221433 -0.067739 -0.076417
v -0.206990 -0.098341 -0.084096
v -0.187553 -0.125165 -0.094431
v -0.163870 -0.147178 -0.107024
v -0.136849 -0.163536 -0.121391
v -0.107530 -0.173609 -0.136980
v -0.077039 -0.177010 -0.153192
v -0.046549 -0.173609 -0.169405
v -0.017230 -0.163536 -0.184994
v 0.009791 -0.147178 -0.199361
v 0.033475 -0.125165 -0.211954
v 0.052911 -0.098341 -0.222288
v 0.067354 -0.067739 -0.229968
v 0.076248 -0.034533 -0.234697
v 0.103357 0.000000 -0.205965
v 0.100316 0.034965 -0.204348
v 0.091311 0.068586 -0.199560
v 0.076688 0.099572 -0.191785
v 0.057008 0.126731 -0.181321
v 0.033028 0.149020 -0.168570
v 0.005669 0.165582 -0.154024
v -0.024017 0.175781 -0.138239
v -0.054889 0.179225 -0.121824
v -0.085761 0.175781 -0.105409
v -0.115447 0.165582 -0.089625
v -0.142806 0.149020 -0.075078
v -0.166786 0.126731 -0.062328
v -0.186466 0.099572 -0.051864
v -0.201089 0.068586 -0.044088
v -0.210095 0.034965 -0.039300
v -0.213135 0.000000 -0.037683
v -0.210095 -0.034965 -0.039300
v -0.201089 -0.068586 -0.044088
v -0.186466 -0.099572 -0.051864
v -0.166786 -0.126731 -0.062328
v -0.142806 -0.149020 -0.075078
v -0.115447 -0.165582 -0.089625
v -0.085761 -0.175781 -0.105409
v -0.054889 -0.179225 -0.121824
v -0.024017 -0.175781 -0.138239
v 0.005669 -0.165582 -0.154024
v 0.033028 -0.149020 -0.168570
v 0.057008 -0.126731 -0.181321
v 0.076688 -0.099572 -0.191785
v 0.091311 -0.068586 -0.199560
v 0.100316 -0.034965 -0.204348
v 0.129543 0.000000 -0.176743
v 0.126466 0.035385 -0.175107
v 0.117352 0.069409 -0.170261
v 0.102553 0.100767 -0.162392
v 0.082637 0.128252 -0.151803
v 0.058370 0.150808 -0.138899
v 0.030683 0.167569 -0.124178
v 0.000640 0.177891 -0.108204
v -0.030602 0.181376 -0.091592
v -0.061845 0.177891 -0.074980
v -0.091887 0.167569 -0.059006
v -0.119574 0.150808 -0.044285
v -0.143842 0.128252 -0.031382
v -0.163758 0.100767 -0.020792
v -0.178557 0.069409 -0.012923
v -0.187670 0.035385 -0.008078
v -0.190748 0.000000 -0.006442
v -0.187670 -0.035385 -0.008078
v -0.178557 -0.069409 -0.012923
v -0.163758 -0.100767 -0.020792
v -0.143842 -0.128252 -0.031382
v -0.119574 -0.150808 -0.044285
v -0.091887 -0.167569 -0.059006
v -0.061845 -0.177891 -0.074980
v -0.030602 -0.181376 -0.091592
v 0.000640 -0.177891 -0.108204
v 0.030683 -0.167569 -0.124178
v 0.058370 -0.150808 -0.138899
v 0.082637 -0.128252 -0.151803
v 0.102553 -0.100767 -0.162392
v 0.117352 -0.069409 -0.170261
v 0.126466 -0.035385 -0.175107
v 0.156301 0.000000 -0.147825
v 0.153188 0.035798 -0.146170
v 0.143969 0.070219 -0.141268
v 0.128997 0.101943 -0.133307
v 0.108848 0.129748 -0.122594
v 0.084297 0.152568 -0.109540
v 0.056287 0.169525 -0.094647
v 0.025895 0.179966 -0.078487
v -0.005713 0.183492 -0.061681
v -0.037320 0.179966 -0.044875
v -0.067713 0.169525 -0.028715
v -0.095723 0.152568 -0.013822
v -0.120274 0.129748 -0.000768
v -0.140422 0.101943 0.009946
v -0.155394 0.070219 0.017906
v -0.164613 0.035798 0.022808
v -0.167727 0.000000 0.024463
v -0.164613 -0.035798 0.022808
v -0.155394 -0.070219 0.017906
v -0.140422 -0.101943 0.009946
v -0.120274 -0.129748 -0.000768
v -0.095723 -0.152568 -0.013822
v -0.067713 -0.169525 -0.028715
v -0.037320 -0.179966 -0.044875
v -0.005713 -0.183492 -0.061681
v 0.025895 -0.179966 -0.078487
v 0.056287 -0.169525 -0.094647
v 0.084297 -0.152568 -0.109540
v 0.108848 -0.129748 -0.122594
v 0.128997 -0.101943 -0.133307
v 0.143969 -0.070219 -0.141268
v 0.153188 -0.035798 -0.146170
v 0.180770 0.000000 -0.117690
v 0.177621 0.036210 -0.116015
v 0.168295 0.071029 -0.111057
v 0.153150 0.103119 -0.103004
v 0.132770 0.131245 -0.092168
v 0.107935 0.154328 -0.078963
v 0.079602 0.171480 -0.063898
v 0.048859 0.182042 -0.047552
v 0.016887 0.185608 -0.030552
v -0.015085 0.182042 -0.013552
v -0.045828 0.171480 0.002794
v -0.074161 0.154328 0.017859
v -0.098995 0.131245 0.031064
v -0.119376 0.103119 0.041901
v -0.134521 0.071029 0.049953
v -0.143847 0.036210 0.054912
v -0.146995 0.000000 0.056586
v -0.143847 -0.036210 0.054912
v -0.134521 -0.071029 0.049953
v -0.119376 -0.103119 0.041901
v -0.098995 -0.131245 0.031064
v -0.074161 -0.154328 0.017859
v -0.045828 -0.171480 0.002794
v -0.015085 -0.182042 -0.013552
v 0.016887 -0.185608 -0.030552
v 0.048859 -0.182042 -0.047552
v 0.079602 -0.171480 -0.063898
v 0.107935 -0.154328 -0.078963
v 0.132770 -0.131245 -0.092168
v 0.153150 -0.103119 -0.103004
v 0.168295 -0.071029 -0.111057
v 0.177621 -0.036210 -0.116015
v 0.200523 0.000000 -0.085047
v 0.197338 0.036623 -0.083354
v 0.187906 0.071839 -0.078339
v 0.172589 0.104294 -0.070194
v 0.151976 0.132742 -0.059234
v 0.126858 0.156088 -0.045879
v 0.098202 0.173435 -0.030642
v 0.067108 0.184118 -0.014109
v 0.034772 0.187725 0.003084
v 0.002435 0.184118 0.020278
v -0.028659 0.173435 0.036811
v -0.057315 0.156088 0.052048
v -0.082432 0.132742 0.065403
v -0.103045 0.104294 0.076363
v -0.118362 0.071839 0.084507
v -0.127795 0.036623 0.089522
v -0.130980 0.000000 0.091216
v -0.127795 -0.036623 0.089522
v -0.118362 -0.071839 0.084507
v -0.103045 -0.104294 0.076363
v -0.082432 -0.132742 0.065403
v -0.057315 -0.156088 0.052048
v -0.028659 -0.173435 0.036811
v 0.002435 -0.184118 0.020278
v 0.034772 -0.187725 0.003084
v 0.067108 -0.184118 -0.014109
v 0.098202 -0.173435 -0.030642
v 0.126858 -0.156088 -0.045879
v 0.151976 -0.132742 -0.059234
v 0.172589 -0.104294 -0.070194
v 0.187906 -0.071839 -0.078339
v 0.197338 -0.036623 -0.083354
v 0.215561 0.000000 -0.049898
v 0.212340 0.037036 -0.048185
v 0.202802 0.072649 -0.043113
v 0.187312 0.105470 -0.034877
v 0.166466 0.134238 -0.023793
v 0.141066 0.157847 -0.010288
v 0.112087 0.175390 0.005121
v 0.080642 0.186194 0.021840
v 0.047941 0.189841 0.039227
v 0.015240 0.186194 0.056615
v -0.016204 0.175390 0.073334
v -0.045183 0.157847 0.088743
v -0.070584 0.134238 0.102248
v -0.091430 0.105470 0.113332
v -0.106919 0.072649 0.121568
v -0.116458 0.037036 0.126640
v -0.119679 0.000000 0.128353
v -0.116458 -0.037036 0.126640
v -0.106919 -0.072649 0.121568
v -0.091430 -0.105470 0.113332
v -0.070584 -0.134238 0.102248
v -0.045183 -0.157847 0.088743
v -0.016204 -0.175390 0.073334
v 0.015240 -0.186194 0.056615
v 0.047941 -0.189841 0.039227
v 0.080642 -0.186194 0.021840
v 0.112087 -0.175390 0.005121
v 0.141066 -0.157847 -0.010288
v 0.166466 -0.134238 -0.023793
v 0.187312 -0.105470 -0.034877
v 0.202802 -0.072649 -0.043113
v 0.212340 -0.037036 -0.048185
v 0.232507 0.000000 -0.015762
v 0.229170 0.038377 -0.013988
v 0.219286 0.075278 -0.008733
v 0.203236 0.109287 -0.000199
v 0.181636 0.139096 0.011286
v 0.155316 0.163560 0.025281
v 0.125288 0.181738 0.041247
v 0.092705 0.192932 0.058572
v 0.058821 0.196712 0.076588
v 0.024936 0.192932 0.094605
v -0.007646 0.181738 0.111929
v -0.037674 0.163560 0.127896
v -0.063994 0.139096 0.141890
v -0.085594 0.109287 0.153375
v -0.101645 0.075278 0.161909
v -0.111528 0.038377 0.167164
v -0.114866 0.000000 0.168939
v -0.111528 -0.038377 0.167164
v -0.101645 -0.075278 0.161909
v -0.085594 -0.109287 0.153375
v -0.063994 -0.139096 0.141890
v -0.037674 -0.163560 0.127896
v -0.007646 -0.181738 0.111929
v 0.024936 -0.192932 0.094605
v 0.058821 -0.196712 0.076588
v 0.092705 -0.192932 0.058572
v 0.125288 -0.181738 0.041247
v 0.155316 -0.163560 0.025281
v 0.181636 -0.139096 0.011286
v 0.203236 -0.109287 -0.000199
v 0.219286 -0.075278 -0.008733
v 0.229170 -0.038377 -0.013988
v 0.250397 0.000000 0.017871
v 0.246936 0.039792 0.019711
v 0.236688 0.078055 0.025160
v 0.220045 0.113319 0.034009
v 0.197648 0.144227 0.045918
v 0.170358 0.169593 0.060429
v 0.139222 0.188442 0.076984
v 0.105438 0.200049 0.094947
v 0.070303 0.203968 0.113628
v 0.035169 0.200049 0.132310
v 0.001385 0.188442 0.150273
v -0.029751 0.169593 0.166828
v -0.057042 0.144227 0.181339
v -0.079439 0.113319 0.193248
v -0.096081 0.078055 0.202097
v -0.106330 0.039792 0.207546
v -0.109790 0.000000 0.209386
v -0.106330 -0.039792 0.207546
v -0.096081 -0.078055 0.202097
v -0.079439 -0.113319 0.193248
v -0.057042 -0.144227 0.181339
v -0.029751 -0.169593 0.166828
v 0.001385 -0.188442 0.150273
v 0.035169 -0.200049 0.132310
v 0.070303 -0.203968 0.113628
v 0.105438 -0.200049 0.094947
v 0.139222 -0.188442 0.076984
v 0.170358 -0.169593 0.060429
v 0.197648 -0.144227 0.045918
v 0.220045 -0.113319 0.034009
v 0.236688 -0.078055 0.025160
v 0.246936 -0.039792 0.019711
v 0.270422 0.000000 0.050369
v 0.266839 0.041208 0.052274
v 0.256226 0.080832 0.057917
v 0.238991 0.117350 0.067081
v 0.215798 0.149358 0.079413
v 0.187536 0.175627 0.094440
v 0.155293 0.195146 0.111584
v 0.120307 0.207166 0.130187
v 0.083922 0.211224 0.149533
v 0.047538 0.207166 0.168879
v 0.012552 0.195146 0.187481
v -0.019692 0.175627 0.204625
v -0.047953 0.149358 0.219652
v -0.071147 0.117350 0.231984
v -0.088381 0.080832 0.241148
v -0.098994 0.041208 0.246791
v -0.102578 0.000000 0.248696
v -0.098994 -0.041208 0.246791
v -0.088381 -0.080832 0.241148
v -0.071147 -0.117350 0.231984
v -0.047953 -0.149358 0.219652
v -0.019692 -0.175627 0.204625
v 0.012552 -0.195146 0.187481
v 0.047538 -0.207166 0.168879
v 0.083922 -0.211224 0.149533
v 0.120307 -0.207166 0.130187
v 0.155293 -0.195146 0.111584
v 0.187536 -0.175627 0.094440
v 0.215798 -0.149358 0.079413
v 0.238991 -0.117350 0.067081
v 0.256226 -0.080832 0.057917
v 0.266839 -0.041208 0.052274
v 0.292529 0.000000 0.081760
v 0.288822 0.042623 0.083731
v 0.277845 0.083609 0.089568
v 0.260018 0.121381 0.099046
v 0.236028 0.154489 0.111802
v 0.206795 0.181660 0.127346
v 0.173444 0.201850 0.145079
v 0.137256 0.214283 0.164320
v 0.099622 0.218481 0.184331
v 0.061987 0.214283 0.204341
v 0.025799 0.201850 0.223583
v -0.007552 0.181660 0.241316
v -0.036784 0.154489 0.256859
v -0.060775 0.121381 0.269615
v -0.078601 0.083609 0.279093
v -0.089579 0.042623 0.284930
v -0.093285 0.000000 0.286901
v -0.089579 -0.042623 0.284930
v -0.078601 -0.083609 0.279093
v -0.060775 -0.121381 0.269615
v -0.036784 -0.154489 0.256859
v -0.007552 -0.181660 0.241316
v 0.025799 -0.201850 0.223583
v 0.061987 -0.214283 0.204341
v 0.099622 -0.218481 0.184331
v 0.137256 -0.214283 0.164320
v 0.173444 -0.201850 0.145079
v 0.206795 -0.181660 0.127346
v 0.236028 -0.154489 0.111802
v 0.260018 -0.121381 0.099046
v 0.277845 -0.083609 0.089568
v 0.288822 -0.042623 0.083731
v 0.315939 0.000000 0.112458
v 0.312109 0.044039 0.114495
v 0.300767 0.086386 0.120525
v 0.282348 0.125413 0.130319
v 0.257561 0.159620 0.143498
v 0.227358 0.187693 0.159558
v 0.192899 0.208554 0.177880
v 0.155509 0.221399 0.197760
v 0.116625 0.225737 0.218435
v 0.077741 0.221399 0.239110
v 0.040351 0.208554 0.258991
v 0.005892 0.187693 0.277313
v -0.024311 0.159620 0.293372
v -0.049099 0.125413 0.306552
v -0.067517 0.086386 0.316345
v -0.078859 0.044039 0.322376
v -0.082689 0.000000 0.324412
v -0.078859 -0.044039 0.322376
v -0.067517 -0.086386 0.316345
v -0.049099 -0.125413 0.306552
v -0.024311 -0.159620 0.293372
v 0.005892 -0.187693 0.277313
v 0.040351 -0.208554 0.258991
v 0.077741 -0.221399 0.239110
v 0.116625 -0.225737 0.218435
v 0.155509 -0.221399 0.197760
v 0.192899 -0.208554 0.177880
v 0.227358 -0.187693 0.159558
v 0.257561 -0.159620 0.143498
v 0.282348 -0.125413 0.130319
v 0.300767 -0.086386 0.120525
v 0.312109 -0.044039 0.114495
v 0.339947 0.000000 0.142838
v 0.335994 0.045455 0.144940
v 0.324287 0.089163 0.151165
v 0.305277 0.129444 0.161273
v 0.279693 0.164751 0.174876
v 0.248519 0.193727 0.191452
v 0.212952 0.215258 0.210363
v 0.174360 0.228516 0.230882
v 0.134226 0.232993 0.252222
v 0.094092 0.228516 0.273562
v 0.055500 0.215258 0.294081
v 0.019934 0.193727 0.312992
v -0.011240 0.164751 0.329568
v -0.036824 0.129444 0.343171
v -0.055835 0.089163 0.353279
v -0.067542 0.045455 0.359504
v -0.071495 0.000000 0.361606
v -0.067542 -0.045455 0.359504
v -0.055835 -0.089163 0.353279
v -0.036824 -0.129444 0.343171
v -0.011240 -0.164751 0.329568
v 0.019934 -0.193727 0.312992
v 0.055500 -0.215258 0.294081
v 0.094092 -0.228516 0.273562
v 0.134226 -0.232993 0.252222
v 0.174360 -0.228516 0.230882
v 0.212952 -0.215258 0.210363
v 0.248519 -0.193727 0.191452
v 0.279693 -0.164751 0.174876
v 0.305277 -0.129444 0.161273
v 0.324287 -0.089163 0.151165
v 0.335994 -0.045455 0.144940
v 0.364165 0.000000 0.173107
v 0.360089 0.046870 0.175274
v 0.348018 0.091939 0.181693
v 0.328415 0.133475 0.192115
v 0.302034 0.169882 0.206142
v 0.269889 0.199760 0.223234
v 0.233215 0.221962 0.242734
v 0.193422 0.235633 0.263893
v 0.152038 0.240249 0.285897
v 0.110654 0.235633 0.307901
v 0.070860 0.221962 0.329060
v 0.034186 0.199760 0.348560
v 0.002041 0.169882 0.365652
v -0.024340 0.133475 0.379679
v -0.043943 0.091939 0.390102
v -0.056014 0.046870 0.396520
v -0.060090 0.000000 0.398687
v -0.056014 -0.046870 0.396520
v -0.043943 -0.091939 0.390102
v -0.024340 -0.133475 0.379679
v 0.002041 -0.169882 0.365652
v 0.034186 -0.199760 0.348560
v 0.070860 -0.221962 0.329060
v 0.110654 -0.235633 0.307901
v 0.152038 -0.240249 0.285897
v 0.193422 -0.235633 0.263893
v 0.233215 -0.221962 0.242734
v 0.269889 -0.199760 0.223234
v 0.302034 -0.169882 0.206142
v 0.328415 -0.133475 0.192115
v 0.348018 -0.091939 0.181693
v 0.360089 -0.046870 0.175274
v 0.388441 0.000000 0.203344
v 0.384242 0.048286 0.205577
v 0.371807 0.094716 0.212189
v 0.351612 0.137507 0.222927
v 0.324434 0.175013 0.237378
v 0.291318 0.205793 0.254986
v 0.253537 0.228665 0.275075
v 0.212541 0.242750 0.296872
v 0.169907 0.247506 0.319541
v 0.127273 0.242750 0.342210
v 0.086277 0.228665 0.364008
v 0.048496 0.205793 0.384097
v 0.015380 0.175013 0.401705
v -0.011798 0.137507 0.416156
v -0.031993 0.094716 0.426893
v -0.044428 0.048286 0.433506
v -0.048628 0.000000 0.435738
v -0.044428 -0.048286 0.433506
v -0.031993 -0.094716 0.426893
v -0.011798 -0.137507 0.416156
v 0.015380 -0.175013 0.401705
v 0.048496 -0.205793 0.384097
v 0.086277 -0.228665 0.364008
v 0.127273 -0.242750 0.342210
v 0.169907 -0.247506 0.319541
v 0.212541 -0.242750 0.296872
v 0.253537 -0.228665 0.275075
v 0.291318 -0.205793 0.254986
v 0.324434 -0.175013 0.237378
v 0.351612 -0.137507 0.222927
v 0.371807 -0.094716 0.212189
v 0.384242 -0.048286 0.205577
v 0.412730 0.000000 0.233575
v 0.408408 0.049702 0.235874
v 0.395608 0.097493 0.242680
v 0.374821 0.141538 0.253732
v 0.346847 0.180144 0.268606
v 0.312760 0.211827 0.286731
v 0.273870 0.235369 0.307409
v 0.231673 0.249867 0.329845
v 0.187789 0.254762 0.353179
v 0.143905 0.249867 0.376512
v 0.101708 0.235369 0.398949
v 0.062818 0.211827 0.419627
v 0.028731 0.180144 0.437751
v 0.000757 0.141538 0.452625
v -0.020030 0.097493 0.463678
v -0.032830 0.049702 0.470484
v -0.037152 0.000000 0.472782
v -0.032830 -0.049702 0.470484
v -0.020030 -0.097493 0.463678
v 0.000757 -0.141538 0.452625
v 0.028731 -0.180144 0.437751
v 0.062818 -0.211827 0.419627
v 0.101708 -0.235369 0.398949
v 0.143905 -0.249867 0.376512
v 0.187789 -0.254762 0.353179
v 0.231673 -0.249867 0.329845
v 0.273870 -0.235369 0.307409
v 0.312760 -0.211827 0.286731
v 0.346847 -0.180144 0.268606
v 0.374821 -0.141538 0.253732
v 0.395608 -0.097493 0.242680
v 0.408408 -0.049702 0.235874
v 0.437022 0.000000 0.263805
v 0.432576 0.051117 0.266169
v 0.419411 0.100270 0.273169
v 0.398032 0.145569 0.284536
v 0.369261 0.185275 0.299834
v 0.334204 0.217860 0.318474
v 0.294206 0.242073 0.339741
v 0.250807 0.256984 0.362817
v 0.205673 0.262018 0.386815
v 0.160539 0.256984 0.410813
v 0.117140 0.242073 0.433889
v 0.077143 0.217860 0.455156
v 0.042085 0.185275 0.473796
v 0.013314 0.145569 0.489094
v -0.008065 0.100270 0.500462
v -0.021230 0.051117 0.507462
v -0.025675 0.000000 0.509825
v -0.021230 -0.051117 0.507462
v -0.008065 -0.100270 0.500462
v 0.013314 -0.145569 0.489094
v 0.042085 -0.185275 0.473796
v 0.077143 -0.217860 0.455156
v 0.117140 -0.242073 0.433889
v 0.160539 -0.256984 0.410813
v 0.205673 -0.262018 0.386815
v 0.250807 -0.256984 0.362817
v 0.294206 -0.242073 0.339741
v 0.334204 -0.217860 0.318474
v 0.369261 -0.185275 0.299834
v 0.398032 -0.145569 0.284536
v 0.419411 -0.100270 0.273169
v 0.432576 -0.051117 0.266169
v 0.461313 0.000000 0.294035
v 0.456745 0.052533 0.296464
v 0.443215 0.103047 0.303657
v 0.421244 0.149601 0.315340
v 0.391676 0.190406 0.331061
v 0.355648 0.223893 0.350218
v 0.314543 0.248777 0.372074
v 0.269942 0.264100 0.395789
v 0.223558 0.269274 0.420451
v 0.177174 0.264100 0.445114
v 0.132573 0.248777 0.468829
v 0.091468 0.223893 0.490685
v 0.055440 0.190406 0.509841
v 0.025872 0.149601 0.525563
v 0.003901 0.103047 0.537245
v -0.009629 0.052533 0.544439
v -0.014197 0.000000 0.546868
v -0.009629 -0.052533 0.544439
v 0.003901 -0.103047 0.537245
v 0.025872 -0.149601 0.525563
v 0.055440 -0.190406 0.509841
v 0.091468 -0.223893 0.490685
v 0.132573 -0.248777 0.468829
v 0.177174 -0.264100 0.445114
v 0.223558 -0.269274 0.420451
v 0.269942 -0.264100 0.395789
v 0.314543 -0.248777 0.372074
v 0.355648 -0.223893 0.350218
v 0.391676 -0.190406 0.331061
v 0.421244 -0.149601 0.315340
v 0.443215 -0.103047 0.303657
v 0.456745 -0.052533 0.296464
v 0.477676 0.000000 0.328480
v 0.473137 0.052197 0.330893
v 0.459694 0.102387 0.338041
v 0.437864 0.148643 0.349648
v 0.408485 0.189187 0.365269
v 0.372687 0.222461 0.384303
v 0.331845 0.247185 0.406019
v 0.287529 0.262410 0.429583
v 0.241443 0.267551 0.454087
v 0.195356 0.262410 0.478592
v 0.151040 0.247185 0.502155
v 0.110198 0.222461 0.523871
v 0.074400 0.189187 0.542905
v 0.045022 0.148643 0.558526
v 0.023191 0.102387 0.570134
v 0.009748 0.052197 0.577281
v 0.005209 0.000000 0.579695
v 0.009748 -0.052197 0.577281
v 0.023191 -0.102387 0.570134
v 0.045022 -0.148643 0.558526
v 0.074400 -0.189187 0.542905
v 0.110198 -0.222461 0.523871
v 0.151040 -0.247185 0.502155
v 0.195356 -0.262410 0.478592
v 0.241443 -0.267551 0.454087
v 0.287529 -0.262410 0.429583
v 0.331845 -0.247185 0.406019
v 0.372687 -0.222461 0.384303
v 0.408485 -0.189187 0.365269
v 0.437864 -0.148643 0.349648
v 0.459694 -0.102387 0.338041
v 0.473137 -0.052197 0.330893
v 0.493158 0.000000 0.363393
v 0.488665 0.051666 0.365782
v 0.475359 0.101346 0.372857
v 0.453750 0.147132 0.384347
v 0.424671 0.187263 0.399809
v 0.389237 0.220198 0.418649
v 0.348810 0.244671 0.440144
v 0.304945 0.259741 0.463468
v 0.259327 0.264830 0.487723
v 0.213709 0.259741 0.511979
v 0.169844 0.244671 0.535303
v 0.129418 0.220198 0.556798
v 0.093984 0.187263 0.575638
v 0.064904 0.147132 0.591100
v 0.043296 0.101346 0.602589
v 0.029989 0.051666 0.609665
v 0.025496 0.000000 0.612054
v 0.029989 -0.051666 0.609665
v 0.043296 -0.101346 0.602589
v 0.064904 -0.147132 0.591100
v 0.093984 -0.187263 0.575638
v 0.129418 -0.220198 0.556798
v 0.169844 -0.244671 0.535303
v 0.213709 -0.259741 0.511979
v 0.259327 -0.264830 0.487723
v 0.304945 -0.259741 0.463468
v 0.348810 -0.244671 0.440144
v 0.389237 -0.220198 0.418649
v 0.424671 -0.187263 0.399809
v 0.453750 -0.147132 0.384347
v 0.475359 -0.101346 0.372857
v 0.488665 -0.051666 0.365782
v 0.508640 0.000000 0.398307
v 0.504193 0.051135 0.400671
v 0.491024 0.100305 0.407674
v 0.469637 0.145620 0.419045
v 0.440856 0.185339 0.434348
v 0.405786 0.217936 0.452995
v 0.365776 0.242157 0.474269
v 0.322361 0.257072 0.497353
v 0.277212 0.262109 0.521360
v 0.232062 0.257072 0.545366
v 0.188648 0.242157 0.568450
v 0.148637 0.217936 0.589724
v 0.113567 0.185339 0.608371
v 0.084786 0.145620 0.623674
v 0.063400 0.100305 0.635045
v 0.050230 0.051135 0.642048
v 0.045783 0.000000 0.644412
v 0.050230 -0.051135 0.642048
v 0.063400 -0.100305 0.635045
v 0.084786 -0.145620 0.623674
v 0.113567 -0.185339 0.608371
v 0.148637 -0.217936 0.589724
v 0.188648 -0.242157 0.568450
v 0.232062 -0.257072 0.545366
v 0.277212 -0.262109 0.521360
v 0.322361 -0.257072 0.497353
v 0.365776 -0.242157 0.474269
v 0.405786 -0.217936 0.452995
v 0.440856 -0.185339 0.434348
v 0.469637 -0.145620 0.419045
v 0.491024 -0.100305 0.407674
v 0.504193 -0.051135 0.400671
v 0.524122 0.000000 0.433220
v 0.519722 0.050604 0.435560
v 0.506689 0.099263 0.442490
v 0.485524 0.144108 0.453743
v 0.457042 0.183415 0.468888
v 0.422336 0.215673 0.487341
v 0.382741 0.239643 0.508394
v 0.339777 0.254404 0.531238
v 0.295096 0.259388 0.554996
v 0.250416 0.254404 0.578753
v 0.207452 0.239643 0.601597
v 0.167856 0.215673 0.622650
v 0.133151 0.183415 0.641104
v 0.104668 0.144108 0.656248
v 0.083504 0.099263 0.667501
v 0.070471 0.050604 0.674431
v 0.066071 0.000000 0.676771
v 0.070471 -0.050604 0.674431
v 0.083504 -0.099263 0.667501
v 0.104668 -0.144108 0.656248
v 0.133151 -0.183415 0.641104
v 0.167856 -0.215673 0.622650
v 0.207452 -0.239643 0.601597
v 0.250416 -0.254404 0.578753
v 0.295096 -0.259388 0.554996
v 0.339777 -0.254404 0.531238
v 0.382741 -0.239643 0.508394
v 0.422336 -0.215673 0.487341
v 0.457042 -0.183415 0.468888
v 0.485524 -0.144108 0.453743
v 0.506689 -0.099263 0.442490
v 0.519722 -0.050604 0.435560
v 0.539604 0.000000 0.468134
v 0.535250 0.050073 0.470449
v 0.522354 0.098222 0.477306
v 0.501411 0.142596 0.488442
v 0.473228 0.181491 0.503427
v 0.438886 0.213411 0.521687
v 0.399706 0.237129 0.542519
v 0.357193 0.251735 0.565124
v 0.312981 0.256667 0.588632
v 0.268769 0.251735 0.612140
v 0.226256 0.237129 0.634744
v 0.187076 0.213411 0.655577
v 0.152734 0.181491 0.673836
v 0.124551 0.142596 0.688822
v 0.103608 0.098222 0.699957
v 0.090712 0.050073 0.706814
v 0.086358 0.000000 0.709129
v 0.090712 -0.050073 0.706814
v 0.103608 -0.098222 0.699957
v 0.124551 -0.142596 0.688822
v 0.152734 -0.181491 0.673836
v 0.187076 -0.213411 0.655577
v 0.226256 -0.237129 0.634744
v 0.268769 -0.251735 0.612140
v 0.312981 -0.256667 0.588632
v 0.357193 -0.251735 0.565124
v 0.399706 -0.237129 0.542519
v 0.438886 -0.213411 0.521687
v 0.473228 -0.181491 0.503427
v 0.501411 -0.142596 0.488442
v 0.522354 -0.098222 0.477306
v 0.535250 -0.050073 0.470449
v 0.555086 0.000000 0.503048
v 0.550778 0.049542 0.505338
v 0.538019 0.097181 0.512123
v 0.517298 0.141085 0.523140
v 0.489414 0.179567 0.537966
v 0.455436 0.211148 0.556033
v 0.416671 0.234615 0.576644
v 0.374609 0.249066 0.599009
v 0.330866 0.253946 0.622268
v 0.287122 0.249066 0.645527
v 0.245060 0.234615 0.667891
v 0.206295 0.211148 0.688503
v 0.172318 0.179567 0.706569
v 0.144433 0.141085 0.721396
v 0.123713 0.097181 0.732413
v 0.110953 0.049542 0.739197
v 0.106645 0.000000 0.741488
v 0.110953 -0.049542 0.739197
v 0.123713 -0.097181 0.732413
v 0.144433 -0.141085 0.721396
v 0.172318 -0.179567 0.706569
v 0.206295 -0.211148 0.688503
v 0.245060 -0.234615 0.667891
v 0.287122 -0.249066 0.645527
v 0.330866 -0.253946 0.622268
v 0.374609 -0.249066 0.599009
v 0.416671 -0.234615 0.576644
v 0.455436 -0.211148 0.556033
v 0.489414 -0.179567 0.537966
v 0.517298 -0.141085 0.523140
v 0.538019 -0.097181 0.512123
v 0.550778 -0.049542 0.505338
v 0.570568 0.000000 0.537961
v 0.566306 0.049011 0.540227
v 0.553683 0.096139 0.546939
v 0.533185 0.139573 0.557838
v 0.505599 0.177643 0.572506
v 0.471986 0.208886 0.590378
v 0.433636 0.232101 0.610769
v 0.392025 0.246397 0.632894
v 0.348750 0.251224 0.655904
v 0.305476 0.246397 0.678913
v 0.263864 0.232101 0.701039
v 0.225515 0.208886 0.721429
v 0.191901 0.177643 0.739302
v 0.164315 0.139573 0.753970
v 0.143817 0.096139 0.764869
v 0.131194 0.049011 0.771580
v 0.126932 0.000000 0.773847
v 0.131194 -0.049011 0.771580
v 0.143817 -0.096139 0.764869
v 0.164315 -0.139573 0.753970
v 0.191901 -0.177643 0.739302
v 0.225515 -0.208886 0.721429
v 0.263864 -0.232101 0.701039
v 0.305476 -0.246397 0.678913
v 0.348750 -0.251224 0.655904
v 0.392025 -0.246397 0.632894
v 0.433636 -0.232101 0.610769
v 0.471986 -0.208886 0.590378
v 0.505599 -0.177643 0.572506
v 0.533185 -0.139573 0.557838
v 0.553683 -0.096139 0.546939
v 0.566306 -0.049011 0.540227
v 0.586050 0.000000 0.572875
v 0.581834 0.048481 0.575116
v 0.569348 0.095098 0.581755
v 0.549072 0.138061 0.592536
v 0.521785 0.175718 0.607045
v 0.488536 0.206623 0.624724
v 0.450602 0.229587 0.644894
v 0.409441 0.243728 0.666780
v 0.366635 0.248503 0.689540
v 0.323829 0.243728 0.712300
v 0.282668 0.229587 0.734186
v 0.244734 0.206623 0.754356
v 0.211485 0.175718 0.772035
v 0.184198 0.138061 0.786544
v 0.163921 0.095098 0.797325
v 0.151435 0.048481 0.803964
v 0.147219 0.000000 0.806205
v 0.151435 -0.048481 0.803964
v 0.163921 -0.095098 0.797325
v 0.184198 -0.138061 0.786544
v 0.211485 -0.175718 0.772035
v 0.244734 -0.206623 0.754356
v 0.282668 -0.229587 0.734186
v 0.323829 -0.243728 0.712300
v 0.366635 -0.248503 0.689540
v 0.409441 -0.243728 0.666780
v 0.450602 -0.229587 0.644894
v 0.488536 -0.206623 0.624724
v 0.521785 -0.175718 0.607045
v 0.549072 -0.138061 0.592536
v 0.569348 -0.095098 0.581755
v 0.581834 -0.048481 0.575116
v 0.601532 0.000000 0.607788
v 0.597363 0.047950 0.610005
v 0.585013 0.094057 0.616572
v 0.564959 0.136549 0.627235
v 0.537971 0.173794 0.641585
v 0.505085 0.204361 0.659070
v 0.467567 0.227073 0.679019
v 0.426857 0.241060 0.700665
v 0.384520 0.245782 0.723176
v 0.342182 0.241060 0.745687
v 0.301472 0.227073 0.767333
v 0.263954 0.204361 0.787282
v 0.231068 0.173794 0.804768
v 0.204080 0.136549 0.819118
v 0.184026 0.094057 0.829781
v 0.171677 0.047950 0.836347
v 0.167507 0.000000 0.838564
v 0.171677 -0.047950 0.836347
v 0.184026 -0.094057 0.829781
v 0.204080 -0.136549 0.819118
v 0.231068 -0.173794 0.804768
v 0.263954 -0.204361 0.787282
v 0.301472 -0.227073 0.767333
v 0.342182 -0.241060 0.745687
v 0.384520 -0.245782 0.723176
v 0.426857 -0.241060 0.700665
v 0.467567 -0.227073 0.679019
v 0.505085 -0.204361 0.659070
v 0.537971 -0.173794 0.641585
v 0.564959 -0.136549 0.627235
v 0.585013 -0.094057 0.616572
v 0.597363 -0.047950 0.610005
v 0.617015 0.000000 0.642702
v 0.612891 0.047419 0.644894
v 0.600678 0.093016 0.651388
v 0.580846 0.135038 0.661933
v 0.554157 0.171870 0.676124
v 0.521635 0.202098 0.693416
v 0.484532 0.224559 0.713144
v 0.444273 0.238391 0.734550
v 0.402404 0.243061 0.756812
v 0.360536 0.238391 0.779074
v 0.320276 0.224559 0.800480
v 0.283173 0.202098 0.820209
v 0.250652 0.171870 0.837500
v 0.223962 0.135038 0.851691
v 0.204130 0.093016 0.862236
v 0.191918 0.047419 0.868730
v 0.187794 0.000000 0.870923
v 0.191918 -0.047419 0.868730
v 0.204130 -0.093016 0.862236
v 0.223962 -0.135038 0.851691
v 0.250652 -0.171870 0.837500
v 0.283173 -0.202098 0.820209
v 0.320276 -0.224559 0.800480
v 0.360536 -0.238391 0.779074
v 0.402404 -0.243061 0.756812
v 0.444273 -0.238391 0.734550
v 0.484532 -0.224559 0.713144
v 0.521635 -0.202098 0.693416
v 0.554157 -0.171870 0.676124
v 0.580846 -0.135038 0.661933
v 0.600678 -0.093016 0.651388
v 0.612891 -0.047419 0.644894
v 0.632497 0.000000 0.677615
v 0.628419 0.046888 0.679784
v 0.616343 0.091974 0.686204
v 0.596733 0.133526 0.696631
v 0.570342 0.169946 0.710663
v 0.538185 0.199836 0.727762
v 0.501497 0.222045 0.747269
v 0.461689 0.235722 0.768436
v 0.420289 0.240340 0.790448
v 0.378889 0.235722 0.812461
v 0.339080 0.222045 0.833628
v 0.302393 0.199836 0.853135
v 0.270235 0.169946 0.870233
v 0.243845 0.133526 0.884265
v 0.224234 0.091974 0.894692
v 0.212159 0.046888 0.901113
v 0.208081 0.000000 0.903281
v 0.212159 -0.046888 0.901113
v 0.224234 -0.091974 0.894692
v 0.243845 -0.133526 0.884265
v 0.270235 -0.169946 0.870233
v 0.302393 -0.199836 0.853135
v 0.339080 -0.222045 0.833628
v 0.378889 -0.235722 0.812461
v 0.420289 -0.240340 0.790448
v 0.461689 -0.235722 0.768436
v 0.501497 -0.222045 0.747269
v 0.538185 -0.199836 0.727762
v 0.570342 -0.169946 0.710663
v 0.596733 -0.133526 0.696631
v 0.616343 -0.091974 0.686204
v 0.628419 -0.046888 0.679784
v 0.648119 0.000000 0.712455
v 0.644085 0.046388 0.714599
v 0.632138 0.090994 0.720952
v 0.612737 0.132102 0.731268
v 0.586627 0.168134 0.745150
v 0.554813 0.197705 0.762066
v 0.518516 0.219678 0.781366
v 0.479132 0.233209 0.802307
v 0.438173 0.237778 0.824084
v 0.397215 0.233209 0.845862
v 0.357831 0.219678 0.866803
v 0.321534 0.197705 0.886103
v 0.289720 0.168134 0.903019
v 0.263610 0.132102 0.916901
v 0.244209 0.090994 0.927217
v 0.232262 0.046388 0.933569
v 0.228228 0.000000 0.935714
v 0.232262 -0.046388 0.933569
v 0.244209 -0.090994 0.927217
v 0.263610 -0.132102 0.916901
v 0.289720 -0.168134 0.903019
v 0.321534 -0.197705 0.886103
v 0.357831 -0.219678 0.866803
v 0.397215 -0.233209 0.845862
v 0.438173 -0.237778 0.824084
v 0.479132 -0.233209 0.802307
v 0.518516 -0.219678 0.781366
v 0.554813 -0.197705 0.762066
v 0.586627 -0.168134 0.745150
v 0.612737 -0.132102 0.731268
v 0.632138 -0.090994 0.720952
v 0.644085 -0.046388 0.714599
v 0.663761 0.000000 0.747283
v 0.659770 0.045893 0.749405
v 0.647951 0.090022 0.755689
v 0.628757 0.130691 0.765895
v 0.602926 0.166338 0.779629
v 0.571452 0.195593 0.796365
v 0.535543 0.217332 0.815458
v 0.496579 0.230718 0.836175
v 0.456058 0.235238 0.857721
v 0.415537 0.230718 0.879266
v 0.376574 0.217332 0.899983
v 0.340665 0.195593 0.919076
v 0.309190 0.166338 0.935812
v 0.283359 0.130691 0.949546
v 0.264166 0.090022 0.959752
v 0.252346 0.045893 0.966036
v 0.248355 0.000000 0.968158
v 0.252346 -0.045893 0.966036
v 0.264166 -0.090022 0.959752
v 0.283359 -0.130691 0.949546
v 0.309190 -0.166338 0.935812
v 0.340665 -0.195593 0.919076
v 0.376574 -0.217332 0.899983
v 0.415537 -0.230718 0.879266
v 0.456058 -0.235238 0.857721
v 0.496579 -0.230718 0.836175
v 0.535543 -0.217332 0.815458
v 0.571452 -0.195593 0.796365
v 0.602926 -0.166338 0.779629
v 0.628757 -0.130691 0.765895
v 0.647951 -0.090022 0.755689
v 0.659770 -0.045893 0.749405
v 0.679403 0.000000 0.782111
v 0.675455 0.045397 0.784210
v 0.663763 0.089050 0.790427
v 0.644777 0.129280 0.800522
v 0.619225 0.164543 0.814109
v 0.588090 0.193482 0.830663
v 0.552569 0.214985 0.849550
v 0.514026 0.228227 0.870044
v 0.473943 0.232698 0.891357
v 0.433859 0.228227 0.912669
v 0.395316 0.214985 0.933163
v 0.359795 0.193482 0.952050
v 0.328660 0.164543 0.968605
v 0.303109 0.129280 0.982191
v 0.284122 0.089050 0.992286
v 0.272430 0.045397 0.998503
v 0.268482 0.000000 1.000602
v 0.272430 -0.045397 0.998503
v 0.284122 -0.089050 0.992286
v 0.303109 -0.129280 0.982191
v 0.328660 -0.164543 0.968605
v 0.359795 -0.193482 0.952050
v 0.395316 -0.214985 0.933163
v 0.433859 -0.228227 0.912669
v 0.473943 -0.232698 0.891357
v 0.514026 -0.228227 0.870044
v 0.552569 -0.214985 0.849550
v 0.588090 -0.193482 0.830663
v 0.619225 -0.164543 0.814109
v 0.644777 -0.129280 0.800522
v 0.663763 -0.089050 0.790427
v 0.675455 -0.045397 0.784210
v 0.695045 0.000000 0.816940
v 0.691141 0.044902 0.819016
v 0.679576 0.088078 0.825165
v 0.660797 0.127869 0.835150
v 0.635524 0.162747 0.848588
v 0.604729 0.191370 0.864962
v 0.569596 0.212639 0.883643
v 0.531473 0.225736 0.903913
v 0.491827 0.230159 0.924993
v 0.452181 0.225736 0.946073
v 0.414059 0.212639 0.966343
v 0.378925 0.191370 0.985024
v 0.348130 0.162747 1.001398
v 0.322858 0.127869 1.014835
v 0.304078 0.088078 1.024821
v 0.292514 0.044902 1.030969
v 0.288609 0.000000 1.033046
v 0.292514 -0.044902 1.030969
v 0.304078 -0.088078 1.024821
v 0.322858 -0.127869 1.014835
v 0.348130 -0.162747 1.001398
v 0.378925 -0.191370 0.985024
v 0.414059 -0.212639 0.966343
v 0.452181 -0.225736 0.946073
v 0.491827 -0.230159 0.924993
v 0.531473 -0.225736 0.903913
v 0.569596 -0.212639 0.883643
v 0.604729 -0.191370 0.864962
v 0.635524 -0.162747 0.848588
v 0.660797 -0.127869 0.835150
v 0.679576 -0.088078 0.825165
v 0.691141 -0.044902 0.819016
v 0.710688 0.000000 0.851768
v 0.706826 0.044406 0.853821
v 0.695389 0.087106 0.859902
v 0.676817 0.126458 0.869777
v 0.651823 0.160951 0.883067
v 0.621368 0.189258 0.899260
v 0.586622 0.210293 0.917735
v 0.548920 0.223245 0.937781
v 0.509712 0.227619 0.958629
v 0.470504 0.223245 0.979476
v 0.432802 0.210293 0.999523
v 0.398056 0.189258 1.017997
v 0.367601 0.160951 1.034191
v 0.342607 0.126458 1.047480
v 0.324035 0.087106 1.057355
v 0.312598 0.044406 1.063436
v 0.308736 0.000000 1.065489
v 0.312598 -0.044406 1.063436
v 0.324035 -0.087106 1.057355
v 0.342607 -0.126458 1.047480
v 0.367601 -0.160951 1.034191
v 0.398056 -0.189258 1.017997
v 0.432802 -0.210293 0.999523
v 0.470504 -0.223245 0.979476
v 0.509712 -0.227619 0.958629
v 0.548920 -0.223245 0.937781
v 0.586622 -0.210293 0.917735
v 0.621368 -0.189258 0.899260
v 0.651823 -0.160951 0.883067
v 0.676817 -0.126458 0.869777
v 0.695389 -0.087106 0.859902
v 0.706826 -0.044406 0.853821
v 0.726330 0.000000 0.886597
v 0.722511 0.043911 0.888627
v 0.711202 0.086134 0.894640
v 0.692837 0.125047 0.904405
v 0.668122 0.159155 0.917546
v 0.638007 0.187147 0.933559
v 0.603649 0.207946 0.951827
v 0.566368 0.220755 0.971650
v 0.527597 0.225079 0.992265
v 0.488826 0.220755 1.012880
v 0.451545 0.207946 1.032702
v 0.417186 0.187147 1.050971
v 0.387071 0.159155 1.066984
v 0.362356 0.125047 1.080125
v 0.343991 0.086134 1.089890
v 0.332682 0.043911 1.095903
v 0.328863 0.000000 1.097933
v 0.332682 -0.043911 1.095903
v 0.343991 -0.086134 1.089890
v 0.362356 -0.125047 1.080125
v 0.387071 -0.159155 1.066984
v 0.417186 -0.187147 1.050971
v 0.451545 -0.207946 1.032702
v 0.488826 -0.220755 1.012880
v 0.527597 -0.225079 0.992265
v 0.566368 -0.220755 0.971650
v 0.603649 -0.207946 0.951827
v 0.638007 -0.187147 0.933559
v 0.668122 -0.159155 0.917546
v 0.692837 -0.125047 0.904405
v 0.711202 -0.086134 0.894640
v 0.722511 -0.043911 0.888627
v 0.741972 0.000000 0.921425
v 0.738197 0.043415 0.923432
v 0.727015 0.085162 0.929378
v 0.708857 0.123636 0.939032
v 0.684421 0.157359 0.952025
v 0.654646 0.185035 0.967857
v 0.620675 0.205600 0.985920
v 0.583815 0.218264 1.005519
v 0.545481 0.222540 1.025901
v 0.507148 0.218264 1.046283
v 0.470287 0.205600 1.065882
v 0.436317 0.185035 1.083945
v 0.406541 0.157359 1.099777
v 0.382105 0.123636 1.112770
v 0.363947 0.085162 1.122424
v 0.352766 0.043415 1.128370
v 0.348990 0.000000 1.130377
v 0.352766 -0.043415 1.128370
v 0.363947 -0.085162 1.122424
v 0.382105 -0.123636 1.112770
v 0.406541 -0.157359 1.099777
v 0.436317 -0.185035 1.083945
v 0.470287 -0.205600 1.065882
v 0.507148 -0.218264 1.046283
v 0.545481 -0.222540 1.025901
v 0.583815 -0.218264 1.005519
v 0.620675 -0.205600 0.985920
v 0.654646 -0.185035 0.967857
v 0.684421 -0.157359 0.952025
v 0.708857 -0.123636 0.939032
v 0.727015 -0.085162 0.929378
v 0.738197 -0.043415 0.923432
v 0.757614 0.000000 0.956253
v 0.753882 0.042920 0.958238
v 0.742828 0.084190 0.964115
v 0.724878 0.122225 0.973660
v 0.700720 0.155563 0.986504
v 0.671285 0.182923 1.002156
v 0.637702 0.203253 1.020012
v 0.601262 0.215773 1.039387
v 0.563366 0.220000 1.059537
v 0.525470 0.215773 1.079687
v 0.489030 0.203253 1.099062
v 0.455447 0.182923 1.116918
v 0.426011 0.155563 1.132570
v 0.401854 0.122225 1.145414
v 0.383904 0.084190 1.154959
v 0.372850 0.042920 1.160836
v 0.369117 0.000000 1.162821
v 0.372850 -0.042920 1.160836
v 0.383904 -0.084190 1.154959
v 0.401854 -0.122225 1.145414
v 0.426011 -0.155563 1.132570
v 0.455447 -0.182923 1.116918
v 0.489030 -0.203253 1.099062
v 0.525470 -0.215773 1.079687
v 0.563366 -0.220000 1.059537
v 0.601262 -0.215773 1.039387
v 0.637702 -0.203253 1.020012
v 0.671285 -0.182923 1.002156
v 0.700720 -0.155563 0.986504
v 0.724878 -0.122225 0.973660
v 0.742828 -0.084190 0.964115
v 0.753882 -0.042920 0.958238
vn 0.85279 0.03275 -0.52123
vn 0.83022 0.22676 -0.50923
vn 0.77467 0.41205 -0.47969
vn 0.68826 0.58151 -0.43375
vn 0.57433 0.72862 -0.37317
vn 0.43725 0.84773 -0.30028
vn 0.28228 0.93426 -0.21789
vn 0.11539 0.98489 -0.12915
vn -0.05702 0.99767 -0.03748
vn -0.22832 0.97211 0.05360
vn -0.39192 0.90919 0.14059
vn -0.54154 0.81133 0.22015
vn -0.67144 0.68230 0.28921
vn -0.77660 0.52704 0.34513
vn -0.85301 0.35153 0.38576
vn -0.89771 0.16251 0.40952
vn -0.90899 -0.03275 0.41552
vn -0.88642 -0.22676 0.40352
vn -0.83087 -0.41205 0.37399
vn -0.74447 -0.58151 0.32805
vn -0.63054 -0.72862 0.26747
vn -0.49345 -0.84773 0.19458
vn -0.33849 -0.93426 0.11218
vn -0.17159 -0.98489 0.02344
vn 0.00082 -0.99767 -0.06823
vn 0.17211 -0.97211 -0.15931
vn 0.33572 -0.90919 -0.24630
vn 0.48534 -0.81133 -0.32586
vn 0.61523 -0.68230 -0.39492
vn 0.72040 -0.52704 -0.45084
vn 0.79680 -0.35153 -0.49146
vn 0.84150 -0.16251 -0.51523
vn 0.85324 -0.00000 -0.52151
vn 0.83631 0.19474 -0.51251
vn 0.78616 0.38200 -0.48584
vn 0.70471 0.55457 -0.44253
vn 0.59510 0.70584 -0.38425
vn 0.46154 0.82998 -0.31324
vn 0.30917 0.92222 -0.23222
vn 0.14383 0.97902 -0.14431
vn -0.02812 0.99820 -0.05288
vn -0.20006 0.97902 0.03854
vn -0.36540 0.92222 0.12645
vn -0.51778 0.82998 0.20747
vn -0.65134 0.70584 0.27849
vn -0.76094 0.55457 0.33677
vn -0.84239 0.38200 0.38007
vn -0.89255 0.19474 0.40674
vn -0.90948 -0.00000 0.41575
vn -0.89255 -0.19474 0.40674
vn -0.84239 -0.38200 0.38007
vn -0.76094 -0.55457 0.33677
vn -0.65134 -0.70584 0.27849
vn -0.51778 -0.82998 0.20747
vn -0.36540 -0.92222 0.12645
vn -0.20006 -0.97902 0.03854
vn -0.02812 -0.99820 -0.05288
vn 0.14383 -0.97902 -0.14431
vn 0.30917 -0.92222 -0.23222
vn 0.46154 -0.82998 -0.31324
vn 0.59510 -0.70584 -0.38425
vn 0.70471 -0.55457 -0.44253
vn 0.78616 -0.38200 -0.48584
vn 0.83631 -0.19474 -0.51251
vn 0.85324 -0.00000 -0.52151
vn 0.83631 0.19474 -0.51251
vn 0.78616 0.38200 -0.48584
vn 0.70471 0.55457 -0.44253
vn 0.59510 0.70584 -0.38425
vn 0.46154 0.82998 -0.31324
vn 0.30917 0.92222 -0.23222
vn 0.14383 0.97902 -0.14431
vn -0.02812 0.99820 -0.05288
vn -0.20006 0.97902 0.03854
vn -0.36540 0.92222 0.12645
vn -0.51778 0.82998 0.20747
vn -0.65134 0.70584 0.27849
vn -0.76094 0.55457 0.33677
vn -0.84239 0.38200 0.38007
vn -0.89255 0.19474 0.40674
vn -0.90948 -0.00000 0.41575
vn -0.89255 -0.19474 0.40674
vn -0.84239 -0.38200 0.38007
vn -0.76094 -0.55457 0.33677
vn -0.65134 -0.70584 0.27849
vn -0.51778 -0.82998 0.20747
vn -0.36540 -0.92222 0.12645
vn -0.20006 -0.97902 0.03854
vn -0.02812 -0.99820 -0.05288
vn 0.14383 -0.97902 -0.14431
vn 0.30917 -0.92222 -0.23222
vn 0.46154 -0.82998 -0.31324
vn 0.59510 -0.70584 -0.38425
vn 0.70471 -0.55457 -0.44253
vn 0.78616 -0.38200 -0.48584
vn 0.83631 -0.19474 -0.51251
vn 0.85324 -0.00000 -0.52151
vn 0.83631 0.19474 -0.51251
vn 0.78616 0.38200 -0.48584
vn 0.70471 0.55457 -0.44253
vn 0.59510 0.70584 -0.38425
vn 0.46154 0.82998 -0.31324
vn 0.30917 0.92222 -0.23222
vn 0.14383 0.97902 -0.14431
vn -0.02812 0.99820 -0.05288
vn -0.20006 0.97902 0.03854
vn -0.36540 0.92222 0.12645
vn -0.51778 0.82998 0.20747
vn -0.65134 0.70584 0.27849
vn -0.76094 0.55457 0.33677
vn -0.84239 0.38200 0.38007
vn -0.89255 0.19474 0.40674
vn -0.90948 0.00000 0.41575
vn -0.89255 -0.19474 0.40674
vn -0.84239 -0.38200 0.38007
vn -0.76094 -0.55457 0.33677
vn -0.65134 -0.70584 0.27849
vn -0.51778 -0.82998 0.20747
vn -0.36540 -0.92222 0.12645
vn -0.20006 -0.97902 0.03854
vn -0.02812 -0.99820 -0.05288
vn 0.14383 -0.97902 -0.14431
vn 0.30917 -0.92222 -0.23222
vn 0.46154 -0.82998 -0.31324
vn 0.59510 -0.70584 -0.38425
vn 0.70471 -0.55457 -0.44253
vn 0.78616 -0.38200 -0.48584
vn 0.83631 -0.19474 -0.51251
vn 0.85324 0.00000 -0.52151
vn 0.83631 0.19474 -0.51251
vn 0.78616 0.38200 -0.48584
vn 0.70471 0.55457 -0.44253
vn 0.59510 0.70584 -0.38425
vn 0.46154 0.82998 -0.31324
vn 0.30917 0.92222 -0.23222
vn 0.14383 0.97902 -0.14431
vn -0.02812 0.99820 -0.05288
vn -0.20006 0.97902 0.03854
vn -0.36540 0.92222 0.12645
vn -0.51778 0.82998 0.20747
vn -0.65134 0.70584 0.27849
vn -0.76094 0.55457 0.33677
vn -0.84239 0.38200 0.38007
vn -0.89255 0.19474 0.40674
vn -0.90948 0.00000 0.41575
vn -0.89255 -0.19474 0.40674
vn -0.84239 -0.38200 0.38007
vn -0.76094 -0.55457 0.33677
vn -0.65134 -0.70584 0.27849
vn -0.51778 -0.82998 0.20747
vn -0.36540 -0.92222 0.12645
vn -0.20006 -0.97902 0.03854
vn -0.02812 -0.99820 -0.05288
vn 0.14383 -0.97902 -0.14431
vn 0.30917 -0.92222 -0.23222
vn 0.46154 -0.82998 -0.31324
vn 0.59510 -0.70584 -0.38425
vn 0.70471 -0.55457 -0.44253
vn 0.78616 -0.38200 -0.48584
vn 0.83631 -0.19474 -0.51251
vn 0.85324 0.00000 -0.52151
vn 0.83631 0.19474 -0.51251
vn 0.78616 0.38200 -0.48584
vn 0.70471 0.55457 -0.44253
vn 0.59510 0.70584 -0.38425
vn 0.46154 0.82998 -0.31324
vn 0.30917 0.92222 -0.23222
vn 0.14383 0.97902 -0.14431
vn -0.02812 0.99820 -0.05288
vn -0.20006 0.97902 0.03854
vn -0.36540 0.92222 0.12645
vn -0.51778 0.82998 0.20747
vn -0.65134 0.70584 0.27849
vn -0.76094 0.55457 0.33677
vn -0.84239 0.38200 0.38007
vn -0.89255 0.19474 0.40674
vn -0.90948 0.00000 0.41575
vn -0.89255 -0.19474 0.40674
vn -0.84239 -0.38200 0.38007
vn -0.76094 -0.55457 0.33677
vn -0.65134 -0.70584 0.27849
vn -0.51778 -0.82998 0.20747
vn -0.36540 -0.92222 0.12645
vn -0.20006 -0.97902 0.03854
vn -0.02812 -0.99820 -0.05288
vn 0.14383 -0.97902 -0.14431
vn 0.30917 -0.92222 -0.23222
vn 0.46154 -0.82998 -0.31324
vn 0.59510 -0.70584 -0.38425
vn 0.70471 -0.55457 -0.44253
vn 0.78616 -0.38200 -0.48584
vn 0.83631 -0.19474 -0.51251
vn 0.85011 -0.00001 -0.52661
vn 0.83318 0.19465 -0.51761
vn 0.78305 0.38184 -0.49096
vn 0.70163 0.55435 -0.44767
vn 0.59207 0.70556 -0.38941
vn 0.45856 0.82966 -0.31842
vn 0.30624 0.92187 -0.23743
vn 0.14097 0.97865 -0.14956
vn -0.03091 0.99783 -0.05817
vn -0.20279 0.97866 0.03322
vn -0.36807 0.92188 0.12110
vn -0.52039 0.82967 0.20209
vn -0.65390 0.70558 0.27308
vn -0.76347 0.55437 0.33134
vn -0.84489 0.38186 0.37463
vn -0.89502 0.19468 0.40129
vn -0.91195 0.00001 0.41029
vn -0.89503 -0.19465 0.40129
vn -0.84489 -0.38184 0.37464
vn -0.76348 -0.55435 0.33135
vn -0.65391 -0.70556 0.27309
vn -0.52041 -0.82966 0.20210
vn -0.36809 -0.92187 0.12111
vn -0.20282 -0.97865 0.03324
vn -0.03094 -0.99783 -0.05815
vn 0.14095 -0.97866 -0.14954
vn 0.30622 -0.92188 -0.23742
vn 0.45854 -0.82967 -0.31841
vn 0.59205 -0.70558 -0.38940
vn 0.70162 -0.55437 -0.44766
vn 0.78304 -0.38186 -0.49095
vn 0.83318 -0.19468 -0.51761
vn 0.84283 -0.00002 -0.53819
vn 0.82592 0.19445 -0.52920
vn 0.77583 0.38145 -0.50257
vn 0.69450 0.55379 -0.45932
vn 0.58505 0.70485 -0.40112
vn 0.45167 0.82883 -0.33021
vn 0.29951 0.92095 -0.24930
vn 0.13440 0.97768 -0.16151
vn -0.03731 0.99683 -0.07021
vn -0.20902 0.97768 0.02109
vn -0.37413 0.92096 0.10888
vn -0.52630 0.82885 0.18979
vn -0.65968 0.70488 0.26071
vn -0.76914 0.55383 0.31891
vn -0.85047 0.38149 0.36216
vn -0.90056 0.19449 0.38879
vn -0.91748 0.00002 0.39778
vn -0.90057 -0.19445 0.38879
vn -0.85049 -0.38145 0.36216
vn -0.76916 -0.55379 0.31892
vn -0.65970 -0.70485 0.26072
vn -0.52633 -0.82883 0.18980
vn -0.37416 -0.92095 0.10890
vn -0.20905 -0.97768 0.02111
vn -0.03734 -0.99683 -0.07019
vn 0.13437 -0.97768 -0.16149
vn 0.29948 -0.92096 -0.24928
vn 0.45164 -0.82885 -0.33019
vn 0.58502 -0.70488 -0.40111
vn 0.69448 -0.55383 -0.45931
vn 0.77582 -0.38149 -0.50256
vn 0.82591 -0.19449 -0.52919
vn 0.83866 -0.00000 -0.54465
vn 0.82176 0.19435 -0.53566
vn 0.77171 0.38123 -0.50905
vn 0.69043 0.55346 -0.46583
vn 0.58104 0.70442 -0.40767
vn 0.44775 0.82830 -0.33680
vn 0.29568 0.92036 -0.25594
vn 0.13068 0.97705 -0.16820
vn -0.04092 0.99619 -0.07696
vn -0.21252 0.97705 0.01428
vn -0.37753 0.92036 0.10201
vn -0.52959 0.82830 0.18287
vn -0.66288 0.70442 0.25374
vn -0.77227 0.55346 0.31190
vn -0.85355 0.38123 0.35512
vn -0.90361 0.19435 0.38173
vn -0.92051 0.00000 0.39072
vn -0.90361 -0.19435 0.38173
vn -0.85355 -0.38123 0.35512
vn -0.77227 -0.55346 0.31190
vn -0.66288 -0.70442 0.25374
vn -0.52959 -0.82830 0.18287
vn -0.37753 -0.92036 0.10201
vn -0.21252 -0.97705 0.01428
vn -0.04092 -0.99619 -0.07696
vn 0.13068 -0.97705 -0.16820
vn 0.29568 -0.92036 -0.25594
vn 0.44775 -0.82830 -0.33680
vn 0.58104 -0.70442 -0.40767
vn 0.69043 -0.55346 -0.46583
vn 0.77171 -0.38123 -0.50905
vn 0.82176 -0.19435 -0.53566
vn 0.83866 0.00000 -0.54465
vn 0.82176 0.19435 -0.53566
vn 0.77171 0.38123 -0.50905
vn 0.69043 0.55346 -0.46583
vn 0.58104 0.70442 -0.40767
vn 0.44775 0.82830 -0.33680
vn 0.29568 0.92036 -0.25594
vn 0.13068 0.97705 -0.16820
vn -0.04092 0.99619 -0.07696
vn -0.21252 0.97705 0.01428
vn -0.37753 0.92036 0.10201
vn -0.52959 0.82830 0.18287
vn -0.66288 0.70442 0.25374
vn -0.77227 0.55346 0.31190
vn -0.85355 0.38123 0.35512
vn -0.90361 0.19435 0.38173
vn -0.92051 0.00000 0.39072
vn -0.90361 -0.19435 0.38173
vn -0.85355 -0.38123 0.35512
vn -0.77227 -0.55346 0.31190
vn -0.66288 -0.70442 0.25374
vn -0.52959 -0.82830 0.18287
vn -0.37753 -0.92036 0.10201
vn -0.21252 -0.97705 0.01428
vn -0.04092 -0.99619 -0.07696
vn 0.13068 -0.97705 -0.16820
vn 0.29568 -0.92036 -0.25594
vn 0.44775 -0.82830 -0.33680
vn 0.58104 -0.70442 -0.40767
vn 0.69043 -0.55346 -0.46583
vn 0.77171 -0.38123 -0.50905
vn 0.82176 -0.19435 -0.53566
vn 0.83866 0.00000 -0.54465
vn 0.82176 0.19435 -0.53566
vn 0.77171 0.38123 -0.50905
vn 0.69043 0.55346 -0.46583
vn 0.58104 0.70442 -0.40767
vn 0.44775 0.82830 -0.33680
vn 0.29568 0.92036 -0.25594
vn 0.13068 0.97705 -0.16820
vn -0.04092 0.99619 -0.07696
vn -0.21252 0.97705 0.01428
vn -0.37753 0.92036 0.10201
vn -0.52959 0.82830 0.18287
vn -0.66288 0.70442 0.25374
vn -0.77227 0.55346 0.31190
vn -0.85355 0.38123 0.35512
vn -0.90361 0.19435 0.38173
vn -0.92051 -0.00000 0.39072
vn -0.90361 -0.19435 0.38173
vn -0.85355 -0.38123 0.35512
vn -0.77227 -0.55346 0.31190
vn -0.66288 -0.70442 0.25374
vn -0.52959 -0.82830 0.18287
vn -0.37753 -0.92036 0.10201
vn -0.21252 -0.97705 0.01428
vn -0.04092 -0.99619 -0.07696
vn 0.13068 -0.97705 -0.16820
vn 0.29568 -0.92036 -0.25594
vn 0.44775 -0.82830 -0.33680
vn 0.58104 -0.70442 -0.40767
vn 0.69043 -0.55346 -0.46583
vn 0.77171 -0.38123 -0.50905
vn 0.82176 -0.19435 -0.53566
vn 0.83866 0.00000 -0.54465
vn 0.82176 0.19435 -0.53566
vn 0.77171 0.38123 -0.50905
vn 0.69043 0.55346 -0.46583
vn 0.58104 0.70442 -0.40767
vn 0.44775 0.82830 -0.33680
vn 0.29568 0.92036 -0.25594
vn 0.13068 0.97705 -0.16820
vn -0.04092 0.99619 -0.07696
vn -0.21252 0.97705 0.01428
vn -0.37753 0.92036 0.10201
vn -0.52959 0.82830 0.18287
vn -0.66288 0.70442 0.25374
vn -0.77227 0.55346 0.31190
vn -0.85355 0.38123 0.35512
vn -0.90361 0.19435 0.38173
vn -0.92051 -0.00000 0.39072
vn -0.90361 -0.19435 0.38173
vn -0.85355 -0.38123 0.35512
vn -0.77227 -0.55346 0.31190
vn -0.66288 -0.70442 0.25374
vn -0.52959 -0.82830 0.18287
vn -0.37753 -0.92036 0.10201
vn -0.21252 -0.97705 0.01428
vn -0.04092 -0.99619 -0.07696
vn 0.13068 -0.97705 -0.16820
vn 0.29568 -0.92036 -0.25594
vn 0.44775 -0.82830 -0.33680
vn 0.58104 -0.70442 -0.40767
vn 0.69043 -0.55346 -0.46583
vn 0.77171 -0.38123 -0.50905
vn 0.82176 -0.19435 -0.53566
vn 0.83866 -0.00000 -0.54465
vn 0.82176 0.19435 -0.53566
vn 0.77171 0.38123 -0.50905
vn 0.69043 0.55346 -0.46583
vn 0.58104 0.70442 -0.40767
vn 0.44775 0.82830 -0.33680
vn 0.29568 0.92036 -0.25594
vn 0.13068 0.97705 -0.16820
vn -0.04092 0.99619 -0.07696
vn -0.21252 0.97705 0.01428
vn -0.37753 0.92036 0.10201
vn -0.52959 0.82830 0.18287
vn -0.66288 0.70442 0.25374
vn -0.77227 0.55346 0.31190
vn -0.85355 0.38123 0.35512
vn -0.90361 0.19435 0.38173
vn -0.92051 0.00000 0.39072
vn -0.90361 -0.19435 0.38173
vn -0.85355 -0.38123 0.35512
vn -0.77227 -0.55346 0.31190
vn -0.66288 -0.70442 0.25374
vn -0.52959 -0.82830 0.18287
vn -0.37753 -0.92036 0.10201
vn -0.21252 -0.97705 0.01428
vn -0.04092 -0.99619 -0.07696
vn 0.13068 -0.97705 -0.16820
vn 0.29568 -0.92036 -0.25594
vn 0.44775 -0.82830 -0.33680
vn 0.58104 -0.70442 -0.40767
vn 0.69043 -0.55346 -0.46583
vn 0.77171 -0.38123 -0.50905
vn 0.82176 -0.19435 -0.53566
vn 0.83866 -0.00000 -0.54465
vn 0.82176 0.19435 -0.53566
vn 0.77171 0.38123 -0.50905
vn 0.69043 0.55346 -0.46583
vn 0.58104 0.70442 -0.40767
vn 0.44775 0.82830 -0.33680
vn 0.29568 0.92036 -0.25594
vn 0.13068 0.97705 -0.16820
vn -0.04092 0.99619 -0.07696
vn -0.21252 0.97705 0.01428
vn -0.37753 0.92036 0.10201
vn -0.52959 0.82830 0.18287
vn -0.66288 0.70442 0.25374
vn -0.77227 0.55346 0.31190
vn -0.85355 0.38123 0.35512
vn -0.90361 0.19435 0.38173
vn -0.92051 -0.00000 0.39072
vn -0.90361 -0.19435 0.38173
vn -0.85355 -0.38123 0.35512
vn -0.77227 -0.55346 0.31190
vn -0.66288 -0.70442 0.25374
vn -0.52959 -0.82830 0.18287
vn -0.37753 -0.92036 0.10201
vn -0.21252 -0.97705 0.01428
vn -0.04092 -0.99619 -0.07696
vn 0.13068 -0.97705 -0.16820
vn 0.29568 -0.92036 -0.25594
vn 0.44775 -0.82830 -0.33680
vn 0.58104 -0.70442 -0.40767
vn 0.69043 -0.55346 -0.46583
vn 0.77171 -0.38123 -0.50905
vn 0.82176 -0.19435 -0.53566
vn 0.83866 -0.00000 -0.54465
vn 0.82176 0.19435 -0.53566
vn 0.77171 0.38123 -0.50905
vn 0.69043 0.55346 -0.46583
vn 0.58104 0.70442 -0.40767
vn 0.44775 0.82830 -0.33680
vn 0.29568 0.92036 -0.25594
vn 0.13068 0.97705 -0.16820
vn -0.04092 0.99619 -0.07696
vn -0.21252 0.97705 0.01428
vn -0.37753 0.92036 0.10201
vn -0.52959 0.82830 0.18287
vn -0.66288 0.70442 0.25374
vn -0.77227 0.55346 0.31190
vn -0.85355 0.38123 0.35512
vn -0.90361 0.19435 0.38173
vn -0.92051 -0.00000 0.39072
vn -0.90361 -0.19435 0.38173
vn -0.85355 -0.38123 0.35512
vn -0.77227 -0.55346 0.31190
vn -0.66288 -0.70442 0.25374
vn -0.52959 -0.82830 0.18287
vn -0.37753 -0.92036 0.10201
vn -0.21252 -0.97705 0.01428
vn -0.04092 -0.99619 -0.07696
vn 0.13068 -0.97705 -0.16820
vn 0.29568 -0.92036 -0.25594
vn 0.44775 -0.82830 -0.33680
vn 0.58104 -0.70442 -0.40767
vn 0.69043 -0.55346 -0.46583
vn 0.77171 -0.38123 -0.50905
vn 0.82176 -0.19435 -0.53566
vn 0.83866 -0.00000 -0.54465
vn 0.82176 0.19435 -0.53566
vn 0.77171 0.38123 -0.50905
vn 0.69043 0.55346 -0.46583
vn 0.58104 0.70442 -0.40767
vn 0.44775 0.82830 -0.33680
vn 0.29568 0.92036 -0.25594
vn 0.13068 0.97705 -0.16820
vn -0.04092 0.99619 -0.07696
vn -0.21252 0.97705 0.01428
vn -0.37753 0.92036 0.10201
vn -0.52959 0.82830 0.18287
vn -0.66288 0.70442 0.25374
vn -0.77227 0.55346 0.31190
vn -0.85355 0.38123 0.35512
vn -0.90361 0.19435 0.38173
vn -0.92051 -0.00000 0.39072
vn -0.90361 -0.19435 0.38173
vn -0.85355 -0.38123 0.35512
vn -0.77227 -0.55346 0.31190
vn -0.66288 -0.70442 0.25374
vn -0.52959 -0.82830 0.18287
vn -0.37753 -0.92036 0.10201
vn -0.21252 -0.97705 0.01428
vn -0.04092 -0.99619 -0.07696
vn 0.13068 -0.97705 -0.16820
vn 0.29568 -0.92036 -0.25594
vn 0.44775 -0.82830 -0.33680
vn 0.58104 -0.70442 -0.40767
vn 0.69043 -0.55346 -0.46583
vn 0.77171 -0.38123 -0.50905
vn 0.82176 -0.19435 -0.53566
vn 0.83866 -0.00000 -0.54465
vn 0.82176 0.19435 -0.53566
vn 0.77171 0.38123 -0.50905
vn 0.69043 0.55346 -0.46583
vn 0.58104 0.70442 -0.40767
vn 0.44775 0.82830 -0.33680
vn 0.29568 0.92036 -0.25594
vn 0.13068 0.97705 -0.16820
vn -0.04092 0.99619 -0.07696
vn -0.21252 0.97705 0.01428
vn -0.37753 0.92036 0.10201
vn -0.52959 0.82830 0.18287
vn -0.66288 0.70442 0.25374
vn -0.77227 0.55346 0.31190
vn -0.85355 0.38123 0.35512
vn -0.90361 0.19435 0.38173
vn -0.92051 -0.00000 0.39072
vn -0.90361 -0.19435 0.38173
vn -0.85355 -0.38123 0.35512
vn -0.77227 -0.55346 0.31190
vn -0.66288 -0.70442 0.25374
vn -0.52959 -0.82830 0.18287
vn -0.37753 -0.92036 0.10201
vn -0.21252 -0.97705 0.01428
vn -0.04092 -0.99619 -0.07696
vn 0.13068 -0.97705 -0.16820
vn 0.29568 -0.92036 -0.25594
vn 0.44775 -0.82830 -0.33680
vn 0.58104 -0.70442 -0.40767
vn 0.69043 -0.55346 -0.46583
vn 0.77171 -0.38123 -0.50905
vn 0.82176 -0.19435 -0.53566
vn 0.84604 0.00003 -0.53312
vn 0.82912 0.19459 -0.52412
vn 0.77900 0.38168 -0.49747
vn 0.69762 0.55409 -0.45420
vn 0.58811 0.70522 -0.39598
vn 0.45467 0.82924 -0.32502
vn 0.30243 0.92139 -0.24408
vn 0.13724 0.97814 -0.15624
vn -0.03455 0.99729 -0.06490
vn -0.20633 0.97812 0.02644
vn -0.37152 0.92137 0.11427
vn -0.52375 0.82920 0.19521
vn -0.65719 0.70517 0.26616
vn -0.76669 0.55404 0.32439
vn -0.84806 0.38162 0.36765
vn -0.89816 0.19453 0.39429
vn -0.91508 -0.00003 0.40328
vn -0.89815 -0.19459 0.39428
vn -0.84804 -0.38168 0.36764
vn -0.76666 -0.55409 0.32437
vn -0.65715 -0.70522 0.26614
vn -0.52371 -0.82924 0.19519
vn -0.37147 -0.92139 0.11424
vn -0.20628 -0.97814 0.02641
vn -0.03449 -0.99729 -0.06493
vn 0.13730 -0.97812 -0.15627
vn 0.30248 -0.92137 -0.24410
vn 0.45472 -0.82920 -0.32505
vn 0.58815 -0.70517 -0.39600
vn 0.69766 -0.55404 -0.45422
vn 0.77902 -0.38162 -0.49748
vn 0.82913 -0.19453 -0.52413
vn 0.85373 0.00000 -0.52071
vn 0.83680 0.19475 -0.51170
vn 0.78664 0.38202 -0.48503
vn 0.70519 0.55461 -0.44173
vn 0.59557 0.70588 -0.38344
vn 0.46201 0.83002 -0.31242
vn 0.30962 0.92227 -0.23140
vn 0.14428 0.97908 -0.14348
vn -0.02768 0.99826 -0.05205
vn -0.19963 0.97908 0.03938
vn -0.36498 0.92227 0.12729
vn -0.51736 0.83002 0.20832
vn -0.65093 0.70588 0.27934
vn -0.76055 0.55460 0.33762
vn -0.84200 0.38202 0.38093
vn -0.89215 0.19475 0.40760
vn -0.90909 -0.00000 0.41660
vn -0.89215 -0.19475 0.40760
vn -0.84200 -0.38202 0.38093
vn -0.76054 -0.55461 0.33762
vn -0.65093 -0.70588 0.27934
vn -0.51736 -0.83002 0.20832
vn -0.36498 -0.92227 0.12729
vn -0.19963 -0.97908 0.03938
vn -0.02768 -0.99826 -0.05205
vn 0.14428 -0.97908 -0.14348
vn 0.30963 -0.92227 -0.23140
vn 0.46201 -0.83002 -0.31243
vn 0.59558 -0.70588 -0.38344
vn 0.70519 -0.55460 -0.44173
vn 0.78664 -0.38202 -0.48503
vn 0.83680 -0.19475 -0.51170
vn 0.85421 -0.00000 -0.51993
vn 0.83727 0.19476 -0.51092
vn 0.78711 0.38204 -0.48425
vn 0.70566 0.55463 -0.44094
vn 0.59604 0.70591 -0.38265
vn 0.46246 0.83007 -0.31163
vn 0.31007 0.92232 -0.23060
vn 0.14472 0.97913 -0.14268
vn -0.02725 0.99831 -0.05125
vn -0.19921 0.97913 0.04019
vn -0.36457 0.92232 0.12811
vn -0.51696 0.83007 0.20914
vn -0.65053 0.70591 0.28016
vn -0.76016 0.55463 0.33845
vn -0.84161 0.38204 0.38176
vn -0.89177 0.19476 0.40843
vn -0.90871 -0.00000 0.41743
vn -0.89177 -0.19476 0.40843
vn -0.84161 -0.38204 0.38176
vn -0.76016 -0.55463 0.33845
vn -0.65053 -0.70591 0.28016
vn -0.51696 -0.83007 0.20914
vn -0.36457 -0.92232 0.12811
vn -0.19921 -0.97913 0.04019
vn -0.02725 -0.99831 -0.05125
vn 0.14472 -0.97913 -0.14268
vn 0.31007 -0.92232 -0.23060
vn 0.46246 -0.83007 -0.31163
vn 0.59604 -0.70591 -0.38265
vn 0.70566 -0.55463 -0.44094
vn 0.78711 -0.38204 -0.48425
vn 0.83727 -0.19476 -0.51092
vn 0.85421 -0.00000 -0.51993
vn 0.83727 0.19476 -0.51093
vn 0.78711 0.38204 -0.48426
vn 0.70566 0.55463 -0.44094
vn 0.59603 0.70591 -0.38266
vn 0.46246 0.83007 -0.31164
vn 0.31007 0.92232 -0.23061
vn 0.14471 0.97913 -0.14268
vn -0.02725 0.99831 -0.05125
vn -0.19921 0.97913 0.04019
vn -0.36457 0.92232 0.12811
vn -0.51696 0.83007 0.20914
vn -0.65053 0.70591 0.28016
vn -0.76015 0.55463 0.33845
vn -0.84161 0.38204 0.38176
vn -0.89177 0.19476 0.40843
vn -0.90871 -0.00000 0.41744
vn -0.89177 -0.19476 0.40843
vn -0.84161 -0.38204 0.38176
vn -0.76015 -0.55463 0.33845
vn -0.65053 -0.70591 0.28016
vn -0.51696 -0.83007 0.20914
vn -0.36457 -0.92232 0.12811
vn -0.19921 -0.97913 0.04019
vn -0.02725 -0.99831 -0.05125
vn 0.14471 -0.97913 -0.14268
vn 0.31007 -0.92232 -0.23061
vn 0.46246 -0.83007 -0.31164
vn 0.59603 -0.70591 -0.38266
vn 0.70566 -0.55463 -0.44095
vn 0.78711 -0.38204 -0.48426
vn 0.83727 -0.19476 -0.51093
vn 0.85419 -0.00000 -0.51996
vn 0.83725 0.19476 -0.51096
vn 0.78709 0.38204 -0.48429
vn 0.70564 0.55463 -0.44097
vn 0.59602 0.70591 -0.38268
vn 0.46245 0.83007 -0.31165
vn 0.31006 0.92232 -0.23062
vn 0.14471 0.97913 -0.14269
vn -0.02725 0.99831 -0.05125
vn -0.19921 0.97913 0.04020
vn -0.36456 0.92232 0.12812
vn -0.51695 0.83007 0.20916
vn -0.65052 0.70592 0.28019
vn -0.76014 0.55463 0.33848
vn -0.84159 0.38204 0.38179
vn -0.89175 0.19476 0.40847
vn -0.90869 -0.00000 0.41747
vn -0.89175 -0.19476 0.40847
vn -0.84159 -0.38204 0.38179
vn -0.76014 -0.55463 0.33848
vn -0.65052 -0.70592 0.28019
vn -0.51695 -0.83007 0.20916
vn -0.36456 -0.92232 0.12812
vn -0.19921 -0.97913 0.04019
vn -0.02725 -0.99831 -0.05125
vn 0.14471 -0.97913 -0.14269
vn 0.31006 -0.92232 -0.23062
vn 0.46245 -0.83007 -0.31165
vn 0.59602 -0.70591 -0.38268
vn 0.70564 -0.55463 -0.44097
vn 0.78709 -0.38204 -0.48429
vn 0.83725 -0.19476 -0.51096
vn 0.85407 -0.00000 -0.52015
vn 0.83714 0.19476 -0.51114
vn 0.78699 0.38203 -0.48446
vn 0.70555 0.55463 -0.44113
vn 0.59594 0.70591 -0.38281
vn 0.46239 0.83006 -0.31176
vn 0.31002 0.92232 -0.23069
vn 0.14469 0.97913 -0.14272
vn -0.02725 0.99831 -0.05124
vn -0.19919 0.97914 0.04024
vn -0.36452 0.92233 0.12820
vn -0.51689 0.83008 0.20927
vn -0.65045 0.70592 0.28033
vn -0.76006 0.55464 0.33865
vn -0.84151 0.38204 0.38198
vn -0.89166 0.19476 0.40866
vn -0.90860 -0.00000 0.41767
vn -0.89166 -0.19476 0.40866
vn -0.84151 -0.38204 0.38198
vn -0.76006 -0.55464 0.33864
vn -0.65046 -0.70592 0.28032
vn -0.51690 -0.83007 0.20926
vn -0.36453 -0.92233 0.12819
vn -0.19919 -0.97913 0.04023
vn -0.02725 -0.99831 -0.05125
vn 0.14469 -0.97913 -0.14273
vn 0.31002 -0.92232 -0.23070
vn 0.46239 -0.83006 -0.31176
vn 0.59594 -0.70591 -0.38282
vn 0.70554 -0.55463 -0.44113
vn 0.78699 -0.38203 -0.48446
vn 0.83714 -0.19476 -0.51114
vn 0.85353 -0.00000 -0.52105
vn 0.83661 0.19475 -0.51202
vn 0.78649 0.38201 -0.48528
vn 0.70511 0.55460 -0.44186
vn 0.59558 0.70588 -0.38344
vn 0.46211 0.83003 -0.31224
vn 0.30984 0.92230 -0.23102
vn 0.14461 0.97912 -0.14288
vn -0.02724 0.99832 -0.05122
vn -0.19908 0.97915 0.04044
vn -0.36433 0.92235 0.12858
vn -0.51663 0.83010 0.20981
vn -0.65013 0.70595 0.28101
vn -0.75968 0.55467 0.33945
vn -0.84110 0.38206 0.38286
vn -0.89123 0.19477 0.40960
vn -0.90816 -0.00000 0.41862
vn -0.89123 -0.19478 0.40959
vn -0.84110 -0.38207 0.38284
vn -0.75970 -0.55467 0.33942
vn -0.65014 -0.70595 0.28098
vn -0.51665 -0.83010 0.20977
vn -0.36436 -0.92235 0.12853
vn -0.19911 -0.97914 0.04039
vn -0.02726 -0.99831 -0.05127
vn 0.14458 -0.97912 -0.14293
vn 0.30981 -0.92229 -0.23106
vn 0.46209 -0.83003 -0.31228
vn 0.59556 -0.70588 -0.38347
vn 0.70509 -0.55460 -0.44189
vn 0.78648 -0.38201 -0.48530
vn 0.83660 -0.19475 -0.51202
vn 0.85145 -0.00001 -0.52443
vn 0.83459 0.19469 -0.51533
vn 0.78461 0.38192 -0.48839
vn 0.70344 0.55449 -0.44466
vn 0.59419 0.70576 -0.38581
vn 0.46105 0.82993 -0.31410
vn 0.30913 0.92222 -0.23228
vn 0.14427 0.97908 -0.14350
vn -0.02720 0.99832 -0.05116
vn -0.19870 0.97919 0.04119
vn -0.36362 0.92243 0.13000
vn -0.51563 0.83021 0.21185
vn -0.64889 0.70606 0.28359
vn -0.75825 0.55477 0.34247
vn -0.83953 0.38214 0.38622
vn -0.88958 0.19481 0.41315
vn -0.90649 -0.00001 0.42223
vn -0.88960 -0.19482 0.41311
vn -0.83956 -0.38215 0.38614
vn -0.75830 -0.55477 0.34236
vn -0.64894 -0.70606 0.28346
vn -0.51570 -0.83020 0.21169
vn -0.36370 -0.92242 0.12983
vn -0.19879 -0.97918 0.04101
vn -0.02730 -0.99831 -0.05134
vn 0.14417 -0.97907 -0.14367
vn 0.30903 -0.92221 -0.23244
vn 0.46096 -0.82992 -0.31424
vn 0.59411 -0.70576 -0.38593
vn 0.70337 -0.55449 -0.44475
vn 0.78456 -0.38193 -0.48846
vn 0.83456 -0.19471 -0.51536
vn 0.84513 -0.00002 -0.53457
vn 0.82842 0.19452 -0.52525
vn 0.77886 0.38163 -0.49773
vn 0.69835 0.55411 -0.45307
vn 0.58995 0.70537 -0.39296
vn 0.45780 0.82958 -0.31971
vn 0.30697 0.92197 -0.23611
vn 0.14323 0.97895 -0.14538
vn -0.02712 0.99833 -0.05099
vn -0.19755 0.97933 0.04343
vn -0.36148 0.92266 0.13424
vn -0.51262 0.83049 0.21795
vn -0.64512 0.70636 0.29133
vn -0.75389 0.55503 0.35154
vn -0.83474 0.38233 0.39628
vn -0.88453 0.19491 0.42381
vn -0.90136 -0.00001 0.43307
vn -0.88458 -0.19494 0.42370
vn -0.83483 -0.38235 0.39607
vn -0.75403 -0.55504 0.35125
vn -0.64529 -0.70636 0.29095
vn -0.51282 -0.83048 0.21751
vn -0.36172 -0.92264 0.13376
vn -0.19780 -0.97930 0.04292
vn -0.02739 -0.99830 -0.05150
vn 0.14296 -0.97892 -0.14587
vn 0.30670 -0.92194 -0.23657
vn 0.45754 -0.82957 -0.32012
vn 0.58972 -0.70537 -0.39330
vn 0.69816 -0.55413 -0.45333
vn 0.77873 -0.38166 -0.49791
vn 0.82835 -0.19456 -0.52534
vn 0.82982 -0.00006 -0.55803
vn 0.81350 0.19402 -0.54824
vn 0.76500 0.38075 -0.51943
vn 0.68611 0.55302 -0.47267
vn 0.57980 0.70426 -0.40970
vn 0.45006 0.82863 -0.33290
vn 0.30182 0.92130 -0.24518
vn 0.14075 0.97863 -0.14988
vn -0.02697 0.99835 -0.05068
vn -0.19487 0.97962 0.04862
vn -0.35645 0.92313 0.14414
vn -0.50545 0.83102 0.23221
vn -0.63609 0.70687 0.30940
vn -0.74334 0.55545 0.37273
vn -0.82304 0.38263 0.41976
vn -0.87215 0.19506 0.44867
vn -0.88877 -0.00001 0.45835
vn -0.87226 -0.19508 0.44845
vn -0.82326 -0.38264 0.41932
vn -0.74365 -0.55546 0.37209
vn -0.63649 -0.70687 0.30859
vn -0.50591 -0.83101 0.23126
vn -0.35697 -0.92309 0.14309
vn -0.19544 -0.97957 0.04751
vn -0.02757 -0.99828 -0.05179
vn 0.14014 -0.97856 -0.15096
vn 0.30122 -0.92123 -0.24617
vn 0.44949 -0.82859 -0.33378
vn 0.57928 -0.70426 -0.41043
vn 0.68569 -0.55307 -0.47323
vn 0.76470 -0.38084 -0.51981
vn 0.81335 -0.19414 -0.54843
vn 0.80127 -0.00015 -0.59830
vn 0.78570 0.19276 -0.58781
vn 0.73925 0.37858 -0.55694
vn 0.66352 0.55038 -0.50678
vn 0.56120 0.70163 -0.43906
vn 0.43597 0.82645 -0.35625
vn 0.29249 0.91985 -0.26138
vn 0.13621 0.97799 -0.15808
vn -0.02682 0.99837 -0.05033
vn -0.19019 0.98005 0.05763
vn -0.34746 0.92368 0.16153
vn -0.49242 0.83146 0.25727
vn -0.61942 0.70708 0.34110
vn -0.72356 0.55546 0.40979
vn -0.80088 0.38254 0.46072
vn -0.84849 0.19501 0.49198
vn -0.86463 0.00004 0.50242
vn -0.84870 -0.19494 0.49164
vn -0.80128 -0.38250 0.46006
vn -0.72412 -0.55545 0.40882
vn -0.62011 -0.70708 0.33985
vn -0.49321 -0.83146 0.25578
vn -0.34831 -0.92365 0.15986
vn -0.19110 -0.97998 0.05586
vn -0.02777 -0.99826 -0.05211
vn 0.13523 -0.97785 -0.15979
vn 0.29151 -0.91972 -0.26294
vn 0.43502 -0.82637 -0.35760
vn 0.56033 -0.70163 -0.44017
vn 0.66280 -0.55048 -0.50761
vn 0.73873 -0.37879 -0.55750
vn 0.78543 -0.19304 -0.58808
vn 0.76412 -0.00020 -0.64507
vn 0.74954 0.19070 -0.63390
vn 0.70590 0.37496 -0.60093
vn 0.63449 0.54596 -0.54712
vn 0.53755 0.69731 -0.47413
vn 0.41829 0.82298 -0.38437
vn 0.28095 0.91767 -0.28099
vn 0.13072 0.97710 -0.16789
vn -0.02644 0.99842 -0.04954
vn -0.18412 0.98046 0.06922
vn -0.33584 0.92388 0.18349
vn -0.47540 0.83109 0.28860
vn -0.59729 0.70609 0.38037
vn -0.69688 0.55412 0.45531
vn -0.77059 0.38129 0.51070
vn -0.81586 0.19428 0.54463
vn -0.83121 0.00011 0.55596
vn -0.81611 -0.19409 0.54432
vn -0.77106 -0.38116 0.51008
vn -0.69754 -0.55406 0.45438
vn -0.59807 -0.70609 0.37914
vn -0.47626 -0.83111 0.28711
vn -0.33675 -0.92388 0.18179
vn -0.18507 -0.98041 0.06740
vn -0.02741 -0.99830 -0.05137
vn 0.12972 -0.97693 -0.16963
vn 0.27993 -0.91750 -0.28255
vn 0.41728 -0.82287 -0.38569
vn 0.53662 -0.69731 -0.47519
vn 0.63371 -0.54610 -0.54789
vn 0.70533 -0.37523 -0.60143
vn 0.74924 -0.19107 -0.63414
vn 0.73938 -0.00006 -0.67328
vn 0.72538 0.18923 -0.66183
vn 0.68361 0.37221 -0.62780
vn 0.61514 0.54256 -0.57204
vn 0.52186 0.69397 -0.49606
vn 0.40663 0.82031 -0.40217
vn 0.27339 0.91602 -0.29354
vn 0.12714 0.97646 -0.17423
vn -0.02620 0.99845 -0.04905
vn -0.18016 0.98064 0.07673
vn -0.32815 0.92370 0.19772
vn -0.46397 0.83027 0.30883
vn -0.58220 0.70465 0.40559
vn -0.67843 0.55237 0.48438
vn -0.74937 0.37969 0.54247
vn -0.79280 0.19331 0.57802
vn -0.80744 0.00004 0.58995
vn -0.79287 -0.19323 0.57794
vn -0.74951 -0.37964 0.54231
vn -0.67862 -0.55234 0.48414
vn -0.58243 -0.70465 0.40526
vn -0.46423 -0.83028 0.30842
vn -0.32842 -0.92371 0.19725
vn -0.18043 -0.98063 0.07622
vn -0.02647 -0.99842 -0.04956
vn 0.12686 -0.97641 -0.17472
vn 0.27310 -0.91597 -0.29397
vn 0.40634 -0.82028 -0.40253
vn 0.52159 -0.69396 -0.49634
vn 0.61492 -0.54261 -0.57224
vn 0.68345 -0.37230 -0.62793
vn 0.72529 -0.18934 -0.66189
vn 0.75555 0.00024 -0.65510
vn 0.74090 0.19057 -0.64402
vn 0.69769 0.37432 -0.61083
vn 0.62716 0.54499 -0.55647
vn 0.53143 0.69624 -0.48253
vn 0.41359 0.82205 -0.39138
vn 0.27776 0.91704 -0.28616
vn 0.12904 0.97682 -0.17081
vn -0.02664 0.99840 -0.04990
vn -0.18287 0.98053 0.07158
vn -0.33313 0.92384 0.18854
vn -0.47122 0.83082 0.29614
vn -0.59163 0.70556 0.39008
vn -0.68983 0.55341 0.46677
vn -0.76233 0.38056 0.52348
vn -0.80670 0.19373 0.55830
vn -0.82155 -0.00013 0.57014
vn -0.80643 -0.19396 0.55862
vn -0.76181 -0.38073 0.52412
vn -0.68911 -0.55348 0.46774
vn -0.59078 -0.70556 0.39137
vn -0.47028 -0.83078 0.29773
vn -0.33214 -0.92382 0.19035
vn -0.18185 -0.98057 0.07352
vn -0.02559 -0.99852 -0.04794
vn 0.13012 -0.97700 -0.16895
vn 0.27886 -0.91722 -0.28450
vn 0.41467 -0.82217 -0.38998
vn 0.53243 -0.69623 -0.48143
vn 0.62801 -0.54482 -0.55567
vn 0.69831 -0.37400 -0.61032
vn 0.74122 -0.19014 -0.64377
vn 0.81787 0.00028 -0.57540
vn 0.80148 0.19389 -0.56571
vn 0.75351 0.38020 -0.53635
vn 0.67573 0.55218 -0.48836
vn 0.57098 0.70330 -0.42349
vn 0.44317 0.82775 -0.34414
vn 0.29708 0.92066 -0.25324
vn 0.13828 0.97831 -0.15425
vn -0.02715 0.99833 -0.05098
vn -0.19279 0.97983 0.05257
vn -0.35218 0.92345 0.15235
vn -0.49912 0.83135 0.24443
vn -0.62787 0.70711 0.32523
vn -0.73346 0.55558 0.39161
vn -0.81182 0.38267 0.44103
vn -0.85996 0.19506 0.47161
vn -0.87607 -0.00003 0.48219
vn -0.85952 -0.19511 0.47239
vn -0.81097 -0.38270 0.44257
vn -0.73225 -0.55559 0.39386
vn -0.62637 -0.70711 0.32811
vn -0.49738 -0.83138 0.24784
vn -0.35027 -0.92354 0.15614
vn -0.19073 -0.98001 0.05658
vn -0.02500 -0.99859 -0.04693
vn 0.14049 -0.97860 -0.15036
vn 0.29928 -0.92092 -0.24967
vn 0.44527 -0.82791 -0.34102
vn 0.57288 -0.70330 -0.42092
vn 0.67730 -0.55198 -0.48640
vn 0.75464 -0.37982 -0.53503
vn 0.80207 -0.19338 -0.56505
vn 0.88964 -0.00003 -0.45665
vn 0.87187 0.19506 -0.44922
vn 0.81960 0.38267 -0.42641
vn 0.73481 0.55558 -0.38908
vn 0.62073 0.70711 -0.33866
vn 0.48174 0.83135 -0.27710
vn 0.32324 0.92345 -0.20678
vn 0.15139 0.97983 -0.13043
vn -0.02708 0.99833 -0.05101
vn -0.20521 0.97831 0.02838
vn -0.37607 0.92066 0.10468
vn -0.53312 0.82775 0.17496
vn -0.67038 0.70330 0.23655
vn -0.78273 0.55218 0.28712
vn -0.86601 0.38020 0.32477
vn -0.91718 0.19389 0.34812
vn -0.93438 0.00028 0.35629
vn -0.91696 -0.19338 0.34897
vn -0.86555 -0.37982 0.32644
vn -0.78198 -0.55198 0.28951
vn -0.66931 -0.70330 0.23956
vn -0.53171 -0.82791 0.17845
vn -0.37434 -0.92092 0.10851
vn -0.20321 -0.97860 0.03239
vn -0.02493 -0.99859 -0.04697
vn 0.15357 -0.98001 -0.12648
vn 0.32531 -0.92354 -0.20307
vn 0.48360 -0.83138 -0.27376
vn 0.62228 -0.70711 -0.33581
vn 0.73599 -0.55559 -0.38682
vn 0.82039 -0.38270 -0.42485
vn 0.87227 -0.19511 -0.44842
vn 0.90791 0.00005 -0.41917
vn 0.88946 0.19488 -0.41338
vn 0.83493 0.38240 -0.39582
vn 0.74618 0.55542 -0.36704
vn 0.62641 0.70710 -0.32804
vn 0.48013 0.83123 -0.28024
vn 0.31313 0.92256 -0.22547
vn 0.13227 0.97722 -0.16594
vn -0.05485 0.99305 -0.10411
vn -0.24041 0.96974 -0.04256
vn -0.41686 0.90883 0.01620
vn -0.57736 0.81349 0.06985
vn -0.71612 0.68820 0.11639
vn -0.82852 0.53829 0.15423
vn -0.91114 0.36965 0.18215
vn -0.96166 0.18840 0.19931
vn -0.97871 0.00081 0.20523
vn -0.96187 -0.18686 0.19974
vn -0.91152 -0.36831 0.18299
vn -0.82897 -0.53726 0.15545
vn -0.71653 -0.68752 0.11792
vn -0.57762 -0.81316 0.07161
vn -0.41688 -0.90878 0.01812
vn -0.24015 -0.96989 -0.04056
vn -0.05432 -0.99329 -0.10210
vn 0.13301 -0.97745 -0.16400
vn 0.31396 -0.92272 -0.22365
vn 0.48097 -0.83129 -0.27860
vn 0.62716 -0.70709 -0.32665
vn 0.74678 -0.55535 -0.36594
vn 0.83533 -0.38231 -0.39505
vn 0.88966 -0.19478 -0.41299
vn 0.88938 0.00001 -0.45717
vn 0.87068 0.19509 -0.45150
vn 0.81518 0.38268 -0.43477
vn 0.72485 0.55544 -0.40753
vn 0.60301 0.70636 -0.37071
vn 0.45445 0.82910 -0.32568
vn 0.28529 0.91837 -0.27422
vn 0.10280 0.97041 -0.21847
vn -0.08510 0.98331 -0.16082
vn -0.27032 0.95717 -0.10375
vn -0.44526 0.89403 -0.04961
vn -0.60326 0.79755 -0.00052
vn -0.73889 0.67253 0.04176
vn -0.84804 0.52447 0.07588
vn -0.92781 0.35915 0.10086
vn -0.97635 0.18239 0.11607
vn -0.99264 -0.00004 0.12114
vn -0.97635 -0.18246 0.11597
vn -0.92782 -0.35918 0.10067
vn -0.84807 -0.52446 0.07560
vn -0.73897 -0.67246 0.04141
vn -0.60340 -0.79744 -0.00093
vn -0.44547 -0.89390 -0.05006
vn -0.27059 -0.95704 -0.10422
vn -0.08542 -0.98320 -0.16131
vn 0.10245 -0.97034 -0.21895
vn 0.28497 -0.91834 -0.27467
vn 0.45416 -0.82909 -0.32610
vn 0.60278 -0.70637 -0.37107
vn 0.72468 -0.55545 -0.40782
vn 0.81508 -0.38268 -0.43497
vn 0.87063 -0.19508 -0.45161
vn 0.86755 -0.00003 -0.49736
vn 0.84918 0.19493 -0.49080
vn 0.79457 0.38226 -0.47173
vn 0.70578 0.55456 -0.44084
vn 0.58626 0.70489 -0.39928
vn 0.44078 0.82712 -0.34868
vn 0.27535 0.91623 -0.29105
vn 0.09688 0.96865 -0.22877
vn -0.08712 0.98253 -0.16443
vn -0.26901 0.95786 -0.10067
vn -0.44152 0.89635 -0.04007
vn -0.59812 0.80126 0.01506
vn -0.73328 0.67703 0.06272
vn -0.84262 0.52890 0.10132
vn -0.92288 0.36262 0.12964
vn -0.97186 0.18419 0.14687
vn -0.98830 -0.00030 0.15254
vn -0.97181 -0.18475 0.14650
vn -0.92281 -0.36305 0.12891
vn -0.84260 -0.52913 0.10026
vn -0.73338 -0.67704 0.06140
vn -0.59840 -0.80108 0.01353
vn -0.44203 -0.89603 -0.04173
vn -0.26975 -0.95747 -0.10241
vn -0.08804 -0.98216 -0.16617
vn 0.09584 -0.96835 -0.23047
vn 0.27429 -0.91604 -0.29265
vn 0.43980 -0.82704 -0.35012
vn 0.58542 -0.70489 -0.40052
vn 0.70513 -0.55460 -0.44182
vn 0.79414 -0.38233 -0.47241
vn 0.84897 -0.19500 -0.49115
vn 0.83487 -0.00009 -0.55045
vn 0.81710 0.19409 -0.54284
vn 0.76425 0.38062 -0.52062
vn 0.67843 0.55212 -0.48467
vn 0.56305 0.70180 -0.43640
vn 0.42277 0.82376 -0.37774
vn 0.26325 0.91321 -0.31104
vn 0.09094 0.96676 -0.23897
vn -0.08724 0.98252 -0.16442
vn -0.26420 0.96023 -0.09034
vn -0.43306 0.90115 -0.01961
vn -0.58744 0.80801 0.04508
vn -0.72168 0.68477 0.10134
vn -0.83105 0.53637 0.14717
vn -0.91183 0.36852 0.18099
vn -0.96135 0.18746 0.20165
vn -0.97803 -0.00026 0.20848
vn -0.96134 -0.18794 0.20126
vn -0.91183 -0.36888 0.18024
vn -0.83112 -0.53656 0.14610
vn -0.72186 -0.68477 0.10001
vn -0.58778 -0.80785 0.04355
vn -0.43360 -0.90086 -0.02127
vn -0.26493 -0.95986 -0.09205
vn -0.08814 -0.98216 -0.16612
vn 0.08992 -0.96645 -0.24061
vn 0.26220 -0.91299 -0.31256
vn 0.42177 -0.82365 -0.37910
vn 0.56217 -0.70180 -0.43755
vn 0.67772 -0.55220 -0.48557
vn 0.76376 -0.38076 -0.52124
vn 0.81685 -0.19426 -0.54316
vn 0.80653 -0.00009 -0.59119
vn 0.78933 0.19296 -0.58286
vn 0.73821 0.37846 -0.55840
vn 0.65521 0.54915 -0.51877
vn 0.54362 0.69839 -0.46554
vn 0.40786 0.82037 -0.40081
vn 0.25329 0.91040 -0.32712
vn 0.08599 0.96509 -0.24739
vn -0.08749 0.98245 -0.16471
vn -0.26041 0.96198 -0.08231
vn -0.42613 0.90465 -0.00334
vn -0.57834 0.81285 0.06918
vn -0.71133 0.69025 0.13253
vn -0.82016 0.54162 0.18435
vn -0.90083 0.37268 0.22273
vn -0.95043 0.18980 0.24628
vn -0.96717 -0.00014 0.25414
vn -0.95045 -0.19006 0.24603
vn -0.90087 -0.37287 0.22225
vn -0.82024 -0.54173 0.18366
vn -0.71149 -0.69025 0.13168
vn -0.57860 -0.81276 0.06821
vn -0.42649 -0.90448 -0.00439
vn -0.26088 -0.96176 -0.08338
vn -0.08806 -0.98222 -0.16578
vn 0.08536 -0.96489 -0.24840
vn 0.25263 -0.91025 -0.32805
vn 0.40722 -0.82029 -0.40162
vn 0.54304 -0.69839 -0.46622
vn 0.65474 -0.54922 -0.51930
vn 0.73787 -0.37859 -0.55876
vn 0.78915 -0.19312 -0.58305
vn 0.78991 -0.00005 -0.61323
vn 0.77303 0.19217 -0.60456
vn 0.72299 0.37695 -0.57896
vn 0.64174 0.54712 -0.53743
vn 0.53243 0.69612 -0.48159
vn 0.39933 0.81820 -0.41362
vn 0.24761 0.90868 -0.33615
vn 0.08315 0.96410 -0.25219
vn -0.08769 0.98239 -0.16498
vn -0.25832 0.96292 -0.07788
vn -0.42219 0.90649 0.00575
vn -0.57303 0.81534 0.08273
vn -0.70511 0.69303 0.15012
vn -0.81339 0.54426 0.20536
vn -0.89379 0.37475 0.24636
vn -0.94328 0.19098 0.27157
vn -0.95999 -0.00006 0.28004
vn -0.94329 -0.19108 0.27145
vn -0.89382 -0.37483 0.24614
vn -0.81344 -0.54430 0.20504
vn -0.70519 -0.69303 0.14973
vn -0.57316 -0.81530 0.08228
vn -0.42236 -0.90641 0.00527
vn -0.25853 -0.96282 -0.07838
vn -0.08795 -0.98229 -0.16547
vn 0.08286 -0.96400 -0.25265
vn 0.24730 -0.90860 -0.33657
vn 0.39903 -0.81816 -0.41399
vn 0.53215 -0.69612 -0.48190
vn 0.64151 -0.54716 -0.53766
vn 0.72283 -0.37701 -0.57912
vn 0.77295 -0.19226 -0.60464
vn 0.78271 -0.00002 -0.62239
vn 0.76598 0.19181 -0.61358
vn 0.71641 0.37624 -0.58753
vn 0.63592 0.54618 -0.54524
vn 0.52761 0.69509 -0.48834
vn 0.39566 0.81723 -0.41904
vn 0.24517 0.90791 -0.33999
vn 0.08192 0.96366 -0.25426
vn -0.08779 0.98236 -0.16513
vn -0.25744 0.96330 -0.07604
vn -0.42051 0.90724 0.00959
vn -0.57074 0.81635 0.08848
vn -0.70238 0.69414 0.15760
vn -0.81038 0.54531 0.21430
vn -0.89061 0.37557 0.25642
vn -0.94002 0.19144 0.28235
vn -0.95670 -0.00002 0.29109
vn -0.94002 -0.19148 0.28231
vn -0.89062 -0.37560 0.25635
vn -0.81040 -0.54532 0.21419
vn -0.70241 -0.69414 0.15746
vn -0.57078 -0.81634 0.08832
vn -0.42057 -0.90721 0.00942
vn -0.25751 -0.96326 -0.07621
vn -0.08788 -0.98232 -0.16530
vn 0.08182 -0.96363 -0.25442
vn 0.24506 -0.90788 -0.34014
vn 0.39556 -0.81721 -0.41917
vn 0.52751 -0.69509 -0.48845
vn 0.63584 -0.54620 -0.54532
vn 0.71635 -0.37627 -0.58759
vn 0.76595 -0.19184 -0.61361
vn 0.78030 -0.00001 -0.62540
vn 0.76362 0.19168 -0.61655
vn 0.71421 0.37600 -0.59036
vn 0.63398 0.54586 -0.54782
vn 0.52600 0.69474 -0.49058
vn 0.39444 0.81690 -0.42083
vn 0.24435 0.90765 -0.34127
vn 0.08151 0.96351 -0.25495
vn -0.08783 0.98234 -0.16519
vn -0.25715 0.96342 -0.07543
vn -0.41995 0.90748 0.01086
vn -0.56997 0.81668 0.09038
vn -0.70146 0.69450 0.16008
vn -0.80936 0.54565 0.21727
vn -0.88953 0.37584 0.25976
vn -0.93890 0.19159 0.28593
vn -0.95557 -0.00001 0.29476
vn -0.93890 -0.19160 0.28592
vn -0.88954 -0.37584 0.25974
vn -0.80937 -0.54565 0.21724
vn -0.70147 -0.69450 0.16004
vn -0.56998 -0.81667 0.09034
vn -0.41997 -0.90748 0.01081
vn -0.25717 -0.96341 -0.07548
vn -0.08785 -0.98233 -0.16523
vn 0.08148 -0.96350 -0.25499
vn 0.24432 -0.90764 -0.34131
vn 0.39441 -0.81689 -0.42087
vn 0.52597 -0.69474 -0.49061
vn 0.63396 -0.54587 -0.54784
vn 0.71420 -0.37601 -0.59037
vn 0.76361 -0.19169 -0.61656
vn 0.77967 -0.00000 -0.62619
vn 0.76300 0.19165 -0.61733
vn 0.71363 0.37594 -0.59110
vn 0.63346 0.54578 -0.54850
vn 0.52558 0.69464 -0.49116
vn 0.39411 0.81681 -0.42131
vn 0.24413 0.90758 -0.34161
vn 0.08140 0.96347 -0.25513
vn -0.08784 0.98234 -0.16521
vn -0.25707 0.96346 -0.07528
vn -0.41980 0.90755 0.01119
vn -0.56977 0.81676 0.09088
vn -0.70122 0.69459 0.16073
vn -0.80909 0.54574 0.21805
vn -0.88925 0.37591 0.26064
vn -0.93861 0.19163 0.28687
vn -0.95527 -0.00000 0.29573
vn -0.93861 -0.19164 0.28687
vn -0.88925 -0.37591 0.26064
vn -0.80909 -0.54574 0.21804
vn -0.70122 -0.69459 0.16072
vn -0.56977 -0.81676 0.09087
vn -0.41981 -0.90754 0.01118
vn -0.25708 -0.96345 -0.07529
vn -0.08785 -0.98234 -0.16522
vn 0.08139 -0.96347 -0.25514
vn 0.24413 -0.90758 -0.34162
vn 0.39411 -0.81681 -0.42132
vn 0.52557 -0.69464 -0.49117
vn 0.63346 -0.54578 -0.54850
vn 0.71363 -0.37594 -0.59110
vn 0.76300 -0.19165 -0.61733
vn 0.77954 -0.00000 -0.62636
vn 0.76287 0.19165 -0.61750
vn 0.71351 0.37593 -0.59125
vn 0.63336 0.54576 -0.54864
vn 0.52549 0.69462 -0.49129
vn 0.39405 0.81679 -0.42141
vn 0.24409 0.90757 -0.34168
vn 0.08137 0.96346 -0.25517
vn -0.08784 0.98234 -0.16521
vn -0.25706 0.96346 -0.07524
vn -0.41977 0.90756 0.01126
vn -0.56973 0.81678 0.09099
vn -0.70117 0.69461 0.16087
vn -0.80903 0.54575 0.21821
vn -0.88919 0.37592 0.26083
vn -0.93854 0.19164 0.28707
vn -0.95521 -0.00000 0.29593
vn -0.93854 -0.19164 0.28707
vn -0.88919 -0.37592 0.26083
vn -0.80903 -0.54575 0.21821
vn -0.70117 -0.69461 0.16086
vn -0.56973 -0.81678 0.09099
vn -0.41977 -0.90756 0.01126
vn -0.25706 -0.96346 -0.07525
vn -0.08784 -0.98234 -0.16521
vn 0.08137 -0.96346 -0.25518
vn 0.24409 -0.90757 -0.34168
vn 0.39404 -0.81679 -0.42141
vn 0.52548 -0.69462 -0.49129
vn 0.63335 -0.54576 -0.54864
vn 0.71351 -0.37593 -0.59125
vn 0.76287 -0.19165 -0.61750
vn 0.77951 -0.00000 -0.62639
vn 0.76285 0.19164 -0.61752
vn 0.71349 0.37593 -0.59128
vn 0.63334 0.54576 -0.54866
vn 0.52547 0.69462 -0.49131
vn 0.39403 0.81679 -0.42143
vn 0.24408 0.90756 -0.34169
vn 0.08137 0.96346 -0.25518
vn -0.08784 0.98234 -0.16521
vn -0.25706 0.96346 -0.07524
vn -0.41977 0.90756 0.01127
vn -0.56972 0.81678 0.09100
vn -0.70116 0.69462 0.16089
vn -0.80902 0.54576 0.21824
vn -0.88918 0.37592 0.26086
vn -0.93853 0.19164 0.28710
vn -0.95520 -0.00000 0.29596
vn -0.93853 -0.19164 0.28710
vn -0.88918 -0.37592 0.26086
vn -0.80902 -0.54576 0.21824
vn -0.70116 -0.69462 0.16089
vn -0.56972 -0.81678 0.09100
vn -0.41977 -0.90756 0.01127
vn -0.25706 -0.96346 -0.07524
vn -0.08784 -0.98234 -0.16521
vn 0.08137 -0.96346 -0.25518
vn 0.24408 -0.90756 -0.34169
vn 0.39403 -0.81679 -0.42143
vn 0.52547 -0.69462 -0.49131
vn 0.63334 -0.54576 -0.54866
vn 0.71349 -0.37593 -0.59128
vn 0.76285 -0.19164 -0.61752
vn 0.84714 0.00027 -0.53136
vn 0.83018 0.19486 -0.52234
vn 0.78001 0.38196 -0.49567
vn 0.69859 0.55438 -0.45237
vn 0.58903 0.70549 -0.39412
vn 0.45554 0.82950 -0.32314
vn 0.30326 0.92162 -0.24217
vn 0.13803 0.97833 -0.15432
vn -0.03379 0.99744 -0.06296
vn -0.20560 0.97822 0.02839
vn -0.37079 0.92141 0.11623
vn -0.52303 0.82919 0.19717
vn -0.65646 0.70511 0.26812
vn -0.76595 0.55392 0.32633
vn -0.84729 0.38145 0.36958
vn -0.89736 0.19432 0.39621
vn -0.91424 -0.00027 0.40518
vn -0.89727 -0.19486 0.39616
vn -0.84711 -0.38196 0.36949
vn -0.76568 -0.55438 0.32619
vn -0.65612 -0.70549 0.26794
vn -0.52263 -0.82950 0.19696
vn -0.37035 -0.92162 0.11599
vn -0.20512 -0.97833 0.02814
vn -0.03331 -0.99744 -0.06322
vn 0.13850 -0.97823 -0.15457
vn 0.30370 -0.92141 -0.24241
vn 0.45594 -0.82919 -0.32336
vn 0.58937 -0.70511 -0.39430
vn 0.69886 -0.55392 -0.45252
vn 0.78020 -0.38145 -0.49577
vn 0.83027 -0.19432 -0.52239
vn 0.90878 -0.00002 -0.41727
vn 0.89185 0.19474 -0.40826
vn 0.84170 0.38201 -0.38159
vn 0.76025 0.55461 -0.33829
vn 0.65063 0.70589 -0.28000
vn 0.51706 0.83005 -0.20898
vn 0.36467 0.92230 -0.12796
vn 0.19932 0.97912 -0.04004
vn 0.02736 0.99830 0.05140
vn -0.14461 0.97913 0.14283
vn -0.30996 0.92232 0.23075
vn -0.46235 0.83007 0.31178
vn -0.59593 0.70592 0.38280
vn -0.70555 0.55465 0.44109
vn -0.78701 0.38206 0.48440
vn -0.83717 0.19478 0.51108
vn -0.85411 0.00002 0.52008
vn -0.83718 -0.19474 0.51108
vn -0.78703 -0.38201 0.48441
vn -0.70558 -0.55461 0.44110
vn -0.59596 -0.70589 0.38282
vn -0.46239 -0.83005 0.31180
vn -0.31000 -0.92230 0.23077
vn -0.14465 -0.97912 0.14285
vn 0.02731 -0.99830 0.05142
vn 0.19928 -0.97913 -0.04001
vn 0.36463 -0.92232 -0.12793
vn 0.51702 -0.83007 -0.20896
vn 0.65060 -0.70592 -0.27999
vn 0.76022 -0.55465 -0.33827
vn 0.84168 -0.38206 -0.38159
vn 0.89184 -0.19478 -0.40826
vn 0.91415 0.00000 -0.40537
vn 0.89723 0.19459 -0.39637
vn 0.84711 0.38171 -0.36973
vn 0.76573 0.55416 -0.32645
vn 0.65620 0.70531 -0.26822
vn 0.52274 0.82936 -0.19725
vn 0.37048 0.92153 -0.11630
vn 0.20527 0.97829 -0.02845
vn 0.03345 0.99746 0.06291
vn -0.13837 0.97829 0.15426
vn -0.30358 0.92153 0.24211
vn -0.45584 0.82936 0.32307
vn -0.58930 0.70531 0.39403
vn -0.69883 0.55416 0.45227
vn -0.78022 0.38171 0.49554
vn -0.83033 0.19459 0.52219
vn -0.84726 0.00000 0.53119
vn -0.83033 -0.19459 0.52219
vn -0.78022 -0.38171 0.49554
vn -0.69883 -0.55416 0.45227
vn -0.58930 -0.70531 0.39403
vn -0.45584 -0.82936 0.32307
vn -0.30358 -0.92153 0.24211
vn -0.13837 -0.97829 0.15426
vn 0.03345 -0.99746 0.06291
vn 0.20527 -0.97829 -0.02845
vn 0.37048 -0.92153 -0.11630
vn 0.52274 -0.82936 -0.19725
vn 0.65620 -0.70531 -0.26822
vn 0.76573 -0.55416 -0.32645
vn 0.84711 -0.38171 -0.36973
vn 0.89723 -0.19459 -0.39637
vn 0.91415 0.00000 -0.40537
vn 0.89723 0.19459 -0.39637
vn 0.84711 0.38171 -0.36973
vn 0.76573 0.55416 -0.32645
vn 0.65620 0.70531 -0.26822
vn 0.52274 0.82936 -0.19725
vn 0.37048 0.92153 -0.11630
vn 0.20527 0.97829 -0.02845
vn 0.03345 0.99746 0.06291
vn -0.13837 0.97829 0.15426
vn -0.30358 0.92153 0.24211
vn -0.45584 0.82936 0.32307
vn -0.58930 0.70531 0.39403
vn -0.69883 0.55416 0.45227
vn -0.78022 0.38171 0.49554
vn -0.83033 0.19459 0.52219
vn -0.84726 0.00000 0.53119
vn -0.83033 -0.19459 0.52219
vn -0.78022 -0.38171 0.49554
vn -0.69883 -0.55416 0.45227
vn -0.58930 -0.70531 0.39403
vn -0.45584 -0.82936 0.32307
vn -0.30358 -0.92153 0.24211
vn -0.13837 -0.97829 0.15426
vn 0.03345 -0.99746 0.06291
vn 0.20527 -0.97829 -0.02845
vn 0.37048 -0.92153 -0.11630
vn 0.52274 -0.82936 -0.19725
vn 0.65620 -0.70531 -0.26822
vn 0.76573 -0.55416 -0.32645
vn 0.84711 -0.38171 -0.36973
vn 0.89723 -0.19459 -0.39637
vn 0.91415 0.00000 -0.40537
vn 0.89723 0.19459 -0.39637
vn 0.84711 0.38171 -0.36973
vn 0.76573 0.55416 -0.32645
vn 0.65620 0.70531 -0.26822
vn 0.52274 0.82936 -0.19725
vn 0.37048 0.92153 -0.11630
vn 0.20527 0.97829 -0.02845
vn 0.03345 0.99746 0.06291
vn -0.13837 0.97829 0.15426
vn -0.30358 0.92153 0.24211
vn -0.45584 0.82936 0.32307
vn -0.58930 0.70531 0.39403
vn -0.69883 0.55416 0.45227
vn -0.78022 0.38171 0.49554
vn -0.83033 0.19459 0.52219
vn -0.84726 0.00000 0.53119
vn -0.83033 -0.19459 0.52219
vn -0.78022 -0.38171 0.49554
vn -0.69883 -0.55416 0.45227
vn -0.58930 -0.70531 0.39403
vn -0.45584 -0.82936 0.32307
vn -0.30358 -0.92153 0.24211
vn -0.13837 -0.97829 0.15426
vn 0.03345 -0.99746 0.06291
vn 0.20527 -0.97829 -0.02845
vn 0.37048 -0.92153 -0.11630
vn 0.52274 -0.82936 -0.19725
vn 0.65620 -0.70531 -0.26822
vn 0.76573 -0.55416 -0.32645
vn 0.84711 -0.38171 -0.36973
vn 0.89723 -0.19459 -0.39637
vn 0.91415 0.00000 -0.40537
vn 0.89723 0.19459 -0.39637
vn 0.84711 0.38171 -0.36973
vn 0.76573 0.55416 -0.32645
vn 0.65620 0.70531 -0.26822
vn 0.52274 0.82936 -0.19725
vn 0.37048 0.92153 -0.11630
vn 0.20527 0.97829 -0.02845
vn 0.03345 0.99746 0.06291
vn -0.13837 0.97829 0.15426
vn -0.30358 0.92153 0.24211
vn -0.45584 0.82936 0.32307
vn -0.58930 0.70531 0.39403
vn -0.69883 0.55416 0.45227
vn -0.78022 0.38171 0.49554
vn -0.83033 0.19459 0.52219
vn -0.84726 0.00000 0.53119
vn -0.83033 -0.19459 0.52219
vn -0.78022 -0.38171 0.49554
vn -0.69883 -0.55416 0.45227
vn -0.58930 -0.70531 0.39403
vn -0.45584 -0.82936 0.32307
vn -0.30358 -0.92153 0.24211
vn -0.13837 -0.97829 0.15426
vn 0.03345 -0.99746 0.06291
vn 0.20527 -0.97829 -0.02845
vn 0.37048 -0.92153 -0.11630
vn 0.52274 -0.82936 -0.19725
vn 0.65620 -0.70531 -0.26822
vn 0.76573 -0.55416 -0.32645
vn 0.84711 -0.38171 -0.36973
vn 0.89723 -0.19459 -0.39637
vn 0.91415 -0.00000 -0.40537
vn 0.89723 0.19459 -0.39637
vn 0.84711 0.38171 -0.36973
vn 0.76573 0.55416 -0.32645
vn 0.65620 0.70531 -0.26822
vn 0.52274 0.82936 -0.19725
vn 0.37048 0.92153 -0.11630
vn 0.20527 0.97829 -0.02845
vn 0.03345 0.99746 0.06291
vn -0.13837 0.97829 0.15426
vn -0.30358 0.92153 0.24211
vn -0.45584 0.82936 0.32307
vn -0.58930 0.70531 0.39403
vn -0.69883 0.55416 0.45227
vn -0.78022 0.38171 0.49554
vn -0.83033 0.19459 0.52219
vn -0.84726 0.00000 0.53119
vn -0.83033 -0.19459 0.52219
vn -0.78022 -0.38171 0.49554
vn -0.69883 -0.55416 0.45227
vn -0.58930 -0.70531 0.39403
vn -0.45584 -0.82936 0.32307
vn -0.30358 -0.92153 0.24211
vn -0.13837 -0.97829 0.15426
vn 0.03345 -0.99746 0.06291
vn 0.20527 -0.97829 -0.02845
vn 0.37048 -0.92153 -0.11630
vn 0.52274 -0.82936 -0.19725
vn 0.65620 -0.70531 -0.26822
vn 0.76573 -0.55416 -0.32645
vn 0.84711 -0.38171 -0.36973
vn 0.89723 -0.19459 -0.39637
vn 0.91415 -0.00000 -0.40537
vn 0.89723 0.19459 -0.39637
vn 0.84711 0.38171 -0.36973
vn 0.76573 0.55416 -0.32645
vn 0.65620 0.70531 -0.26822
vn 0.52274 0.82936 -0.19725
vn 0.37048 0.92153 -0.11630
vn 0.20527 0.97829 -0.02845
vn 0.03345 0.99746 0.06291
vn -0.13837 0.97829 0.15426
vn -0.30358 0.92153 0.24211
vn -0.45584 0.82936 0.32307
vn -0.58930 0.70531 0.39403
vn -0.69883 0.55416 0.45227
vn -0.78022 0.38171 0.49554
vn -0.83033 0.19459 0.52219
vn -0.84726 -0.00000 0.53119
vn -0.83033 -0.19459 0.52219
vn -0.78022 -0.38171 0.49554
vn -0.69883 -0.55416 0.45227
vn -0.58930 -0.70531 0.39403
vn -0.45584 -0.82936 0.32307
vn -0.30358 -0.92153 0.24211
vn -0.13837 -0.97829 0.15426
vn 0.03345 -0.99746 0.06291
vn 0.20527 -0.97829 -0.02845
vn 0.37048 -0.92153 -0.11630
vn 0.52274 -0.82936 -0.19725
vn 0.65620 -0.70531 -0.26822
vn 0.76573 -0.55416 -0.32645
vn 0.84711 -0.38171 -0.36973
vn 0.89723 -0.19459 -0.39637
vn 0.91415 0.00000 -0.40537
vn 0.89723 0.19459 -0.39637
vn 0.84711 0.38171 -0.36973
vn 0.76573 0.55416 -0.32645
vn 0.65620 0.70531 -0.26822
vn 0.52274 0.82936 -0.19725
vn 0.37048 0.92153 -0.11630
vn 0.20527 0.97829 -0.02845
vn 0.03345 0.99746 0.06291
vn -0.13837 0.97829 0.15426
vn -0.30358 0.92153 0.24211
vn -0.45584 0.82936 0.32307
vn -0.58930 0.70531 0.39403
vn -0.69883 0.55416 0.45227
vn -0.78022 0.38171 0.49554
vn -0.83033 0.19459 0.52219
vn -0.84726 0.00000 0.53119
vn -0.83033 -0.19459 0.52219
vn -0.78022 -0.38171 0.49554
vn -0.69883 -0.55416 0.45227
vn -0.58930 -0.70531 0.39403
vn -0.45584 -0.82936 0.32307
vn -0.30358 -0.92153 0.24211
vn -0.13837 -0.97829 0.15426
vn 0.03345 -0.99746 0.06291
vn 0.20527 -0.97829 -0.02845
vn 0.37048 -0.92153 -0.11630
vn 0.52274 -0.82936 -0.19725
vn 0.65620 -0.70531 -0.26822
vn 0.76573 -0.55416 -0.32645
vn 0.84711 -0.38171 -0.36973
vn 0.89723 -0.19459 -0.39637
vn 0.91415 -0.00000 -0.40537
vn 0.89723 0.19459 -0.39637
vn 0.84711 0.38171 -0.36973
vn 0.76573 0.55416 -0.32645
vn 0.65620 0.70531 -0.26822
vn 0.52274 0.82936 -0.19725
vn 0.37048 0.92153 -0.11630
vn 0.20527 0.97829 -0.02845
vn 0.03345 0.99746 0.06291
vn -0.13837 0.97829 0.15426
vn -0.30358 0.92153 0.24211
vn -0.45584 0.82936 0.32307
vn -0.58930 0.70531 0.39403
vn -0.69883 0.55416 0.45227
vn -0.78022 0.38171 0.49554
vn -0.83033 0.19459 0.52219
vn -0.84726 0.00000 0.53119
vn -0.83033 -0.19459 0.52219
vn -0.78022 -0.38171 0.49554
vn -0.69883 -0.55416 0.45227
vn -0.58930 -0.70531 0.39403
vn -0.45584 -0.82936 0.32307
vn -0.30358 -0.92153 0.24211
vn -0.13837 -0.97829 0.15426
vn 0.03345 -0.99746 0.06291
vn 0.20527 -0.97829 -0.02845
vn 0.37048 -0.92153 -0.11630
vn 0.52274 -0.82936 -0.19725
vn 0.65620 -0.70531 -0.26822
vn 0.76573 -0.55416 -0.32645
vn 0.84711 -0.38171 -0.36973
vn 0.89723 -0.19459 -0.39637
vn 0.91415 -0.00000 -0.40537
vn 0.89723 0.19459 -0.39637
vn 0.84711 0.38171 -0.36973
vn 0.76573 0.55416 -0.32645
vn 0.65620 0.70531 -0.26822
vn 0.52274 0.82936 -0.19725
vn 0.37048 0.92153 -0.11630
vn 0.20527 0.97829 -0.02845
vn 0.03345 0.99746 0.06291
vn -0.13837 0.97829 0.15426
vn -0.30358 0.92153 0.24211
vn -0.45584 0.82936 0.32307
vn -0.58930 0.70531 0.39403
vn -0.69883 0.55416 0.45227
vn -0.78022 0.38171 0.49554
vn -0.83033 0.19459 0.52219
vn -0.84726 -0.00000 0.53119
vn -0.83033 -0.19459 0.52219
vn -0.78022 -0.38171 0.49554
vn -0.69883 -0.55416 0.45227
vn -0.58930 -0.70531 0.39403
vn -0.45584 -0.82936 0.32307
vn -0.30358 -0.92153 0.24211
vn -0.13837 -0.97829 0.15426
vn 0.03345 -0.99746 0.06291
vn 0.20527 -0.97829 -0.02845
vn 0.37048 -0.92153 -0.11630
vn 0.52274 -0.82936 -0.19725
vn 0.65620 -0.70531 -0.26822
vn 0.76573 -0.55416 -0.32645
vn 0.84711 -0.38171 -0.36973
vn 0.89723 -0.19459 -0.39637
vn 0.91331 0.00000 -0.40727
vn 0.89638 0.19463 -0.39827
vn 0.84626 0.38177 -0.37161
vn 0.76486 0.55424 -0.32833
vn 0.65532 0.70542 -0.27009
vn 0.52184 0.82948 -0.19912
vn 0.36955 0.92167 -0.11815
vn 0.20432 0.97844 -0.03029
vn 0.03247 0.99760 0.06108
vn -0.13937 0.97843 0.15245
vn -0.30461 0.92166 0.24031
vn -0.45689 0.82948 0.32128
vn -0.59037 0.70541 0.39225
vn -0.69991 0.55424 0.45050
vn -0.78131 0.38176 0.49378
vn -0.83143 0.19462 0.52043
vn -0.84835 -0.00000 0.52943
vn -0.83143 -0.19463 0.52043
vn -0.78130 -0.38177 0.49378
vn -0.69991 -0.55424 0.45050
vn -0.59036 -0.70542 0.39225
vn -0.45688 -0.82948 0.32128
vn -0.30460 -0.92167 0.24031
vn -0.13936 -0.97844 0.15245
vn 0.03248 -0.99760 0.06108
vn 0.20432 -0.97843 -0.03029
vn 0.36956 -0.92166 -0.11815
vn 0.52185 -0.82948 -0.19912
vn 0.65532 -0.70541 -0.27009
vn 0.76487 -0.55424 -0.32834
vn 0.84626 -0.38176 -0.37162
vn 0.89639 -0.19462 -0.39827
vn 0.91234 0.00000 -0.40943
vn 0.89541 0.19466 -0.40043
vn 0.84528 0.38183 -0.37377
vn 0.76387 0.55433 -0.33049
vn 0.65431 0.70553 -0.27223
vn 0.52081 0.82961 -0.20125
vn 0.36850 0.92182 -0.12026
vn 0.20324 0.97859 -0.03239
vn 0.03137 0.99777 0.05899
vn -0.14050 0.97859 0.15038
vn -0.30577 0.92181 0.23825
vn -0.45808 0.82961 0.31924
vn -0.59158 0.70553 0.39022
vn -0.70114 0.55433 0.44847
vn -0.78255 0.38183 0.49176
vn -0.83268 0.19465 0.51842
vn -0.84961 -0.00000 0.52742
vn -0.83268 -0.19466 0.51842
vn -0.78255 -0.38183 0.49176
vn -0.70114 -0.55433 0.44847
vn -0.59158 -0.70553 0.39022
vn -0.45808 -0.82961 0.31924
vn -0.30577 -0.92182 0.23825
vn -0.14050 -0.97859 0.15038
vn 0.03137 -0.99777 0.05899
vn 0.20324 -0.97859 -0.03239
vn 0.36850 -0.92181 -0.12026
vn 0.52081 -0.82961 -0.20125
vn 0.65431 -0.70553 -0.27223
vn 0.76387 -0.55433 -0.33049
vn 0.84528 -0.38183 -0.37377
vn 0.89541 -0.19465 -0.40043
vn 0.91222 -0.00000 -0.40970
vn 0.89529 0.19466 -0.40070
vn 0.84516 0.38184 -0.37404
vn 0.76375 0.55434 -0.33075
vn 0.65418 0.70554 -0.27250
vn 0.52068 0.82963 -0.20151
vn 0.36837 0.92183 -0.12053
vn 0.20310 0.97861 -0.03265
vn 0.03123 0.99779 0.05873
vn -0.14064 0.97861 0.15012
vn -0.30591 0.92183 0.23799
vn -0.45822 0.82963 0.31898
vn -0.59173 0.70554 0.38996
vn -0.70129 0.55434 0.44822
vn -0.78270 0.38184 0.49151
vn -0.83284 0.19466 0.51816
vn -0.84976 0.00000 0.52716
vn -0.83284 -0.19466 0.51816
vn -0.78270 -0.38184 0.49151
vn -0.70129 -0.55434 0.44822
vn -0.59173 -0.70554 0.38996
vn -0.45822 -0.82963 0.31898
vn -0.30591 -0.92183 0.23799
vn -0.14064 -0.97861 0.15012
vn 0.03123 -0.99779 0.05873
vn 0.20310 -0.97861 -0.03265
vn 0.36837 -0.92183 -0.12053
vn 0.52068 -0.82963 -0.20151
vn 0.65418 -0.70554 -0.27250
vn 0.76375 -0.55434 -0.33075
vn 0.84516 -0.38184 -0.37404
vn 0.89529 -0.19466 -0.40070
vn 0.91222 0.00000 -0.40970
vn 0.89529 0.19466 -0.40070
vn 0.84516 0.38184 -0.37404
vn 0.76375 0.55434 -0.33075
vn 0.65418 0.70554 -0.27250
vn 0.52068 0.82963 -0.20151
vn 0.36837 0.92183 -0.12053
vn 0.20310 0.97861 -0.03265
vn 0.03123 0.99779 0.05873
vn -0.14064 0.97861 0.15012
vn -0.30591 0.92183 0.23799
vn -0.45822 0.82963 0.31898
vn -0.59173 0.70554 0.38996
vn -0.70129 0.55434 0.44822
vn -0.78270 0.38184 0.49151
vn -0.83284 0.19466 0.51816
vn -0.84976 -0.00000 0.52716
vn -0.83284 -0.19466 0.51816
vn -0.78270 -0.38184 0.49151
vn -0.70129 -0.55434 0.44822
vn -0.59173 -0.70554 0.38996
vn -0.45822 -0.82963 0.31898
vn -0.30591 -0.92183 0.23799
vn -0.14064 -0.97861 0.15012
vn 0.03123 -0.99779 0.05873
vn 0.20310 -0.97861 -0.03265
vn 0.36837 -0.92183 -0.12053
vn 0.52068 -0.82963 -0.20151
vn 0.65418 -0.70554 -0.27250
vn 0.76375 -0.55434 -0.33075
vn 0.84516 -0.38184 -0.37404
vn 0.89529 -0.19466 -0.40070
vn 0.91222 0.00000 -0.40970
vn 0.89529 0.19466 -0.40070
vn 0.84516 0.38184 -0.37404
vn 0.76375 0.55434 -0.33075
vn 0.65418 0.70554 -0.27250
vn 0.52068 0.82963 -0.20151
vn 0.36837 0.92183 -0.12053
vn 0.20310 0.97861 -0.03265
vn 0.03123 0.99779 0.05873
vn -0.14064 0.97861 0.15012
vn -0.30591 0.92183 0.23799
vn -0.45822 0.82963 0.31898
vn -0.59173 0.70554 0.38996
vn -0.70129 0.55434 0.44822
vn -0.78270 0.38184 0.49151
vn -0.83284 0.19466 0.51816
vn -0.84976 -0.00000 0.52716
vn -0.83284 -0.19466 0.51816
vn -0.78270 -0.38184 0.49151
vn -0.70129 -0.55434 0.44822
vn -0.59173 -0.70554 0.38996
vn -0.45822 -0.82963 0.31898
vn -0.30591 -0.92183 0.23799
vn -0.14064 -0.97861 0.15012
vn 0.03123 -0.99779 0.05873
vn 0.20310 -0.97861 -0.03265
vn 0.36837 -0.92183 -0.12053
vn 0.52068 -0.82963 -0.20151
vn 0.65418 -0.70554 -0.27250
vn 0.76375 -0.55434 -0.33075
vn 0.84516 -0.38184 -0.37404
vn 0.89529 -0.19466 -0.40070
vn 0.91222 -0.00000 -0.40970
vn 0.89529 0.19466 -0.40070
vn 0.84516 0.38184 -0.37404
vn 0.76375 0.55434 -0.33075
vn 0.65418 0.70554 -0.27250
vn 0.52068 0.82963 -0.20151
vn 0.36837 0.92183 -0.12053
vn 0.20310 0.97861 -0.03265
vn 0.03123 0.99779 0.05873
vn -0.14064 0.97861 0.15012
vn -0.30591 0.92183 0.23799
vn -0.45822 0.82963 0.31898
vn -0.59173 0.70554 0.38996
vn -0.70129 0.55434 0.44822
vn -0.78270 0.38184 0.49151
vn -0.83284 0.19466 0.51816
vn -0.84976 0.00000 0.52716
vn -0.83284 -0.19466 0.51816
vn -0.78270 -0.38184 0.49151
vn -0.70129 -0.55434 0.44822
vn -0.59173 -0.70554 0.38996
vn -0.45822 -0.82963 0.31898
vn -0.30591 -0.92183 0.23799
vn -0.14064 -0.97861 0.15012
vn 0.03123 -0.99779 0.05873
vn 0.20310 -0.97861 -0.03265
vn 0.36837 -0.92183 -0.12053
vn 0.52068 -0.82963 -0.20151
vn 0.65418 -0.70554 -0.27250
vn 0.76375 -0.55434 -0.33075
vn 0.84516 -0.38184 -0.37404
vn 0.89529 -0.19466 -0.40070
vn 0.91222 -0.00000 -0.40970
vn 0.89529 0.19466 -0.40070
vn 0.84516 0.38184 -0.37404
vn 0.76375 0.55434 -0.33075
vn 0.65418 0.70554 -0.27250
vn 0.52068 0.82963 -0.20151
vn 0.36837 0.92183 -0.12053
vn 0.20310 0.97861 -0.03265
vn 0.03123 0.99779 0.05873
vn -0.14064 0.97861 0.15012
vn -0.30591 0.92183 0.23799
vn -0.45822 0.82963 0.31898
vn -0.59173 0.70554 0.38996
vn -0.70129 0.55434 0.44822
vn -0.78270 0.38184 0.49151
vn -0.83284 0.19466 0.51816
vn -0.84976 -0.00000 0.52716
vn -0.83284 -0.19466 0.51816
vn -0.78270 -0.38184 0.49151
vn -0.70129 -0.55434 0.44822
vn -0.59173 -0.70554 0.38996
vn -0.45822 -0.82963 0.31898
vn -0.30591 -0.92183 0.23799
vn -0.14064 -0.97861 0.15012
vn 0.03123 -0.99779 0.05873
vn 0.20310 -0.97861 -0.03265
vn 0.36837 -0.92183 -0.12053
vn 0.52068 -0.82963 -0.20151
vn 0.65418 -0.70554 -0.27250
vn 0.76375 -0.55434 -0.33075
vn 0.84516 -0.38184 -0.37404
vn 0.89529 -0.19466 -0.40070
vn 0.91222 0.00000 -0.40970
vn 0.89529 0.19466 -0.40070
vn 0.84516 0.38184 -0.37404
vn 0.76375 0.55434 -0.33075
vn 0.65418 0.70554 -0.27250
vn 0.52068 0.82963 -0.20151
vn 0.36837 0.92183 -0.12053
vn 0.20310 0.97861 -0.03265
vn 0.03123 0.99779 0.05873
vn -0.14064 0.97861 0.15012
vn -0.30591 0.92183 0.23799
vn -0.45822 0.82963 0.31898
vn -0.59173 0.70554 0.38996
vn -0.70129 0.55434 0.44822
vn -0.78270 0.38184 0.49151
vn -0.83284 0.19466 0.51816
vn -0.84976 -0.00000 0.52716
vn -0.83284 -0.19466 0.51816
vn -0.78270 -0.38184 0.49151
vn -0.70129 -0.55434 0.44822
vn -0.59173 -0.70554 0.38996
vn -0.45822 -0.82963 0.31898
vn -0.30591 -0.92183 0.23799
vn -0.14064 -0.97861 0.15012
vn 0.03123 -0.99779 0.05873
vn 0.20310 -0.97861 -0.03265
vn 0.36837 -0.92183 -0.12053
vn 0.52068 -0.82963 -0.20151
vn 0.65418 -0.70554 -0.27250
vn 0.76375 -0.55434 -0.33075
vn 0.84516 -0.38184 -0.37404
vn 0.89529 -0.19466 -0.40070
vn 0.91173 -0.03274 -0.40948
vn 0.90045 0.16244 -0.40348
vn 0.85577 0.35138 -0.37972
vn 0.77940 0.52682 -0.33912
vn 0.67427 0.68201 -0.28322
vn 0.54444 0.81099 -0.21419
vn 0.39488 0.90881 -0.13466
vn 0.23135 0.97170 -0.04771
vn 0.06012 0.99725 0.04333
vn -0.11222 0.98448 0.13496
vn -0.27904 0.93387 0.22367
vn -0.43394 0.84737 0.30603
vn -0.57097 0.72831 0.37889
vn -0.68485 0.58127 0.43944
vn -0.77122 0.41188 0.48536
vn -0.82675 0.22666 0.51489
vn -0.84931 0.03274 0.52688
vn -0.83803 -0.16244 0.52088
vn -0.79334 -0.35138 0.49713
vn -0.71697 -0.52682 0.45652
vn -0.61185 -0.68201 0.40062
vn -0.48201 -0.81099 0.33159
vn -0.33246 -0.90881 0.25207
vn -0.16892 -0.97170 0.16511
vn 0.00230 -0.99725 0.07407
vn 0.17464 -0.98448 -0.01756
vn 0.34146 -0.93387 -0.10626
vn 0.49637 -0.84737 -0.18863
vn 0.63339 -0.72831 -0.26148
vn 0.74728 -0.58127 -0.32204
vn 0.83364 -0.41188 -0.36796
vn 0.88917 -0.22666 -0.39748
f 1//1 2//2 34//34
f 1//1 34//34 33//33
f 2//2 3//3 35//35
f 2//2 35//35 34//34
f 3//3 4//4 36//36
f 3//3 36//36 35//35
f 4//4 5//5 37//37
f 4//4 37//37 36//36
f 5//5 6//6 38//38
f 5//5 38//38 37//37
f 6//6 7//7 39//39
f 6//6 39//39 38//38
f 7//7 8//8 40//40
f 7//7 40//40 39//39
f 8//8 9//9 41//41
f 8//8 41//41 40//40
f 9//9 10//10 42//42
f 9//9 42//42 41//41
f 10//10 11//11 43//43
f 10//10 43//43 42//42
f 11//11 12//12 44//44
f 11//11 44//44 43//43
f 12//12 13//13 45//45
f 12//12 45//45 44//44
f 13//13 14//14 46//46
f 13//13 46//46 45//45
f 14//14 15//15 47//47
f 14//14 47//47 46//46
f 15//15 16//16 48//48
f 15//15 48//48 47//47
f 16//16 17//17 49//49
f 16//16 49//49 48//48
f 17//17 18//18 50//50
f 17//17 50//50 49//49
f 18//18 19//19 51//51
f 18//18 51//51 50//50
f 19//19 20//20 52//52
f 19//19 52//52 51//51
f 20//20 21//21 53//53
f 20//20 53//53 52//52
f 21//21 22//22 54//54
f 21//21 54//54 53//53
f 22//22 23//23 55//55
f 22//22 55//55 54//54
f 23//23 24//24 56//56
f 23//23 56//56 55//55
f 24//24 25//25 57//57
f 24//24 57//57 56//56
f 25//25 26//26 58//58
f 25//25 58//58 57//57
f 26//26 27//27 59//59
f 26//26 59//59 58//58
f 27//27 28//28 60//60
f 27//27 60//60 59//59
f 28//28 29//29 61//61
f 28//28 61//61 60//60
f 29//29 30//30 62//62
f 29//29 62//62 61//61
f 30//30 31//31 63//63
f 30//30 63//63 62//62
f 31//31 32//32 64//64
f 31//31 64//64 63//63
f 32//32 1//1 33//33
f 32//32 33//33 64//64
f 33//33 34//34 66//66
f 33//33 66//66 65//65
f 34//34 35//35 67//67
f 34//34 67//67 66//66
f 35//35 36//36 68//68
f 35//35 68//68 67//67
f 36//36 37//37 69//69
f 36//36 69//69 68//68
f 37//37 38//38 70//70
f 37//37 70//70 69//69
f 38//38 39//39 71//71
f 38//38 71//71 70//70
f 39//39 40//40 72//72
f 39//39 72//72 71//71
f 40//40 41//41 73//73
f 40//40 73//73 72//72
f 41//41 42//42 74//74
f 41//41 74//74 73//73
f 42//42 43//43 75//75
f 42//42 75//75 74//74
f 43//43 44//44 76//76
f 43//43 76//76 75//75
f 44//44 45//45 77//77
f 44//44 77//77 76//76
f 45//45 46//46 78//78
f 45//45 78//78 77//77
f 46//46 47//47 79//79
f 46//46 79//79 78//78
f 47//47 48//48 80//80
f 47//47 80//80 79//79
f 48//48 49//49 81//81
f 48//48 81//81 80//80
f 49//49 50//50 82//82
f 49//49 82//82 81//81
f 50//50 51//51 83//83
f 50//50 83//83 82//82
f 51//51 52//52 84//84
f 51//51 84//84 83//83
f 52//52 53//53 85//85
f 52//52 85//85 84//84
f 53//53 54//54 86//86
f 53//53 86//86 85//85
f 54//54 55//55 87//87
f 54//54 87//87 86//86
f 55//55 56//56 88//88
f 55//55 88//88 87//87
f 56//56 57//57 89//89
f 56//56 89//89 88//88
f 57//57 58//58 90//90
f 57//57 90//90 89//89
f 58//58 59//59 91//91
f 58//58 91//91 90//90
f 59//59 60//60 92//92
f 59//59 92//92 91//91
f 60//60 61//61 93//93
f 60//60 93//93 92//92
f 61//61 62//62 94//94
f 61//61 94//94 93//93
f 62//62 63//63 95//95
f 62//62 95//95 94//94
f 63//63 64//64 96//96
f 63//63 96//96 95//95
f 64//64 33//33 65//65
f 64//64 65//65 96//96
f 65//65 66//66 98//98
f 65//65 98//98 97//97
f 66//66 67//67 99//99
f 66//66 99//99 98//98
f 67//67 68//68 100//100
f 67//67 100//100 99//99
f 68//68 69//69 101//101
f 68//68 101//101 100//100
f 69//69 70//70 102//102
f 69//69 102//102 101//101
f 70//70 71//71 103//103
f 70//70 103//103 102//102
f 71//71 72//72 104//104
f 71//71 104//104 103//103
f 72//72 73//73 105//105
f 72//72 105//105 104//104
f 73//73 74//74 106//106
f 73//73 106//106 105//105
f 74//74 75//75 107//107
f 74//74 107//107 106//106
f 75//75 76//76 108//108
f 75//75 108//108 107//107
f 76//76 77//77 109//109
f 76//76 109//109 108//108
f 77//77 78//78 110//110
f 77//77 110//110 109//109
f 78//78 79//79 111//111
f 78//78 111//111 110//110
f 79//79 80//80 112//112
f 79//79 112//112 111//111
f 80//80 81//81 113//113
f 80//80 113//113 112//112
f 81//81 82//82 114//114
f 81//81 114//114 113//113
f 82//82 83//83 115//115
f 82//82 115//115 114//114
f 83//83 84//84 116//116
f 83//83 116//116 115//115
f 84//84 85//85 117//117
f 84//84 117//117 116//116
f 85//85 86//86 118//118
f 85//85 118//118 117//117
f 86//86 87//87 119//119
f 86//86 119//119 118//118
f 87//87 88//88 120//120
f 87//87 120//120 119//119
f 88//88 89//89 121//121
f 88//88 121//121 120//120
f 89//89 90//90 122//122
f 89//89 122//122 121//121
f 90//90 91//91 123//123
f 90//90 123//123 122//122
f 91//91 92//92 124//124
f 91//91 124//124 123//123
f 92//92 93//93 125//125
f 92//92 125//125 124//124
f 93//93 94//94 126//126
f 93//93 126//126 125//125
f 94//94 95//95 127//127
f 94//94 127//127 126//126
f 95//95 96//96 128//128
f 95//95 128//128 127//127
f 96//96 65//65 97//97
f 96//96 97//97 128//128
f 97//97 98//98 130//130
f 97//97 130//130 129//129
f 98//98 99//99 131//131
f 98//98 131//131 130//130
f 99//99 100//100 132//132
f 99//99 132//132 131//131
f 100//100 101//101 133//133
f 100//100 133//133 132//132
f 101//101 102//102 134//134
f 101//101 134//134 133//133
f 102//102 103//103 135//135
f 102//102 135//135 134//134
f 103//103 104//104 136//136
f 103//103 136//136 135//135
f 104//104 105//105 137//137
f 104//104 137//137 136//136
f 105//105 106//106 138//138
f 105//105 138//138 137//137
f 106//106 107//107 139//139
f 106//106 139//139 138//138
f 107//107 108//108 140//140
f 107//107 140//140 139//139
f 108//108 109//109 141//141
f 108//108 141//141 140//140
f 109//109 110//110 142//142
f 109//109 142//142 141//141
f 110//110 111//111 143//143
f 110//110 143//143 142//142
f 111//111 112//112 144//144
f 111//111 144//144 143//143
f 112//112 113//113 145//145
f 112//112 145//145 144//144
f 113//113 114//114 146//146
f 113//113 146//146 145//145
f 114//114 115//115 147//147
f 114//114 147//147 146//146
f 115//115 116//116 148//148
f 115//115 148//148 147//147
f 116//116 117//117 149//149
f 116//116 149//149 148//148
f 117//117 118//118 150//150
f 117//117 150//150 149//149
f 118//118 119//119 151//151
f 118//118 151//151 150//150
f 119//119 120//120 152//152
f 119//119 152//152 151//151
f 120//120 121//121 153//153
f 120//120 153//153 152//152
f 121//121 122//122 154//154
f 121//121 154//154 153//153
f 122//122 123//123 155//155
f 122//122 155//155 154//154
f 123//123 124//124 156//156
f 123//123 156//156 155//155
f 124//124 125//125 157//157
f 124//124 157//157 156//156
f 125//125 126//126 158//158
f 125//125 158//158 157//157
f 126//126 127//127 159//159
f 126//126 159//159 158//158
f 127//127 128//128 160//160
f 127//127 160//160 159//159
f 128//128 97//97 129//129
f 128//128 129//129 160//160
f 129//129 130//130 162//162
f 129//129 162//162 161//161
f 130//130 131//131 163//163
f 130//130 163//163 162//162
f 131//131 132//132 164//164
f 131//131 164//164 163//163
f 132//132 133//133 165//165
f 132//132 165//165 164//164
f 133//133 134//134 166//166
f 133//133 166//166 165//165
f 134//134 135//135 167//167
f 134//134 167//167 166//166
f 135//135 136//136 168//168
f 135//135 168//168 167//167
f 136//136 137//137 169//169
f 136//136 169//169 168//168
f 137//137 138//138 170//170
f 137//137 170//170 169//169
f 138//138 139//139 171//171
f 138//138 171//171 170//170
f 139//139 140//140 172//172
f 139//139 172//172 171//171
f 140//140 141//141 173//173
f 140//140 173//173 172//172
f 141//141 142//142 174//174
f 141//141 174//174 173//173
f 142//142 143//143 175//175
f 142//142 175//175 174//174
f 143//143 144//144 176//176
f 143//143 176//176 175//175
f 144//144 145//145 177//177
f 144//144 177//177 176//176
f 145//145 146//146 178//178
f 145//145 178//178 177//177
f 146//146 147//147 179//179
f 146//146 179//179 178//178
f 147//147 148//148 180//180
f 147//147 180//180 179//179
f 148//148 149//149 181//181
f 148//148 181//181 180//180
f 149//149 150//150 182//182
f 149//149 182//182 181//181
f 150//150 151//151 183//183
f 150//150 183//183 182//182
f 151//151 152//152 184//184
f 151//151 184//184 183//183
f 152//152 153//153 185//185
f 152//152 185//185 184//184
f 153//153 154//154 186//186
f 153//153 186//186 185//185
f 154//154 155//155 187//187
f 154//154 187//187 186//186
f 155//155 156//156 188//188
f 155//155 188//188 187//187
f 156//156 157//157 189//189
f 156//156 189//189 188//188
f 157//157 158//158 190//190
f 157//157 190//190 189//189
f 158//158 159//159 191//191
f 158//158 191//191 190//190
f 159//159 160//160 192//192
f 159//159 192//192 191//191
f 160//160 129//129 161//161
f 160//160 161//161 192//192
f 161//161 162//162 194//194
f 161//161 194//194 193//193
f 162//162 163//163 195//195
f 162//162 195//195 194//194
f 163//163 164//164 196//196
f 163//163 196//196 195//195
f 164//164 165//165 197//197
f 164//164 197//197 196//196
f 165//165 166//166 198//198
f 165//165 198//198 197//197
f 166//166 167//167 199//199
f 166//166 199//199 198//198
f 167//167 168//168 200//200
f 167//167 200//200 199//199
f 168//168 169//169 201//201
f 168//168 201//201 200//200
f 169//169 170//170 202//202
f 169//169 202//202 201//201
f 170//170 171//171 203//203
f 170//170 203//203 202//202
f 171//171 172//172 204//204
f 171//171 204//204 203//203
f 172//172 173//173 205//205
f 172//172 205//205 204//204
f 173//173 174//174 206//206
f 173//173 206//206 205//205
f 174//174 175//175 207//207
f 174//174 207//207 206//206
f 175//175 176//176 208//208
f 175//175 208//208 207//207
f 176//176 177//177 209//209
f 176//176 209//209 208//208
f 177//177 178//178 210//210
f 177//177 210//210 209//209
f 178//178 179//179 211//211
f 178//178 211//211 210//210
f 179//179 180//180 212//212
f 179//179 212//212 211//211
f 180//180 181//181 213//213
f 180//180 213//213 212//212
f 181//181 182//182 214//214
f 181//181 214//214 213//213
f 182//182 183//183 215//215
f 182//182 215//215 214//214
f 183//183 184//184 216//216
f 183//183 216//216 215//215
f 184//184 185//185 217//217
f 184//184 217//217 216//216
f 185//185 186//186 218//218
f 185//185 218//218 217//217
f 186//186 187//187 219//219
f 186//186 219//219 218//218
f 187//187 188//188 220//220
f 187//187 220//220 219//219
f 188//188 189//189 221//221
f 188//188 221//221 220//220
f 189//189 190//190 222//222
f 189//189 222//222 221//221
f 190//190 191//191 223//223
f 190//190 223//223 222//222
f 191//191 192//192 224//224
f 191//191 224//224 223//223
f 192//192 161//161 193//193
f 192//192 193//193 224//224
f 193//193 194//194 226//226
f 193//193 226//226 225//225
f 194//194 195//195 227//227
f 194//194 227//227 226//226
f 195//195 196//196 228//228
f 195//195 228//228 227//227
f 196//196 197//197 229//229
f 196//196 229//229 228//228
f 197//197 198//198 230//230
f 197//197 230//230 229//229
f 198//198 199//199 231//231
f 198//198 231//231 230//230
f 199//199 200//200 232//232
f 199//199 232//232 231//231
f 200//200 201//201 233//233
f 200//200 233//233 232//232
f 201//201 202//202 234//234
f 201//201 234//234 233//233
f 202//202 203//203 235//235
f 202//202 235//235 234//234
f 203//203 204//204 236//236
f 203//203 236//236 235//235
f 204//204 205//205 237//237
f 204//204 237//237 236//236
f 205//205 206//206 238//238
f 205//205 238//238 237//237
f 206//206 207//207 239//239
f 206//206 239//239 238//238
f 207//207 208//208 240//240
f 207//207 240//240 239//239
f 208//208 209//209 241//241
f 208//208 241//241 240//240
f 209//209 210//210 242//242
f 209//209 242//242 241//241
f 210//210 211//211 243//243
f 210//210 243//243 242//242
f 211//211 212//212 244//244
f 211//211 244//244 243//243
f 212//212 213//213 245//245
f 212//212 245//245 244//244
f 213//213 214//214 246//246
f 213//213 246//246 245//245
f 214//214 215//215 247//247
f 214//214 247//247 246//246
f 215//215 216//216 248//248
f 215//215 248//248 247//247
f 216//216 217//217 249//249
f 216//216 249//249 248//248
f 217//217 218//218 250//250
f 217//217 250//250 249//249
f 218//218 219//219 251//251
f 218//218 251//251 250//250
f 219//219 220//220 252//252
f 219//219 252//252 251//251
f 220//220 221//221 253//253
f 220//220 253//253 252//252
f 221//221 222//222 254//254
f 221//221 254//254 253//253
f 222//222 223//223 255//255
f 222//222 255//255 254//254
f 223//223 224//224 256//256
f 223//223 256//256 255//255
f 224//224 193//193 225//225
f 224//224 225//225 256//256
f 225//225 226//226 258//258
f 225//225 258//258 257//257
f 226//226 227//227 259//259
f 226//226 259//259 258//258
f 227//227 228//228 260//260
f 227//227 260//260 259//259
f 228//228 229//229 261//261
f 228//228 261//261 260//260
f 229//229 230//230 262//262
f 229//229 262//262 261//261
f 230//230 231//231 263//263
f 230//230 263//263 262//262
f 231//231 232//232 264//264
f 231//231 264//264 263//263
f 232//232 233//233 265//265
f 232//232 265//265 264//264
f 233//233 234//234 266//266
f 233//233 266//266 265//265
f 234//234 235//235 267//267
f 234//234 267//267 266//266
f 235//235 236//236 268//268
f 235//235 268//268 267//267
f 236//236 237//237 269//269
f 236//236 269//269 268//268
f 237//237 238//238 270//270
f 237//237 270//270 269//269
f 238//238 239//239 271//271
f 238//238 271//271 270//270
f 239//239 240//240 272//272
f 239//239 272//272 271//271
f 240//240 241//241 273//273
f 240//240 273//273 272//272
f 241//241 242//242 274//274
f 241//241 274//274 273//273
f 242//242 243//243 275//275
f 242//242 275//275 274//274
f 243//243 244//244 276//276
f 243//243 276//276 275//275
f 244//244 245//245 277//277
f 244//244 277//277 276//276
f 245//245 246//246 278//278
f 245//245 278//278 277//277
f 246//246 247//247 279//279
f 246//246 279//279 278//278
f 247//247 248//248 280//280
f 247//247 280//280 279//279
f 248//248 249//249 281//281
f 248//248 281//281 280//280
f 249//249 250//250 282//282
f 249//249 282//282 281//281
f 250//250 251//251 283//283
f 250//250 283//283 282//282
f 251//251 252//252 284//284
f 251//251 284//284 283//283
f 252//252 253//253 285//285
f 252//252 285//285 284//284
f 253//253 254//254 286//286
f 253//253 286//286 285//285
f 254//254 255//255 287//287
f 254//254 287//287 286//286
f 255//255 256//256 288//288
f 255//255 288//288 287//287
f 256//256 225//225 257//257
f 256//256 257//257 288//288
f 257//257 258//258 290//290
f 257//257 290//290 289//289
f 258//258 259//259 291//291
f 258//258 291//291 290//290
f 259//259 260//260 292//292
f 259//259 292//292 291//291
f 260//260 261//261 293//293
f 260//260 293//293 292//292
f 261//261 262//262 294//294
f 261//261 294//294 293//293
f 262//262 263//263 295//295
f 262//262 295//295 294//294
f 263//263 264//264 296//296
f 263//263 296//296 295//295
f 264//264 265//265 297//297
f 264//264 297//297 296//296
f 265//265 266//266 298//298
f 265//265 298//298 297//297
f 266//266 267//267 299//299
f 266//266 299//299 298//298
f 267//267 268//268 300//300
f 267//267 300//300 299//299
f 268//268 269//269 301//301
f 268//268 301//301 300//300
f 269//269 270//270 302//302
f 269//269 302//302 301//301
f 270//270 271//271 303//303
f 270//270 303//303 302//302
f 271//271 272//272 304//304
f 271//271 304//304 303//303
f 272//272 273//273 305//305
f 272//272 305//305 304//304
f 273//273 274//274 306//306
f 273//273 306//306 305//305
f 274//274 275//275 307//307
f 274//274 307//307 306//306
f 275//275 276//276 308//308
f 275//275 308//308 307//307
f 276//276 277//277 309//309
f 276//276 309//309 308//308
f 277//277 278//278 310//310
f 277//277 310//310 309//309
f 278//278 279//279 311//311
f 278//278 311//311 310//310
f 279//279 280//280 312//312
f 279//279 312//312 311//311
f 280//280 281//281 313//313
f 280//280 313//313 312//312
f 281//281 282//282 314//314
f 281//281 314//314 313//313
f 282//282 283//283 315//315
f 282//282 315//315 314//314
f 283//283 284//284 316//316
f 283//283 316//316 315//315
f 284//284 285//285 317//317
f 284//284 317//317 316//316
f 285//285 286//286 318//318
f 285//285 318//318 317//317
f 286//286 287//287 319//319
f 286//286 319//319 318//318
f 287//287 288//288 320//320
f 287//287 320//320 319//319
f 288//288 257//257 289//289
f 288//288 289//289 320//320
f 289//289 290//290 322//322
f 289//289 322//322 321//321
f 290//290 291//291 323//323
f 290//290 323//323 322//322
f 291//291 292//292 324//324
f 291//291 324//324 323//323
f 292//292 293//293 325//325
f 292//292 325//325 324//324
f 293//293 294//294 326//326
f 293//293 326//326 325//325
f 294//294 295//295 327//327
f 294//294 327//327 326//326
f 295//295 296//296 328//328
f 295//295 328//328 327//327
f 296//296 297//297 329//329
f 296//296 329//329 328//328
f 297//297 298//298 330//330
f 297//297 330//330 329//329
f 298//298 299//299 331//331
f 298//298 331//331 330//330
f 299//299 300//300 332//332
f 299//299 332//332 331//331
f 300//300 301//301 333//333
f 300//300 333//333 332//332
f 301//301 302//302 334//334
f 301//301 334//334 333//333
f 302//302 303//303 335//335
f 302//302 335//335 334//334
f 303//303 304//304 336//336
f 303//303 336//336 335//335
f 304//304 305//305 337//337
f 304//304 337//337 336//336
f 305//305 306//306 338//338
f 305//305 338//338 337//337
f 306//306 307//307 339//339
f 306//306 339//339 338//338
f 307//307 308//308 340//340
f 307//307 340//340 339//339
f 308//308 309//309 341//341
f 308//308 341//341 340//340
f 309//309 310//310 342//342
f 309//309 342//342 341//341
f 310//310 311//311 343//343
f 310//310 343//343 342//342
f 311//311 312//312 344//344
f 311//311 344//344 343//343
f 312//312 313//313 345//345
f 312//312 345//345 344//344
f 313//313 314//314 346//346
f 313//313 346//346 345//345
f 314//314 315//315 347//347
f 314//314 347//347 346//346
f 315//315 316//316 348//348
f 315//315 348//348 347//347
f 316//316 317//317 349//349
f 316//316 349//349 348//348
f 317//317 318//318 350//350
f 317//317 350//350 349//349
f 318//318 319//319 351//351
f 318//318 351//351 350//350
f 319//319 320//320 352//352
f 319//319 352//352 351//351
f 320//320 289//289 321//321
f 320//320 321//321 352//352
f 321//321 322//322 354//354
f 321//321 354//354 353//353
f 322//322 323//323 355//355
f 322//322 355//355 354//354
f 323//323 324//324 356//356
f 323//323 356//356 355//355
f 324//324 325//325 357//357
f 324//324 357//357 356//356
f 325//325 326//326 358//358
f 325//325 358//358 357//357
f 326//326 327//327 359//359
f 326//326 359//359 358//358
f 327//327 328//328 360//360
f 327//327 360//360 359//359
f 328//328 329//329 361//361
f 328//328 361//361 360//360
f 329//329 330//330 362//362
f 329//329 362//362 361//361
f 330//330 331//331 363//363
f 330//330 363//363 362//362
f 331//331 332//332 364//364
f 331//331 364//364 363//363
f 332//332 333//333 365//365
f 332//332 365//365 364//364
f 333//333 334//334 366//366
f 333//333 366//366 365//365
f 334//334 335//335 367//367
f 334//334 367//367 366//366
f 335//335 336//336 368//368
f 335//335 368//368 367//367
f 336//336 337//337 369//369
f 336//336 369//369 368//368
f 337//337 338//338 370//370
f 337//337 370//370 369//369
f 338//338 339//339 371//371
f 338//338 371//371 370//370
f 339//339 340//340 372//372
f 339//339 372//372 371//371
f 340//340 341//341 373//373
f 340//340 373//373 372//372
f 341//341 342//342 374//374
f 341//341 374//374 373//373
f 342//342 343//343 375//375
f 342//342 375//375 374//374
f 343//343 344//344 376//376
f 343//343 376//376 375//375
f 344//344 345//345 377//377
f 344//344 377//377 376//376
f 345//345 346//346 378//378
f 345//345 378//378 377//377
f 346//346 347//347 379//379
f 346//346 379//379 378//378
f 347//347 348//348 380//380
f 347//347 380//380 379//379
f 348//348 349//349 381//381
f 348//348 381//381 380//380
f 349//349 350//350 382//382
f 349//349 382//382 381//381
f 350//350 351//351 383//383
f 350//350 383//383 382//382
f 351//351 352//352 384//384
f 351//351 384//384 383//383
f 352//352 321//321 353//353
f 352//352 353//353 384//384
f 353//353 354//354 386//386
f 353//353 386//386 385//385
f 354//354 355//355 387//387
f 354//354 387//387 386//386
f 355//355 356//356 388//388
f 355//355 388//388 387//387
f 356//356 357//357 389//389
f 356//356 389//389 388//388
f 357//357 358//358 390//390
f 357//357 390//390 389//389
f 358//358 359//359 391//391
f 358//358 391//391 390//390
f 359//359 360//360 392//392
f 359//359 392//392 391//391
f 360//360 361//361 393//393
f 360//360 393//393 392//392
f 361//361 362//362 394//394
f 361//361 394//394 393//393
f 362//362 363//363 395//395
f 362//362 395//395 394//394
f 363//363 364//364 396//396
f 363//363 396//396 395//395
f 364//364 365//365 397//397
f 364//364 397//397 396//396
f 365//365 366//366 398//398
f 365//365 398//398 397//397
f 366//366 367//367 399//399
f 366//366 399//399 398//398
f 367//367 368//368 400//400
f 367//367 400//400 399//399
f 368//368 369//369 401//401
f 368//368 401//401 400//400
f 369//369 370//370 402//402
f 369//369 402//402 401//401
f 370//370 371//371 403//403
f 370//370 403//403 402//402
f 371//371 372//372 404//404
f 371//371 404//404 403//403
f 372//372 373//373 405//405
f 372//372 405//405 404//404
f 373//373 374//374 406//406
f 373//373 406//406 405//405
f 374//374 375//375 407//407
f 374//374 407//407 406//406
f 375//375 376//376 408//408
f 375//375 408//408 407//407
f 376//376 377//377 409//409
f 376//376 409//409 408//408
f 377//377 378//378 410//410
f 377//377 410//410 409//409
f 378//378 379//379 411//411
f 378//378 411//411 410//410
f 379//379 380//380 412//412
f 379//379 412//412 411//411
f 380//380 381//381 413//413
f 380//380 413//413 412//412
f 381//381 382//382 414//414
f 381//381 414//414 413//413
f 382//382 383//383 415//415
f 382//382 415//415 414//414
f 383//383 384//384 416//416
f 383//383 416//416 415//415
f 384//384 353//353 385//385
f 384//384 385//385 416//416
f 385//385 386//386 418//418
f 385//385 418//418 417//417
f 386//386 387//387 419//419
f 386//386 419//419 418//418
f 387//387 388//388 420//420
f 387//387 420//420 419//419
f 388//388 389//389 421//421
f 388//388 421//421 420//420
f 389//389 390//390 422//422
f 389//389 422//422 421//421
f 390//390 391//391 423//423
f 390//390 423//423 422//422
f 391//391 392//392 424//424
f 391//391 424//424 423//423
f 392//392 393//393 425//425
f 392//392 425//425 424//424
f 393//393 394//394 426//426
f 393//393 426//426 425//425
f 394//394 395//395 427//427
f 394//394 427//427 426//426
f 395//395 396//396 428//428
f 395//395 428//428 427//427
f 396//396 397//397 429//429
f 396//396 429//429 428//428
f 397//397 398//398 430//430
f 397//397 430//430 429//429
f 398//398 399//399 431//431
f 398//398 431//431 430//430
f 399//399 400//400 432//432
f 399//399 432//432 431//431
f 400//400 401//401 433//433
f 400//400 433//433 432//432
f 401//401 402//402 434//434
f 401//401 434//434 433//433
f 402//402 403//403 435//435
f 402//402 435//435 434//434
f 403//403 404//404 436//436
f 403//403 436//436 435//435
f 404//404 405//405 437//437
f 404//404 437//437 436//436
f 405//405 406//406 438//438
f 405//405 438//438 437//437
f 406//406 407//407 439//439
f 406//406 439//439 438//438
f 407//407 408//408 440//440
f 407//407 440//440 439//439
f 408//408 409//409 441//441
f 408//408 441//441 440//440
f 409//409 410//410 442//442
f 409//409 442//442 441//441
f 410//410 411//411 443//443
f 410//410 443//443 442//442
f 411//411 412//412 444//444
f 411//411 444//444 443//443
f 412//412 413//413 445//445
f 412//412 445//445 444//444
f 413//413 414//414 446//446
f 413//413 446//446 445//445
f 414//414 415//415 447//447
f 414//414 447//447 446//446
f 415//415 416//416 448//448
f 415//415 448//448 447//447
f 416//416 385//385 417//417
f 416//416 417//417 448//448
f 417//417 418//418 450//450
f 417//417 450//450 449//449
f 418//418 419//419 451//451
f 418//418 451//451 450//450
f 419//419 420//420 452//452
f 419//419 452//452 451//451
f 420//420 421//421 453//453
f 420//420 453//453 452//452
f 421//421 422//422 454//454
f 421//421 454//454 453//453
f 422//422 423//423 455//455
f 422//422 455//455 454//454
f 423//423 424//424 456//456
f 423//423 456//456 455//455
f 424//424 425//425 457//457
f 424//424 457//457 456//456
f 425//425 426//426 458//458
f 425//425 458//458 457//457
f 426//426 427//427 459//459
f 426//426 459//459 458//458
f 427//427 428//428 460//460
f 427//427 460//460 459//459
f 428//428 429//429 461//461
f 428//428 461//461 460//460
f 429//429 430//430 462//462
f 429//429 462//462 461//461
f 430//430 431//431 463//463
f 430//430 463//463 462//462
f 431//431 432//432 464//464
f 431//431 464//464 463//463
f 432//432 433//433 465//465
f 432//432 465//465 464//464
f 433//433 434//434 466//466
f 433//433 466//466 465//465
f 434//434 435//435 467//467
f 434//434 467//467 466//466
f 435//435 436//436 468//468
f 435//435 468//468 467//467
f 436//436 437//437 469//469
f 436//436 469//469 468//468
f 437//437 438//438 470//470
f 437//437 470//470 469//469
f 438//438 439//439 471//471
f 438//438 471//471 470//470
f 439//439 440//440 472//472
f 439//439 472//472 471//471
f 440//440 441//441 473//473
f 440//440 473//473 472//472
f 441//441 442//442 474//474
f 441//441 474//474 473//473
f 442//442 443//443 475//475
f 442//442 475//475 474//474
f 443//443 444//444 476//476
f 443//443 476//476 475//475
f 444//444 445//445 477//477
f 444//444 477//477 476//476
f 445//445 446//446 478//478
f 445//445 478//478 477//477
f 446//446 447//447 479//479
f 446//446 479//479 478//478
f 447//447 448//448 480//480
f 447//447 480//480 479//479
f 448//448 417//417 449//449
f 448//448 449//449 480//480
f 449//449 450//450 482//482
f 449//449 482//482 481//481
f 450//450 451//451 483//483
f 450//450 483//483 482//482
f 451//451 452//452 484//484
f 451//451 484//484 483//483
f 452//452 453//453 485//485
f 452//452 485//485 484//484
f 453//453 454//454 486//486
f 453//453 486//486 485//485
f 454//454 455//455 487//487
f 454//454 487//487 486//486
f 455//455 456//456 488//488
f 455//455 488//488 487//487
f 456//456 457//457 489//489
f 456//456 489//489 488//488
f 457//457 458//458 490//490
f 457//457 490//490 489//489
f 458//458 459//459 491//491
f 458//458 491//491 490//490
f 459//459 460//460 492//492
f 459//459 492//492 491//491
f 460//460 461//461 493//493
f 460//460 493//493 492//492
f 461//461 462//462 494//494
f 461//461 494//494 493//493
f 462//462 463//463 495//495
f 462//462 495//495 494//494
f 463//463 464//464 496//496
f 463//463 496//496 495//495
f 464//464 465//465 497//497
f 464//464 497//497 496//496
f 465//465 466//466 498//498
f 465//465 498//498 497//497
f 466//466 467//467 499//499
f 466//466 499//499 498//498
f 467//467 468//468 500//500
f 467//467 500//500 499//499
f 468//468 469//469 501//501
f 468//468 501//501 500//500
f 469//469 470//470 502//502
f 469//469 502//502 501//501
f 470//470 471//471 503//503
f 470//470 503//503 502//502
f 471//471 472//472 504//504
f 471//471 504//504 503//503
f 472//472 473//473 505//505
f 472//472 505//505 504//504
f 473//473 474//474 506//506
f 473//473 506//506 505//505
f 474//474 475//475 507//507
f 474//474 507//507 506//506
f 475//475 476//476 508//508
f 475//475 508//508 507//507
f 476//476 477//477 509//509
f 476//476 509//509 508//508
f 477//477 478//478 510//510
f 477//477 510//510 509//509
f 478//478 479//479 511//511
f 478//478 511//511 510//510
f 479//479 480//480 512//512
f 479//479 512//512 511//511
f 480//480 449//449 481//481
f 480//480 481//481 512//512
f 481//481 482//482 514//514
f 481//481 514//514 513//513
f 482//482 483//483 515//515
f 482//482 515//515 514//514
f 483//483 484//484 516//516
f 483//483 516//516 515//515
f 484//484 485//485 517//517
f 484//484 517//517 516//516
f 485//485 486//486 518//518
f 485//485 518//518 517//517
f 486//486 487//487 519//519
f 486//486 519//519 518//518
f 487//487 488//488 520//520
f 487//487 520//520 519//519
f 488//488 489//489 521//521
f 488//488 521//521 520//520
f 489//489 490//490 522//522
f 489//489 522//522 521//521
f 490//490 491//491 523//523
f 490//490 523//523 522//522
f 491//491 492//492 524//524
f 491//491 524//524 523//523
f 492//492 493//493 525//525
f 492//492 525//525 524//524
f 493//493 494//494 526//526
f 493//493 526//526 525//525
f 494//494 495//495 527//527
f 494//494 527//527 526//526
f 495//495 496//496 528//528
f 495//495 528//528 527//527
f 496//496 497//497 529//529
f 496//496 529//529 528//528
f 497//497 498//498 530//530
f 497//497 530//530 529//529
f 498//498 499//499 531//531
f 498//498 531//531 530//530
f 499//499 500//500 532//532
f 499//499 532//532 531//531
f 500//500 501//501 533//533
f 500//500 533//533 532//532
f 501//501 502//502 534//534
f 501//501 534//534 533//533
f 502//502 503//503 535//535
f 502//502 535//535 534//534
f 503//503 504//504 536//536
f 503//503 536//536 535//535
f 504//504 505//505 537//537
f 504//504 537//537 536//536
f 505//505 506//506 538//538
f 505//505 538//538 537//537
f 506//506 507//507 539//539
f 506//506 539//539 538//538
f 507//507 508//508 540//540
f 507//507 540//540 539//539
f 508//508 509//509 541//541
f 508//508 541//541 540//540
f 509//509 510//510 542//542
f 509//509 542//542 541//541
f 510//510 511//511 543//543
f 510//510 543//543 542//542
f 511//511 512//512 544//544
f 511//511 544//544 543//543
f 512//512 481//481 513//513
f 512//512 513//513 544//544
f 513//513 514//514 546//546
f 513//513 546//546 545//545
f 514//514 515//515 547//547
f 514//514 547//547 546//546
f 515//515 516//516 548//548
f 515//515 548//548 547//547
f 516//516 517//517 549//549
f 516//516 549//549 548//548
f 517//517 518//518 550//550
f 517//517 550//550 549//549
f 518//518 519//519 551//551
f 518//518 551//551 550//550
f 519//519 520//520 552//552
f 519//519 552//552 551//551
f 520//520 521//521 553//553
f 520//520 553//553 552//552
f 521//521 522//522 554//554
f 521//521 554//554 553//553
f 522//522 523//523 555//555
f 522//522 555//555 554//554
f 523//523 524//524 556//556
f 523//523 556//556 555//555
f 524//524 525//525 557//557
f 524//524 557//557 556//556
f 525//525 526//526 558//558
f 525//525 558//558 557//557
f 526//526 527//527 559//559
f 526//526 559//559 558//558
f 527//527 528//528 560//560
f 527//527 560//560 559//559
f 528//528 529//529 561//561
f 528//528 561//561 560//560
f 529//529 530//530 562//562
f 529//529 562//562 561//561
f 530//530 531//531 563//563
f 530//530 563//563 562//562
f 531//531 532//532 564//564
f 531//531 564//564 563//563
f 532//532 533//533 565//565
f 532//532 565//565 564//564
f 533//533 534//534 566//566
f 533//533 566//566 565//565
f 534//534 535//535 567//567
f 534//534 567//567 566//566
f 535//535 536//536 568//568
f 535//535 568//568 567//567
f 536//536 537//537 569//569
f 536//536 569//569 568//568
f 537//537 538//538 570//570
f 537//537 570//570 569//569
f 538//538 539//539 571//571
f 538//538 571//571 570//570
f 539//539 540//540 572//572
f 539//539 572//572 571//571
f 540//540 541//541 573//573
f 540//540 573//573 572//572
f 541//541 542//542 574//574
f 541//541 574//574 573//573
f 542//542 543//543 575//575
f 542//542 575//575 574//574
f 543//543 544//544 576//576
f 543//543 576//576 575//575
f 544//544 513//513 545//545
f 544//544 545//545 576//576
f 545//545 546//546 578//578
f 545//545 578//578 577//577
f 546//546 547//547 579//579
f 546//546 579//579 578//578
f 547//547 548//548 580//580
f 547//547 580//580 579//579
f 548//548 549//549 581//581
f 548//548 581//581 580//580
f 549//549 550//550 582//582
f 549//549 582//582 581//581
f 550//550 551//551 583//583
f 550//550 583//583 582//582
f 551//551 552//552 584//584
f 551//551 584//584 583//583
f 552//552 553//553 585//585
f 552//552 585//585 584//584
f 553//553 554//554 586//586
f 553//553 586//586 585//585
f 554//554 555//555 587//587
f 554//554 587//587 586//586
f 555//555 556//556 588//588
f 555//555 588//588 587//587
f 556//556 557//557 589//589
f 556//556 589//589 588//588
f 557//557 558//558 590//590
f 557//557 590//590 589//589
f 558//558 559//559 591//591
f 558//558 591//591 590//590
f 559//559 560//560 592//592
f 559//559 592//592 591//591
f 560//560 561//561 593//593
f 560//560 593//593 592//592
f 561//561 562//562 594//594
f 561//561 594//594 593//593
f 562//562 563//563 595//595
f 562//562 595//595 594//594
f 563//563 564//564 596//596
f 563//563 596//596 595//595
f 564//564 565//565 597//597
f 564//564 597//597 596//596
f 565//565 566//566 598//598
f 565//565 598//598 597//597
f 566//566 567//567 599//599
f 566//566 599//599 598//598
f 567//567 568//568 600//600
f 567//567 600//600 599//599
f 568//568 569//569 601//601
f 568//568 601//601 600//600
f 569//569 570//570 602//602
f 569//569 602//602 601//601
f 570//570 571//571 603//603
f 570//570 603//603 602//602
f 571//571 572//572 604//604
f 571//571 604//604 603//603
f 572//572 573//573 605//605
f 572//572 605//605 604//604
f 573//573 574//574 606//606
f 573//573 606//606 605//605
f 574//574 575//575 607//607
f 574//574 607//607 606//606
f 575//575 576//576 608//608
f 575//575 608//608 607//607
f 576//576 545//545 577//577
f 576//576 577//577 608//608
f 577//577 578//578 610//610
f 577//577 610//610 609//609
f 578//578 579//579 611//611
f 578//578 611//611 610//610
f 579//579 580//580 612//612
f 579//579 612//612 611//611
f 580//580 581//581 613//613
f 580//580 613//613 612//612
f 581//581 582//582 614//614
f 581//581 614//614 613//613
f 582//582 583//583 615//615
f 582//582 615//615 614//614
f 583//583 584//584 616//616
f 583//583 616//616 615//615
f 584//584 585//585 617//617
f 584//584 617//617 616//616
f 585//585 586//586 618//618
f 585//585 618//618 617//617
f 586//586 587//587 619//619
f 586//586 619//619 618//618
f 587//587 588//588 620//620
f 587//587 620//620 619//619
f 588//588 589//589 621//621
f 588//588 621//621 620//620
f 589//589 590//590 622//622
f 589//589 622//622 621//621
f 590//590 591//591 623//623
f 590//590 623//623 622//622
f 591//591 592//592 624//624
f 591//591 624//624 623//623
f 592//592 593//593 625//625
f 592//592 625//625 624//624
f 593//593 594//594 626//626
f 593//593 626//626 625//625
f 594//594 595//595 627//627
f 594//594 627//627 626//626
f 595//595 596//596 628//628
f 595//595 628//628 627//627
f 596//596 597//597 629//629
f 596//596 629//629 628//628
f 597//597 598//598 630//630
f 597//597 630//630 629//629
f 598//598 599//599 631//631
f 598//598 631//631 630//630
f 599//599 600//600 632//632
f 599//599 632//632 631//631
f 600//600 601//601 633//633
f 600//600 633//633 632//632
f 601//601 602//602 634//634
f 601//601 634//634 633//633
f 602//602 603//603 635//635
f 602//602 635//635 634//634
f 603//603 604//604 636//636
f 603//603 636//636 635//635
f 604//604 605//605 637//637
f 604//604 637//637 636//636
f 605//605 606//606 638//638
f 605//605 638//638 637//637
f 606//606 607//607 639//639
f 606//606 639//639 638//638
f 607//607 608//608 640//640
f 607//607 640//640 639//639
f 608//608 577//577 609//609
f 608//608 609//609 640//640
f 609//609 610//610 642//642
f 609//609 642//642 641//641
f 610//610 611//611 643//643
f 610//610 643//643 642//642
f 611//611 612//612 644//644
f 611//611 644//644 643//643
f 612//612 613//613 645//645
f 612//612 645//645 644//644
f 613//613 614//614 646//646
f 613//613 646//646 645//645
f 614//614 615//615 647//647
f 614//614 647//647 646//646
f 615//615 616//616 648//648
f 615//615 648//648 647//647
f 616//616 617//617 649//649
f 616//616 649//649 648//648
f 617//617 618//618 650//650
f 617//617 650//650 649//649
f 618//618 619//619 651//651
f 618//618 651//651 650//650
f 619//619 620//620 652//652
f 619//619 652//652 651//651
f 620//620 621//621 653//653
f 620//620 653//653 652//652
f 621//621 622//622 654//654
f 621//621 654//654 653//653
f 622//622 623//623 655//655
f 622//622 655//655 654//654
f 623//623 624//624 656//656
f 623//623 656//656 655//655
f 624//624 625//625 657//657
f 624//624 657//657 656//656
f 625//625 626//626 658//658
f 625//625 658//658 657//657
f 626//626 627//627 659//659
f 626//626 659//659 658//658
f 627//627 628//628 660//660
f 627//627 660//660 659//659
f 628//628 629//629 661//661
f 628//628 661//661 660//660
f 629//629 630//630 662//662
f 629//629 662//662 661//661
f 630//630 631//631 663//663
f 630//630 663//663 662//662
f 631//631 632//632 664//664
f 631//631 664//664 663//663
f 632//632 633//633 665//665
f 632//632 665//665 664//664
f 633//633 634//634 666//666
f 633//633 666//666 665//665
f 634//634 635//635 667//667
f 634//634 667//667 666//666
f 635//635 636//636 668//668
f 635//635 668//668 667//667
f 636//636 637//637 669//669
f 636//636 669//669 668//668
f 637//637 638//638 670//670
f 637//637 670//670 669//669
f 638//638 639//639 671//671
f 638//638 671//671 670//670
f 639//639 640//640 672//672
f 639//639 672//672 671//671
f 640//640 609//609 641//641
f 640//640 641//641 672//672
f 641//641 642//642 674//674
f 641//641 674//674 673//673
f 642//642 643//643 675//675
f 642//642 675//675 674//674
f 643//643 644//644 676//676
f 643//643 676//676 675//675
f 644//644 645//645 677//677
f 644//644 677//677 676//676
f 645//645 646//646 678//678
f 645//645 678//678 677//677
f 646//646 647//647 679//679
f 646//646 679//679 678//678
f 647//647 648//648 680//680
f 647//647 680//680 679//679
f 648//648 649//649 681//681
f 648//648 681//681 680//680
f 649//649 650//650 682//682
f 649//649 682//682 681//681
f 650//650 651//651 683//683
f 650//650 683//683 682//682
f 651//651 652//652 684//684
f 651//651 684//684 683//683
f 652//652 653//653 685//685
f 652//652 685//685 684//684
f 653//653 654//654 686//686
f 653//653 686//686 685//685
f 654//654 655//655 687//687
f 654//654 687//687 686//686
f 655//655 656//656 688//688
f 655//655 688//688 687//687
f 656//656 657//657 689//689
f 656//656 689//689 688//688
f 657//657 658//658 690//690
f 657//657 690//690 689//689
f 658//658 659//659 691//691
f 658//658 691//691 690//690
f 659//659 660//660 692//692
f 659//659 692//692 691//691
f 660//660 661//661 693//693
f 660//660 693//693 692//692
f 661//661 662//662 694//694
f 661//661 694//694 693//693
f 662//662 663//663 695//695
f 662//662 695//695 694//694
f 663//663 664//664 696//696
f 663//663 696//696 695//695
f 664//664 665//665 697//697
f 664//664 697//697 696//696
f 665//665 666//666 698//698
f 665//665 698//698 697//697
f 666//666 667//667 699//699
f 666//666 699//699 698//698
f 667//667 668//668 700//700
f 667//667 700//700 699//699
f 668//668 669//669 701//701
f 668//668 701//701 700//700
f 669//669 670//670 702//702
f 669//669 702//702 701//701
f 670//670 671//671 703//703
f 670//670 703//703 702//702
f 671//671 672//672 704//704
f 671//671 704//704 703//703
f 672//672 641//641 673//673
f 672//672 673//673 704//704
f 673//673 674//674 706//706
f 673//673 706//706 705//705
f 674//674 675//675 707//707
f 674//674 707//707 706//706
f 675//675 676//676 708//708
f 675//675 708//708 707//707
f 676//676 677//677 709//709
f 676//676 709//709 708//708
f 677//677 678//678 710//710
f 677//677 710//710 709//709
f 678//678 679//679 711//711
f 678//678 711//711 710//710
f 679//679 680//680 712//712
f 679//679 712//712 711//711
f 680//680 681//681 713//713
f 680//680 713//713 712//712
f 681//681 682//682 714//714
f 681//681 714//714 713//713
f 682//682 683//683 715//715
f 682//682 715//715 714//714
f 683//683 684//684 716//716
f 683//683 716//716 715//715
f 684//684 685//685 717//717
f 684//684 717//717 716//716
f 685//685 686//686 718//718
f 685//685 718//718 717//717
f 686//686 687//687 719//719
f 686//686 719//719 718//718
f 687//687 688//688 720//720
f 687//687 720//720 719//719
f 688//688 689//689 721//721
f 688//688 721//721 720//720
f 689//689 690//690 722//722
f 689//689 722//722 721//721
f 690//690 691//691 723//723
f 690//690 723//723 722//722
f 691//691 692//692 724//724
f 691//691 724//724 723//723
f 692//692 693//693 725//725
f 692//692 725//725 724//724
f 693//693 694//694 726//726
f 693//693 726//726 725//725
f 694//694 695//695 727//727
f 694//694 727//727 726//726
f 695//695 696//696 728//728
f 695//695 728//728 727//727
f 696//696 697//697 729//729
f 696//696 729//729 728//728
f 697//697 698//698 730//730
f 697//697 730//730 729//729
f 698//698 699//699 731//731
f 698//698 731//731 730//730
f 699//699 700//700 732//732
f 699//699 732//732 731//731
f 700//700 701//701 733//733
f 700//700 733//733 732//732
f 701//701 702//702 734//734
f 701//701 734//734 733//733
f 702//702 703//703 735//735
f 702//702 735//735 734//734
f 703//703 704//704 736//736
f 703//703 736//736 735//735
f 704//704 673//673 705//705
f 704//704 705//705 736//736
f 705//705 706//706 738//738
f 705//705 738//738 737//737
f 706//706 707//707 739//739
f 706//706 739//739 738//738
f 707//707 708//708 740//740
f 707//707 740//740 739//739
f 708//708 709//709 741//741
f 708//708 741//741 740//740
f 709//709 710//710 742//742
f 709//709 742//742 741//741
f 710//710 711//711 743//743
f 710//710 743//743 742//742
f 711//711 712//712 744//744
f 711//711 744//744 743//743
f 712//712 713//713 745//745
f 712//712 745//745 744//744
f 713//713 714//714 746//746
f 713//713 746//746 745//745
f 714//714 715//715 747//747
f 714//714 747//747 746//746
f 715//715 716//716 748//748
f 715//715 748//748 747//747
f 716//716 717//717 749//749
f 716//716 749//749 748//748
f 717//717 718//718 750//750
f 717//717 750//750 749//749
f 718//718 719//719 751//751
f 718//718 751//751 750//750
f 719//719 720//720 752//752
f 719//719 752//752 751//751
f 720//720 721//721 753//753
f 720//720 753//753 752//752
f 721//721 722//722 754//754
f 721//721 754//754 753//753
f 722//722 723//723 755//755
f 722//722 755//755 754//754
f 723//723 724//724 756//756
f 723//723 756//756 755//755
f 724//724 725//725 757//757
f 724//724 757//757 756//756
f 725//725 726//726 758//758
f 725//725 758//758 757//757
f 726//726 727//727 759//759
f 726//726 759//759 758//758
f 727//727 728//728 760//760
f 727//727 760//760 759//759
f 728//728 729//729 761//761
f 728//728 761//761 760//760
f 729//729 730//730 762//762
f 729//729 762//762 761//761
f 730//730 731//731 763//763
f 730//730 763//763 762//762
f 731//731 732//732 764//764
f 731//731 764//764 763//763
f 732//732 733//733 765//765
f 732//732 765//765 764//764
f 733//733 734//734 766//766
f 733//733 766//766 765//765
f 734//734 735//735 767//767
f 734//734 767//767 766//766
f 735//735 736//736 768//768
f 735//735 768//768 767//767
f 736//736 705//705 737//737
f 736//736 737//737 768//768
f 737//737 738//738 770//770
f 737//737 770//770 769//769
f 738//738 739//739 771//771
f 738//738 771//771 770//770
f 739//739 740//740 772//772
f 739//739 772//772 771//771
f 740//740 741//741 773//773
f 740//740 773//773 772//772
f 741//741 742//742 774//774
f 741//741 774//774 773//773
f 742//742 743//743 775//775
f 742//742 775//775 774//774
f 743//743 744//744 776//776
f 743//743 776//776 775//775
f 744//744 745//745 777//777
f 744//744 777//777 776//776
f 745//745 746//746 778//778
f 745//745 778//778 777//777
f 746//746 747//747 779//779
f 746//746 779//779 778//778
f 747//747 748//748 780//780
f 747//747 780//780 779//779
f 748//748 749//749 781//781
f 748//748 781//781 780//780
f 749//749 750//750 782//782
f 749//749 782//782 781//781
f 750//750 751//751 783//783
f 750//750 783//783 782//782
f 751//751 752//752 784//784
f 751//751 784//784 783//783
f 752//752 753//753 785//785
f 752//752 785//785 784//784
f 753//753 754//754 786//786
f 753//753 786//786 785//785
f 754//754 755//755 787//787
f 754//754 787//787 786//786
f 755//755 756//756 788//788
f 755//755 788//788 787//787
f 756//756 757//757 789//789
f 756//756 789//789 788//788
f 757//757 758//758 790//790
f 757//757 790//790 789//789
f 758//758 759//759 791//791
f 758//758 791//791 790//790
f 759//759 760//760 792//792
f 759//759 792//792 791//791
f 760//760 761//761 793//793
f 760//760 793//793 792//792
f 761//761 762//762 794//794
f 761//761 794//794 793//793
f 762//762 763//763 795//795
f 762//762 795//795 794//794
f 763//763 764//764 796//796
f 763//763 796//796 795//795
f 764//764 765//765 797//797
f 764//764 797//797 796//796
f 765//765 766//766 798//798
f 765//765 798//798 797//797
f 766//766 767//767 799//799
f 766//766 799//799 798//798
f 767//767 768//768 800//800
f 767//767 800//800 799//799
f 768//768 737//737 769//769
f 768//768 769//769 800//800
f 769//769 770//770 802//802
f 769//769 802//802 801//801
f 770//770 771//771 803//803
f 770//770 803//803 802//802
f 771//771 772//772 804//804
f 771//771 804//804 803//803
f 772//772 773//773 805//805
f 772//772 805//805 804//804
f 773//773 774//774 806//806
f 773//773 806//806 805//805
f 774//774 775//775 807//807
f 774//774 807//807 806//806
f 775//775 776//776 808//808
f 775//775 808//808 807//807
f 776//776 777//777 809//809
f 776//776 809//809 808//808
f 777//777 778//778 810//810
f 777//777 810//810 809//809
f 778//778 779//779 811//811
f 778//778 811//811 810//810
f 779//779 780//780 812//812
f 779//779 812//812 811//811
f 780//780 781//781 813//813
f 780//780 813//813 812//812
f 781//781 782//782 814//814
f 781//781 814//814 813//813
f 782//782 783//783 815//815
f 782//782 815//815 814//814
f 783//783 784//784 816//816
f 783//783 816//816 815//815
f 784//784 785//785 817//817
f 784//784 817//817 816//816
f 785//785 786//786 818//818
f 785//785 818//818 817//817
f 786//786 787//787 819//819
f 786//786 819//819 818//818
f 787//787 788//788 820//820
f 787//787 820//820 819//819
f 788//788 789//789 821//821
f 788//788 821//821 820//820
f 789//789 790//790 822//822
f 789//789 822//822 821//821
f 790//790 791//791 823//823
f 790//790 823//823 822//822
f 791//791 792//792 824//824
f 791//791 824//824 823//823
f 792//792 793//793 825//825
f 792//792 825//825 824//824
f 793//793 794//794 826//826
f 793//793 826//826 825//825
f 794//794 795//795 827//827
f 794//794 827//827 826//826
f 795//795 796//796 828//828
f 795//795 828//828 827//827
f 796//796 797//797 829//829
f 796//796 829//829 828//828
f 797//797 798//798 830//830
f 797//797 830//830 829//829
f 798//798 799//799 831//831
f 798//798 831//831 830//830
f 799//799 800//800 832//832
f 799//799 832//832 831//831
f 800//800 769//769 801//801
f 800//800 801//801 832//832
f 801//801 802//802 834//834
f 801//801 834//834 833//833
f 802//802 803//803 835//835
f 802//802 835//835 834//834
f 803//803 804//804 836//836
f 803//803 836//836 835//835
f 804//804 805//805 837//837
f 804//804 837//837 836//836
f 805//805 806//806 838//838
f 805//805 838//838 837//837
f 806//806 807//807 839//839
f 806//806 839//839 838//838
f 807//807 808//808 840//840
f 807//807 840//840 839//839
f 808//808 809//809 841//841
f 808//808 841//841 840//840
f 809//809 810//810 842//842
f 809//809 842//842 841//841
f 810//810 811//811 843//843
f 810//810 843//843 842//842
f 811//811 812//812 844//844
f 811//811 844//844 843//843
f 812//812 813//813 845//845
f 812//812 845//845 844//844
f 813//813 814//814 846//846
f 813//813 846//846 845//845
f 814//814 815//815 847//847
f 814//814 847//847 846//846
f 815//815 816//816 848//848
f 815//815 848//848 847//847
f 816//816 817//817 849//849
f 816//816 849//849 848//848
f 817//817 818//818 850//850
f 817//817 850//850 849//849
f 818//818 819//819 851//851
f 818//818 851//851 850//850
f 819//819 820//820 852//852
f 819//819 852//852 851//851
f 820//820 821//821 853//853
f 820//820 853//853 852//852
f 821//821 822//822 854//854
f 821//821 854//854 853//853
f 822//822 823//823 855//855
f 822//822 855//855 854//854
f 823//823 824//824 856//856
f 823//823 856//856 855//855
f 824//824 825//825 857//857
f 824//824 857//857 856//856
f 825//825 826//826 858//858
f 825//825 858//858 857//857
f 826//826 827//827 859//859
f 826//826 859//859 858//858
f 827//827 828//828 860//860
f 827//827 860//860 859//859
f 828//828 829//829 861//861
f 828//828 861//861 860//860
f 829//829 830//830 862//862
f 829//829 862//862 861//861
f 830//830 831//831 863//863
f 830//830 863//863 862//862
f 831//831 832//832 864//864
f 831//831 864//864 863//863
f 832//832 801//801 833//833
f 832//832 833//833 864//864
f 833//833 834//834 866//866
f 833//833 866//866 865//865
f 834//834 835//835 867//867
f 834//834 867//867 866//866
f 835//835 836//836 868//868
f 835//835 868//868 867//867
f 836//836 837//837 869//869
f 836//836 869//869 868//868
f 837//837 838//838 870//870
f 837//837 870//870 869//869
f 838//838 839//839 871//871
f 838//838 871//871 870//870
f 839//839 840//840 872//872
f 839//839 872//872 871//871
f 840//840 841//841 873//873
f 840//840 873//873 872//872
f 841//841 842//842 874//874
f 841//841 874//874 873//873
f 842//842 843//843 875//875
f 842//842 875//875 874//874
f 843//843 844//844 876//876
f 843//843 876//876 875//875
f 844//844 845//845 877//877
f 844//844 877//877 876//876
f 845//845 846//846 878//878
f 845//845 878//878 877//877
f 846//846 847//847 879//879
f 846//846 879//879 878//878
f 847//847 848//848 880//880
f 847//847 880//880 879//879
f 848//848 849//849 881//881
f 848//848 881//881 880//880
f 849//849 850//850 882//882
f 849//849 882//882 881//881
f 850//850 851//851 883//883
f 850//850 883//883 882//882
f 851//851 852//852 884//884
f 851//851 884//884 883//883
f 852//852 853//853 885//885
f 852//852 885//885 884//884
f 853//853 854//854 886//886
f 853//853 886//886 885//885
f 854//854 855//855 887//887
f 854//854 887//887 886//886
f 855//855 856//856 888//888
f 855//855 888//888 887//887
f 856//856 857//857 889//889
f 856//856 889//889 888//888
f 857//857 858//858 890//890
f 857//857 890//890 889//889
f 858//858 859//859 891//891
f 858//858 891//891 890//890
f 859//859 860//860 892//892
f 859//859 892//892 891//891
f 860//860 861//861 893//893
f 860//860 893//893 892//892
f 861//861 862//862 894//894
f 861//861 894//894 893//893
f 862//862 863//863 895//895
f 862//862 895//895 894//894
f 863//863 864//864 896//896
f 863//863 896//896 895//895
f 864//864 833//833 865//865
f 864//864 865//865 896//896
f 865//865 866//866 898//898
f 865//865 898//898 897//897
f 866//866 867//867 899//899
f 866//866 899//899 898//898
f 867//867 868//868 900//900
f 867//867 900//900 899//899
f 868//868 869//869 901//901
f 868//868 901//901 900//900
f 869//869 870//870 902//902
f 869//869 902//902 901//901
f 870//870 871//871 903//903
f 870//870 903//903 902//902
f 871//871 872//872 904//904
f 871//871 904//904 903//903
f 872//872 873//873 905//905
f 872//872 905//905 904//904
f 873//873 874//874 906//906
f 873//873 906//906 905//905
f 874//874 875//875 907//907
f 874//874 907//907 906//906
f 875//875 876//876 908//908
f 875//875 908//908 907//907
f 876//876 877//877 909//909
f 876//876 909//909 908//908
f 877//877 878//878 910//910
f 877//877 910//910 909//909
f 878//878 879//879 911//911
f 878//878 911//911 910//910
f 879//879 880//880 912//912
f 879//879 912//912 911//911
f 880//880 881//881 913//913
f 880//880 913//913 912//912
f 881//881 882//882 914//914
f 881//881 914//914 913//913
f 882//882 883//883 915//915
f 882//882 915//915 914//914
f 883//883 884//884 916//916
f 883//883 916//916 915//915
f 884//884 885//885 917//917
f 884//884 917//917 916//916
f 885//885 886//886 918//918
f 885//885 918//918 917//917
f 886//886 887//887 919//919
f 886//886 919//919 918//918
f 887//887 888//888 920//920
f 887//887 920//920 919//919
f 888//888 889//889 921//921
f 888//888 921//921 920//920
f 889//889 890//890 922//922
f 889//889 922//922 921//921
f 890//890 891//891 923//923
f 890//890 923//923 922//922
f 891//891 892//892 924//924
f 891//891 924//924 923//923
f 892//892 893//893 925//925
f 892//892 925//925 924//924
f 893//893 894//894 926//926
f 893//893 926//926 925//925
f 894//894 895//895 927//927
f 894//894 927//927 926//926
f 895//895 896//896 928//928
f 895//895 928//928 927//927
f 896//896 865//865 897//897
f 896//896 897//897 928//928
f 897//897 898//898 930//930
f 897//897 930//930 929//929
f 898//898 899//899 931//931
f 898//898 931//931 930//930
f 899//899 900//900 932//932
f 899//899 932//932 931//931
f 900//900 901//901 933//933
f 900//900 933//933 932//932
f 901//901 902//902 934//934
f 901//901 934//934 933//933
f 902//902 903//903 935//935
f 902//902 935//935 934//934
f 903//903 904//904 936//936
f 903//903 936//936 935//935
f 904//904 905//905 937//937
f 904//904 937//937 936//936
f 905//905 906//906 938//938
f 905//905 938//938 937//937
f 906//906 907//907 939//939
f 906//906 939//939 938//938
f 907//907 908//908 940//940
f 907//907 940//940 939//939
f 908//908 909//909 941//941
f 908//908 941//941 940//940
f 909//909 910//910 942//942
f 909//909 942//942 941//941
f 910//910 911//911 943//943
f 910//910 943//943 942//942
f 911//911 912//912 944//944
f 911//911 944//944 943//943
f 912//912 913//913 945//945
f 912//912 945//945 944//944
f 913//913 914//914 946//946
f 913//913 946//946 945//945
f 914//914 915//915 947//947
f 914//914 947//947 946//946
f 915//915 916//916 948//948
f 915//915 948//948 947//947
f 916//916 917//917 949//949
f 916//916 949//949 948//948
f 917//917 918//918 950//950
f 917//917 950//950 949//949
f 918//918 919//919 951//951
f 918//918 951//951 950//950
f 919//919 920//920 952//952
f 919//919 952//952 951//951
f 920//920 921//921 953//953
f 920//920 953//953 952//952
f 921//921 922//922 954//954
f 921//921 954//954 953//953
f 922//922 923//923 955//955
f 922//922 955//955 954//954
f 923//923 924//924 956//956
f 923//923 956//956 955//955
f 924//924 925//925 957//957
f 924//924 957//957 956//956
f 925//925 926//926 958//958
f 925//925 958//958 957//957
f 926//926 927//927 959//959
f 926//926 959//959 958//958
f 927//927 928//928 960//960
f 927//927 960//960 959//959
f 928//928 897//897 929//929
f 928//928 929//929 960//960
f 929//929 930//930 962//962
f 929//929 962//962 961//961
f 930//930 931//931 963//963
f 930//930 963//963 962//962
f 931//931 932//932 964//964
f 931//931 964//964 963//963
f 932//932 933//933 965//965
f 932//932 965//965 964//964
f 933//933 934//934 966//966
f 933//933 966//966 965//965
f 934//934 935//935 967//967
f 934//934 967//967 966//966
f 935//935 936//936 968//968
f 935//935 968//968 967//967
f 936//936 937//937 969//969
f 936//936 969//969 968//968
f 937//937 938//938 970//970
f 937//937 970//970 969//969
f 938//938 939//939 971//971
f 938//938 971//971 970//970
f 939//939 940//940 972//972
f 939//939 972//972 971//971
f 940//940 941//941 973//973
f 940//940 973//973 972//972
f 941//941 942//942 974//974
f 941//941 974//974 973//973
f 942//942 943//943 975//975
f 942//942 975//975 974//974
f 943//943 944//944 976//976
f 943//943 976//976 975//975
f 944//944 945//945 977//977
f 944//944 977//977 976//976
f 945//945 946//946 978//978
f 945//945 978//978 977//977
f 946//946 947//947 979//979
f 946//946 979//979 978//978
f 947//947 948//948 980//980
f 947//947 980//980 979//979
f 948//948 949//949 981//981
f 948//948 981//981 980//980
f 949//949 950//950 982//982
f 949//949 982//982 981//981
f 950//950 951//951 983//983
f 950//950 983//983 982//982
f 951//951 952//952 984//984
f 951//951 984//984 983//983
f 952//952 953//953 985//985
f 952//952 985//985 984//984
f 953//953 954//954 986//986
f 953//953 986//986 985//985
f 954//954 955//955 987//987
f 954//954 987//987 986//986
f 955//955 956//956 988//988
f 955//955 988//988 987//987
f 956//956 957//957 989//989
f 956//956 989//989 988//988
f 957//957 958//958 990//990
f 957//957 990//990 989//989
f 958//958 959//959 991//991
f 958//958 991//991 990//990
f 959//959 960//960 992//992
f 959//959 992//992 991//991
f 960//960 929//929 961//961
f 960//960 961//961 992//992
f 961//961 962//962 994//994
f 961//961 994//994 993//993
f 962//962 963//963 995//995
f 962//962 995//995 994//994
f 963//963 964//964 996//996
f 963//963 996//996 995//995
f 964//964 965//965 997//997
f 964//964 997//997 996//996
f 965//965 966//966 998//998
f 965//965 998//998 997//997
f 966//966 967//967 999//999
f 966//966 999//999 998//998
f 967//967 968//968 1000//1000
f 967//967 1000//1000 999//999
f 968//968 969//969 1001//1001
f 968//968 1001//1001 1000//1000
f 969//969 970//970 1002//1002
f 969//969 1002//1002 1001//1001
f 970//970 971//971 1003//1003
f 970//970 1003//1003 1002//1002
f 971//971 972//972 1004//1004
f 971//971 1004//1004 1003//1003
f 972//972 973//973 1005//1005
f 972//972 1005//1005 1004//1004
f 973//973 974//974 1006//1006
f 973//973 1006//1006 1005//1005
f 974//974 975//975 1007//1007
f 974//974 1007//1007 1006//1006
f 975//975 976//976 1008//1008
f 975//975 1008//1008 1007//1007
f 976//976 977//977 1009//1009
f 976//976 1009//1009 1008//1008
f 977//977 978//978 1010//1010
f 977//977 1010//1010 1009//1009
f 978//978 979//979 1011//1011
f 978//978 1011//1011 1010//1010
f 979//979 980//980 1012//1012
f 979//979 1012//1012 1011//1011
f 980//980 981//981 1013//1013
f 980//980 1013//1013 1012//1012
f 981//981 982//982 1014//1014
f 981//981 1014//1014 1013//1013
f 982//982 983//983 1015//1015
f 982//982 1015//1015 1014//1014
f 983//983 984//984 1016//1016
f 983//983 1016//1016 1015//1015
f 984//984 985//985 1017//1017
f 984//984 1017//1017 1016//1016
f 985//985 986//986 1018//1018
f 985//985 1018//1018 1017//1017
f 986//986 987//987 1019//1019
f 986//986 1019//1019 1018//1018
f 987//987 988//988 1020//1020
f 987//987 1020//1020 1019//1019
f 988//988 989//989 1021//1021
f 988//988 1021//1021 1020//1020
f 989//989 990//990 1022//1022
f 989//989 1022//1022 1021//1021
f 990//990 991//991 1023//1023
f 990//990 1023//1023 1022//1022
f 991//991 992//992 1024//1024
f 991//991 1024//1024 1023//1023
f 992//992 961//961 993//993
f 992//992 993//993 1024//1024
f 993//993 994//994 1026//1026
f 993//993 1026//1026 1025//1025
f 994//994 995//995 1027//1027
f 994//994 1027//1027 1026//1026
f 995//995 996//996 1028//1028
f 995//995 1028//1028 1027//1027
f 996//996 997//997 1029//1029
f 996//996 1029//1029 1028//1028
f 997//997 998//998 1030//1030
f 997//997 1030//1030 1029//1029
f 998//998 999//999 1031//1031
f 998//998 1031//1031 1030//1030
f 999//999 1000//1000 1032//1032
f 999//999 1032//1032 1031//1031
f 1000//1000 1001//1001 1033//1033
f 1000//1000 1033//1033 1032//1032
f 1001//1001 1002//1002 1034//1034
f 1001//1001 1034//1034 1033//1033
f 1002//1002 1003//1003 1035//1035
f 1002//1002 1035//1035 1034//1034
f 1003//1003 1004//1004 1036//1036
f 1003//1003 1036//1036 1035//1035
f 1004//1004 1005//1005 1037//1037
f 1004//1004 1037//1037 1036//1036
f 1005//1005 1006//1006 1038//1038
f 1005//1005 1038//1038 1037//1037
f 1006//1006 1007//1007 1039//1039
f 1006//1006 1039//1039 1038//1038
f 1007//1007 1008//1008 1040//1040
f 1007//1007 1040//1040 1039//1039
f 1008//1008 1009//1009 1041//1041
f 1008//1008 1041//1041 1040//1040
f 1009//1009 1010//1010 1042//1042
f 1009//1009 1042//1042 1041//1041
f 1010//1010 1011//1011 1043//1043
f 1010//1010 1043//1043 1042//1042
f 1011//1011 1012//1012 1044//1044
f 1011//1011 1044//1044 1043//1043
f 1012//1012 1013//1013 1045//1045
f 1012//1012 1045//1045 1044//1044
f 1013//1013 1014//1014 1046//1046
f 1013//1013 1046//1046 1045//1045
f 1014//1014 1015//1015 1047//1047
f 1014//1014 1047//1047 1046//1046
f 1015//1015 1016//1016 1048//1048
f 1015//1015 1048//1048 1047//1047
f 1016//1016 1017//1017 1049//1049
f 1016//1016 1049//1049 1048//1048
f 1017//1017 1018//1018 1050//1050
f 1017//1017 1050//1050 1049//1049
f 1018//1018 1019//1019 1051//1051
f 1018//1018 1051//1051 1050//1050
f 1019//1019 1020//1020 1052//1052
f 1019//1019 1052//1052 1051//1051
f 1020//1020 1021//1021 1053//1053
f 1020//1020 1053//1053 1052//1052
f 1021//1021 1022//1022 1054//1054
f 1021//1021 1054//1054 1053//1053
f 1022//1022 1023//1023 1055//1055
f 1022//1022 1055//1055 1054//1054
f 1023//1023 1024//1024 1056//1056
f 1023//1023 1056//1056 1055//1055
f 1024//1024 993//993 1025//1025
f 1024//1024 1025//1025 1056//1056
f 1025//1025 1026//1026 1058//1058
f 1025//1025 1058//1058 1057//1057
f 1026//1026 1027//1027 1059//1059
f 1026//1026 1059//1059 1058//1058
f 1027//1027 1028//1028 1060//1060
f 1027//1027 1060//1060 1059//1059
f 1028//1028 1029//1029 1061//1061
f 1028//1028 1061//1061 1060//1060
f 1029//1029 1030//1030 1062//1062
f 1029//1029 1062//1062 1061//1061
f 1030//1030 1031//1031 1063//1063
f 1030//1030 1063//1063 1062//1062
f 1031//1031 1032//1032 1064//1064
f 1031//1031 1064//1064 1063//1063
f 1032//1032 1033//1033 1065//1065
f 1032//1032 1065//1065 1064//1064
f 1033//1033 1034//1034 1066//1066
f 1033//1033 1066//1066 1065//1065
f 1034//1034 1035//1035 1067//1067
f 1034//1034 1067//1067 1066//1066
f 1035//1035 1036//1036 1068//1068
f 1035//1035 1068//1068 1067//1067
f 1036//1036 1037//1037 1069//1069
f 1036//1036 1069//1069 1068//1068
f 1037//1037 1038//1038 1070//1070
f 1037//1037 1070//1070 1069//1069
f 1038//1038 1039//1039 1071//1071
f 1038//1038 1071//1071 1070//1070
f 1039//1039 1040//1040 1072//1072
f 1039//1039 1072//1072 1071//1071
f 1040//1040 1041//1041 1073//1073
f 1040//1040 1073//1073 1072//1072
f 1041//1041 1042//1042 1074//1074
f 1041//1041 1074//1074 1073//1073
f 1042//1042 1043//1043 1075//1075
f 1042//1042 1075//1075 1074//1074
f 1043//1043 1044//1044 1076//1076
f 1043//1043 1076//1076 1075//1075
f 1044//1044 1045//1045 1077//1077
f 1044//1044 1077//1077 1076//1076
f 1045//1045 1046//1046 1078//1078
f 1045//1045 1078//1078 1077//1077
f 1046//1046 1047//1047 1079//1079
f 1046//1046 1079//1079 1078//1078
f 1047//1047 1048//1048 1080//1080
f 1047//1047 1080//1080 1079//1079
f 1048//1048 1049//1049 1081//1081
f 1048//1048 1081//1081 1080//1080
f 1049//1049 1050//1050 1082//1082
f 1049//1049 1082//1082 1081//1081
f 1050//1050 1051//1051 1083//1083
f 1050//1050 1083//1083 1082//1082
f 1051//1051 1052//1052 1084//1084
f 1051//1051 1084//1084 1083//1083
f 1052//1052 1053//1053 1085//1085
f 1052//1052 1085//1085 1084//1084
f 1053//1053 1054//1054 1086//1086
f 1053//1053 1086//1086 1085//1085
f 1054//1054 1055//1055 1087//1087
f 1054//1054 1087//1087 1086//1086
f 1055//1055 1056//1056 1088//1088
f 1055//1055 1088//1088 1087//1087
f 1056//1056 1025//1025 1057//1057
f 1056//1056 1057//1057 1088//1088
f 1057//1057 1058//1058 1090//1090
f 1057//1057 1090//1090 1089//1089
f 1058//1058 1059//1059 1091//1091
f 1058//1058 1091//1091 1090//1090
f 1059//1059 1060//1060 1092//1092
f 1059//1059 1092//1092 1091//1091
f 1060//1060 1061//1061 1093//1093
f 1060//1060 1093//1093 1092//1092
f 1061//1061 1062//1062 1094//1094
f 1061//1061 1094//1094 1093//1093
f 1062//1062 1063//1063 1095//1095
f 1062//1062 1095//1095 1094//1094
f 1063//1063 1064//1064 1096//1096
f 1063//1063 1096//1096 1095//1095
f 1064//1064 1065//1065 1097//1097
f 1064//1064 1097//1097 1096//1096
f 1065//1065 1066//1066 1098//1098
f 1065//1065 1098//1098 1097//1097
f 1066//1066 1067//1067 1099//1099
f 1066//1066 1099//1099 1098//1098
f 1067//1067 1068//1068 1100//1100
f 1067//1067 1100//1100 1099//1099
f 1068//1068 1069//1069 1101//1101
f 1068//1068 1101//1101 1100//1100
f 1069//1069 1070//1070 1102//1102
f 1069//1069 1102//1102 1101//1101
f 1070//1070 1071//1071 1103//1103
f 1070//1070 1103//1103 1102//1102
f 1071//1071 1072//1072 1104//1104
f 1071//1071 1104//1104 1103//1103
f 1072//1072 1073//1073 1105//1105
f 1072//1072 1105//1105 1104//1104
f 1073//1073 1074//1074 1106//1106
f 1073//1073 1106//1106 1105//1105
f 1074//1074 1075//1075 1107//1107
f 1074//1074 1107//1107 1106//1106
f 1075//1075 1076//1076 1108//1108
f 1075//1075 1108//1108 1107//1107
f 1076//1076 1077//1077 1109//1109
f 1076//1076 1109//1109 1108//1108
f 1077//1077 1078//1078 1110//1110
f 1077//1077 1110//1110 1109//1109
f 1078//1078 1079//1079 1111//1111
f 1078//1078 1111//1111 1110//1110
f 1079//1079 1080//1080 1112//1112
f 1079//1079 1112//1112 1111//1111
f 1080//1080 1081//1081 1113//1113
f 1080//1080 1113//1113 1112//1112
f 1081//1081 1082//1082 1114//1114
f 1081//1081 1114//1114 1113//1113
f 1082//1082 1083//1083 1115//1115
f 1082//1082 1115//1115 1114//1114
f 1083//1083 1084//1084 1116//1116
f 1083//1083 1116//1116 1115//1115
f 1084//1084 1085//1085 1117//1117
f 1084//1084 1117//1117 1116//1116
f 1085//1085 1086//1086 1118//1118
f 1085//1085 1118//1118 1117//1117
f 1086//1086 1087//1087 1119//1119
f 1086//1086 1119//1119 1118//1118
f 1087//1087 1088//1088 1120//1120
f 1087//1087 1120//1120 1119//1119
f 1088//1088 1057//1057 1089//1089
f 1088//1088 1089//1089 1120//1120
f 1089//1089 1090//1090 1122//1122
f 1089//1089 1122//1122 1121//1121
f 1090//1090 1091//1091 1123//1123
f 1090//1090 1123//1123 1122//1122
f 1091//1091 1092//1092 1124//1124
f 1091//1091 1124//1124 1123//1123
f 1092//1092 1093//1093 1125//1125
f 1092//1092 1125//1125 1124//1124
f 1093//1093 1094//1094 1126//1126
f 1093//1093 1126//1126 1125//1125
f 1094//1094 1095//1095 1127//1127
f 1094//1094 1127//1127 1126//1126
f 1095//1095 1096//1096 1128//1128
f 1095//1095 1128//1128 1127//1127
f 1096//1096 1097//1097 1129//1129
f 1096//1096 1129//1129 1128//1128
f 1097//1097 1098//1098 1130//1130
f 1097//1097 1130//1130 1129//1129
f 1098//1098 1099//1099 1131//1131
f 1098//1098 1131//1131 1130//1130
f 1099//1099 1100//1100 1132//1132
f 1099//1099 1132//1132 1131//1131
f 1100//1100 1101//1101 1133//1133
f 1100//1100 1133//1133 1132//1132
f 1101//1101 1102//1102 1134//1134
f 1101//1101 1134//1134 1133//1133
f 1102//1102 1103//1103 1135//1135
f 1102//1102 1135//1135 1134//1134
f 1103//1103 1104//1104 1136//1136
f 1103//1103 1136//1136 1135//1135
f 1104//1104 1105//1105 1137//1137
f 1104//1104 1137//1137 1136//1136
f 1105//1105 1106//1106 1138//1138
f 1105//1105 1138//1138 1137//1137
f 1106//1106 1107//1107 1139//1139
f 1106//1106 1139//1139 1138//1138
f 1107//1107 1108//1108 1140//1140
f 1107//1107 1140//1140 1139//1139
f 1108//1108 1109//1109 1141//1141
f 1108//1108 1141//1141 1140//1140
f 1109//1109 1110//1110 1142//1142
f 1109//1109 1142//1142 1141//1141
f 1110//1110 1111//1111 1143//1143
f 1110//1110 1143//1143 1142//1142
f 1111//1111 1112//1112 1144//1144
f 1111//1111 1144//1144 1143//1143
f 1112//1112 1113//1113 1145//1145
f 1112//1112 1145//1145 1144//1144
f 1113//1113 1114//1114 1146//1146
f 1113//1113 1146//1146 1145//1145
f 1114//1114 1115//1115 1147//1147
f 1114//1114 1147//1147 1146//1146
f 1115//1115 1116//1116 1148//1148
f 1115//1115 1148//1148 1147//1147
f 1116//1116 1117//1117 1149//1149
f 1116//1116 1149//1149 1148//1148
f 1117//1117 1118//1118 1150//1150
f 1117//1117 1150//1150 1149//1149
f 1118//1118 1119//1119 1151//1151
f 1118//1118 1151//1151 1150//1150
f 1119//1119 1120//1120 1152//1152
f 1119//1119 1152//1152 1151//1151
f 1120//1120 1089//1089 1121//1121
f 1120//1120 1121//1121 1152//1152
f 1121//1121 1122//1122 1154//1154
f 1121//1121 1154//1154 1153//1153
f 1122//1122 1123//1123 1155//1155
f 1122//1122 1155//1155 1154//1154
f 1123//1123 1124//1124 1156//1156
f 1123//1123 1156//1156 1155//1155
f 1124//1124 1125//1125 1157//1157
f 1124//1124 1157//1157 1156//1156
f 1125//1125 1126//1126 1158//1158
f 1125//1125 1158//1158 1157//1157
f 1126//1126 1127//1127 1159//1159
f 1126//1126 1159//1159 1158//1158
f 1127//1127 1128//1128 1160//1160
f 1127//1127 1160//1160 1159//1159
f 1128//1128 1129//1129 1161//1161
f 1128//1128 1161//1161 1160//1160
f 1129//1129 1130//1130 1162//1162
f 1129//1129 1162//1162 1161//1161
f 1130//1130 1131//1131 1163//1163
f 1130//1130 1163//1163 1162//1162
f 1131//1131 1132//1132 1164//1164
f 1131//1131 1164//1164 1163//1163
f 1132//1132 1133//1133 1165//1165
f 1132//1132 1165//1165 1164//1164
f 1133//1133 1134//1134 1166//1166
f 1133//1133 1166//1166 1165//1165
f 1134//1134 1135//1135 1167//1167
f 1134//1134 1167//1167 1166//1166
f 1135//1135 1136//1136 1168//1168
f 1135//1135 1168//1168 1167//1167
f 1136//1136 1137//1137 1169//1169
f 1136//1136 1169//1169 1168//1168
f 1137//1137 1138//1138 1170//1170
f 1137//1137 1170//1170 1169//1169
f 1138//1138 1139//1139 1171//1171
f 1138//1138 1171//1171 1170//1170
f 1139//1139 1140//1140 1172//1172
f 1139//1139 1172//1172 1171//1171
f 1140//1140 1141//1141 1173//1173
f 1140//1140 1173//1173 1172//1172
f 1141//1141 1142//1142 1174//1174
f 1141//1141 1174//1174 1173//1173
f 1142//1142 1143//1143 1175//1175
f 1142//1142 1175//1175 1174//1174
f 1143//1143 1144//1144 1176//1176
f 1143//1143 1176//1176 1175//1175
f 1144//1144 1145//1145 1177//1177
f 1144//1144 1177//1177 1176//1176
f 1145//1145 1146//1146 1178//1178
f 1145//1145 1178//1178 1177//1177
f 1146//1146 1147//1147 1179//1179
f 1146//1146 1179//1179 1178//1178
f 1147//1147 1148//1148 1180//1180
f 1147//1147 1180//1180 1179//1179
f 1148//1148 1149//1149 1181//1181
f 1148//1148 1181//1181 1180//1180
f 1149//1149 1150//1150 1182//1182
f 1149//1149 1182//1182 1181//1181
f 1150//1150 1151//1151 1183//1183
f 1150//1150 1183//1183 1182//1182
f 1151//1151 1152//1152 1184//1184
f 1151//1151 1184//1184 1183//1183
f 1152//1152 1121//1121 1153//1153
f 1152//1152 1153//1153 1184//1184
f 1153//1153 1154//1154 1186//1186
f 1153//1153 1186//1186 1185//1185
f 1154//1154 1155//1155 1187//1187
f 1154//1154 1187//1187 1186//1186
f 1155//1155 1156//1156 1188//1188
f 1155//1155 1188//1188 1187//1187
f 1156//1156 1157//1157 1189//1189
f 1156//1156 1189//1189 1188//1188
f 1157//1157 1158//1158 1190//1190
f 1157//1157 1190//1190 1189//1189
f 1158//1158 1159//1159 1191//1191
f 1158//1158 1191//1191 1190//1190
f 1159//1159 1160//1160 1192//1192
f 1159//1159 1192//1192 1191//1191
f 1160//1160 1161//1161 1193//1193
f 1160//1160 1193//1193 1192//1192
f 1161//1161 1162//1162 1194//1194
f 1161//1161 1194//1194 1193//1193
f 1162//1162 1163//1163 1195//1195
f 1162//1162 1195//1195 1194//1194
f 1163//1163 1164//1164 1196//1196
f 1163//1163 1196//1196 1195//1195
f 1164//1164 1165//1165 1197//1197
f 1164//1164 1197//1197 1196//1196
f 1165//1165 1166//1166 1198//1198
f 1165//1165 1198//1198 1197//1197
f 1166//1166 1167//1167 1199//1199
f 1166//1166 1199//1199 1198//1198
f 1167//1167 1168//1168 1200//1200
f 1167//1167 1200//1200 1199//1199
f 1168//1168 1169//1169 1201//1201
f 1168//1168 1201//1201 1200//1200
f 1169//1169 1170//1170 1202//1202
f 1169//1169 1202//1202 1201//1201
f 1170//1170 1171//1171 1203//1203
f 1170//1170 1203//1203 1202//1202
f 1171//1171 1172//1172 1204//1204
f 1171//1171 1204//1204 1203//1203
f 1172//1172 1173//1173 1205//1205
f 1172//1172 1205//1205 1204//1204
f 1173//1173 1174//1174 1206//1206
f 1173//1173 1206//1206 1205//1205
f 1174//1174 1175//1175 1207//1207
f 1174//1174 1207//1207 1206//1206
f 1175//1175 1176//1176 1208//1208
f 1175//1175 1208//1208 1207//1207
f 1176//1176 1177//1177 1209//1209
f 1176//1176 1209//1209 1208//1208
f 1177//1177 1178//1178 1210//1210
f 1177//1177 1210//1210 1209//1209
f 1178//1178 1179//1179 1211//1211
f 1178//1178 1211//1211 1210//1210
f 1179//1179 1180//1180 1212//1212
f 1179//1179 1212//1212 1211//1211
f 1180//1180 1181//1181 1213//1213
f 1180//1180 1213//1213 1212//1212
f 1181//1181 1182//1182 1214//1214
f 1181//1181 1214//1214 1213//1213
f 1182//1182 1183//1183 1215//1215
f 1182//1182 1215//1215 1214//1214
f 1183//1183 1184//1184 1216//1216
f 1183//1183 1216//1216 1215//1215
f 1184//1184 1153//1153 1185//1185
f 1184//1184 1185//1185 1216//1216
f 1185//1185 1186//1186 1218//1218
f 1185//1185 1218//1218 1217//1217
f 1186//1186 1187//1187 1219//1219
f 1186//1186 1219//1219 1218//1218
f 1187//1187 1188//1188 1220//1220
f 1187//1187 1220//1220 1219//1219
f 1188//1188 1189//1189 1221//1221
f 1188//1188 1221//1221 1220//1220
f 1189//1189 1190//1190 1222//1222
f 1189//1189 1222//1222 1221//1221
f 1190//1190 1191//1191 1223//1223
f 1190//1190 1223//1223 1222//1222
f 1191//1191 1192//1192 1224//1224
f 1191//1191 1224//1224 1223//1223
f 1192//1192 1193//1193 1225//1225
f 1192//1192 1225//1225 1224//1224
f 1193//1193 1194//1194 1226//1226
f 1193//1193 1226//1226 1225//1225
f 1194//1194 1195//1195 1227//1227
f 1194//1194 1227//1227 1226//1226
f 1195//1195 1196//1196 1228//1228
f 1195//1195 1228//1228 1227//1227
f 1196//1196 1197//1197 1229//1229
f 1196//1196 1229//1229 1228//1228
f 1197//1197 1198//1198 1230//1230
f 1197//1197 1230//1230 1229//1229
f 1198//1198 1199//1199 1231//1231
f 1198//1198 1231//1231 1230//1230
f 1199//1199 1200//1200 1232//1232
f 1199//1199 1232//1232 1231//1231
f 1200//1200 1201//1201 1233//1233
f 1200//1200 1233//1233 1232//1232
f 1201//1201 1202//1202 1234//1234
f 1201//1201 1234//1234 1233//1233
f 1202//1202 1203//1203 1235//1235
f 1202//1202 1235//1235 1234//1234
f 1203//1203 1204//1204 1236//1236
f 1203//1203 1236//1236 1235//1235
f 1204//1204 1205//1205 1237//1237
f 1204//1204 1237//1237 1236//1236
f 1205//1205 1206//1206 1238//1238
f 1205//1205 1238//1238 1237//1237
f 1206//1206 1207//1207 1239//1239
f 1206//1206 1239//1239 1238//1238
f 1207//1207 1208//1208 1240//1240
f 1207//1207 1240//1240 1239//1239
f 1208//1208 1209//1209 1241//1241
f 1208//1208 1241//1241 1240//1240
f 1209//1209 1210//1210 1242//1242
f 1209//1209 1242//1242 1241//1241
f 1210//1210 1211//1211 1243//1243
f 1210//1210 1243//1243 1242//1242
f 1211//1211 1212//1212 1244//1244
f 1211//1211 1244//1244 1243//1243
f 1212//1212 1213//1213 1245//1245
f 1212//1212 1245//1245 1244//1244
f 1213//1213 1214//1214 1246//1246
f 1213//1213 1246//1246 1245//1245
f 1214//1214 1215//1215 1247//1247
f 1214//1214 1247//1247 1246//1246
f 1215//1215 1216//1216 1248//1248
f 1215//1215 1248//1248 1247//1247
f 1216//1216 1185//1185 1217//1217
f 1216//1216 1217//1217 1248//1248
f 1217//1217 1218//1218 1250//1250
f 1217//1217 1250//1250 1249//1249
f 1218//1218 1219//1219 1251//1251
f 1218//1218 1251//1251 1250//1250
f 1219//1219 1220//1220 1252//1252
f 1219//1219 1252//1252 1251//1251
f 1220//1220 1221//1221 1253//1253
f 1220//1220 1253//1253 1252//1252
f 1221//1221 1222//1222 1254//1254
f 1221//1221 1254//1254 1253//1253
f 1222//1222 1223//1223 1255//1255
f 1222//1222 1255//1255 1254//1254
f 1223//1223 1224//1224 1256//1256
f 1223//1223 1256//1256 1255//1255
f 1224//1224 1225//1225 1257//1257
f 1224//1224 1257//1257 1256//1256
f 1225//1225 1226//1226 1258//1258
f 1225//1225 1258//1258 1257//1257
f 1226//1226 1227//1227 1259//1259
f 1226//1226 1259//1259 1258//1258
f 1227//1227 1228//1228 1260//1260
f 1227//1227 1260//1260 1259//1259
f 1228//1228 1229//1229 1261//1261
f 1228//1228 1261//1261 1260//1260
f 1229//1229 1230//1230 1262//1262
f 1229//1229 1262//1262 1261//1261
f 1230//1230 1231//1231 1263//1263
f 1230//1230 1263//1263 1262//1262
f 1231//1231 1232//1232 1264//1264
f 1231//1231 1264//1264 1263//1263
f 1232//1232 1233//1233 1265//1265
f 1232//1232 1265//1265 1264//1264
f 1233//1233 1234//1234 1266//1266
f 1233//1233 1266//1266 1265//1265
f 1234//1234 1235//1235 1267//1267
f 1234//1234 1267//1267 1266//1266
f 1235//1235 1236//1236 1268//1268
f 1235//1235 1268//1268 1267//1267
f 1236//1236 1237//1237 1269//1269
f 1236//1236 1269//1269 1268//1268
f 1237//1237 1238//1238 1270//1270
f 1237//1237 1270//1270 1269//1269
f 1238//1238 1239//1239 1271//1271
f 1238//1238 1271//1271 1270//1270
f 1239//1239 1240//1240 1272//1272
f 1239//1239 1272//1272 1271//1271
f 1240//1240 1241//1241 1273//1273
f 1240//1240 1273//1273 1272//1272
f 1241//1241 1242//1242 1274//1274
f 1241//1241 1274//1274 1273//1273
f 1242//1242 1243//1243 1275//1275
f 1242//1242 1275//1275 1274//1274
f 1243//1243 1244//1244 1276//1276
f 1243//1243 1276//1276 1275//1275
f 1244//1244 1245//1245 1277//1277
f 1244//1244 1277//1277 1276//1276
f 1245//1245 1246//1246 1278//1278
f 1245//1245 1278//1278 1277//1277
f 1246//1246 1247//1247 1279//1279
f 1246//1246 1279//1279 1278//1278
f 1247//1247 1248//1248 1280//1280
f 1247//1247 1280//1280 1279//1279
f 1248//1248 1217//1217 1249//1249
f 1248//1248 1249//1249 1280//1280
f 1249//1249 1250//1250 1282//1282
f 1249//1249 1282//1282 1281//1281
f 1250//1250 1251//1251 1283//1283
f 1250//1250 1283//1283 1282//1282
f 1251//1251 1252//1252 1284//1284
f 1251//1251 1284//1284 1283//1283
f 1252//1252 1253//1253 1285//1285
f 1252//1252 1285//1285 1284//1284
f 1253//1253 1254//1254 1286//1286
f 1253//1253 1286//1286 1285//1285
f 1254//1254 1255//1255 1287//1287
f 1254//1254 1287//1287 1286//1286
f 1255//1255 1256//1256 1288//1288
f 1255//1255 1288//1288 1287//1287
f 1256//1256 1257//1257 1289//1289
f 1256//1256 1289//1289 1288//1288
f 1257//1257 1258//1258 1290//1290
f 1257//1257 1290//1290 1289//1289
f 1258//1258 1259//1259 1291//1291
f 1258//1258 1291//1291 1290//1290
f 1259//1259 1260//1260 1292//1292
f 1259//1259 1292//1292 1291//1291
f 1260//1260 1261//1261 1293//1293
f 1260//1260 1293//1293 1292//1292
f 1261//1261 1262//1262 1294//1294
f 1261//1261 1294//1294 1293//1293
f 1262//1262 1263//1263 1295//1295
f 1262//1262 1295//1295 1294//1294
f 1263//1263 1264//1264 1296//1296
f 1263//1263 1296//1296 1295//1295
f 1264//1264 1265//1265 1297//1297
f 1264//1264 1297//1297 1296//1296
f 1265//1265 1266//1266 1298//1298
f 1265//1265 1298//1298 1297//1297
f 1266//1266 1267//1267 1299//1299
f 1266//1266 1299//1299 1298//1298
f 1267//1267 1268//1268 1300//1300
f 1267//1267 1300//1300 1299//1299
f 1268//1268 1269//1269 1301//1301
f 1268//1268 1301//1301 1300//1300
f 1269//1269 1270//1270 1302//1302
f 1269//1269 1302//1302 1301//1301
f 1270//1270 1271//1271 1303//1303
f 1270//1270 1303//1303 1302//1302
f 1271//1271 1272//1272 1304//1304
f 1271//1271 1304//1304 1303//1303
f 1272//1272 1273//1273 1305//1305
f 1272//1272 1305//1305 1304//1304
f 1273//1273 1274//1274 1306//1306
f 1273//1273 1306//1306 1305//1305
f 1274//1274 1275//1275 1307//1307
f 1274//1274 1307//1307 1306//1306
f 1275//1275 1276//1276 1308//1308
f 1275//1275 1308//1308 1307//1307
f 1276//1276 1277//1277 1309//1309
f 1276//1276 1309//1309 1308//1308
f 1277//1277 1278//1278 1310//1310
f 1277//1277 1310//1310 1309//1309
f 1278//1278 1279//1279 1311//1311
f 1278//1278 1311//1311 1310//1310
f 1279//1279 1280//1280 1312//1312
f 1279//1279 1312//1312 1311//1311
f 1280//1280 1249//1249 1281//1281
f 1280//1280 1281//1281 1312//1312
f 1281//1281 1282//1282 1314//1314
f 1281//1281 1314//1314 1313//1313
f 1282//1282 1283//1283 1315//1315
f 1282//1282 1315//1315 1314//1314
f 1283//1283 1284//1284 1316//1316
f 1283//1283 1316//1316 1315//1315
f 1284//1284 1285//1285 1317//1317
f 1284//1284 1317//1317 1316//1316
f 1285//1285 1286//1286 1318//1318
f 1285//1285 1318//1318 1317//1317
f 1286//1286 1287//1287 1319//1319
f 1286//1286 1319//1319 1318//1318
f 1287//1287 1288//1288 1320//1320
f 1287//1287 1320//1320 1319//1319
f 1288//1288 1289//1289 1321//1321
f 1288//1288 1321//1321 1320//1320
f 1289//1289 1290//1290 1322//1322
f 1289//1289 1322//1322 1321//1321
f 1290//1290 1291//1291 1323//1323
f 1290//1290 1323//1323 1322//1322
f 1291//1291 1292//1292 1324//1324
f 1291//1291 1324//1324 1323//1323
f 1292//1292 1293//1293 1325//1325
f 1292//1292 1325//1325 1324//1324
f 1293//1293 1294//1294 1326//1326
f 1293//1293 1326//1326 1325//1325
f 1294//1294 1295//1295 1327//1327
f 1294//1294 1327//1327 1326//1326
f 1295//1295 1296//1296 1328//1328
f 1295//1295 1328//1328 1327//1327
f 1296//1296 1297//1297 1329//1329
f 1296//1296 1329//1329 1328//1328
f 1297//1297 1298//1298 1330//1330
f 1297//1297 1330//1330 1329//1329
f 1298//1298 1299//1299 1331//1331
f 1298//1298 1331//1331 1330//1330
f 1299//1299 1300//1300 1332//1332
f 1299//1299 1332//1332 1331//1331
f 1300//1300 1301//1301 1333//1333
f 1300//1300 1333//1333 1332//1332
f 1301//1301 1302//1302 1334//1334
f 1301//1301 1334//1334 1333//1333
f 1302//1302 1303//1303 1335//1335
f 1302//1302 1335//1335 1334//1334
f 1303//1303 1304//1304 1336//1336
f 1303//1303 1336//1336 1335//1335
f 1304//1304 1305//1305 1337//1337
f 1304//1304 1337//1337 1336//1336
f 1305//1305 1306//1306 1338//1338
f 1305//1305 1338//1338 1337//1337
f 1306//1306 1307//1307 1339//1339
f 1306//1306 1339//1339 1338//1338
f 1307//1307 1308//1308 1340//1340
f 1307//1307 1340//1340 1339//1339
f 1308//1308 1309//1309 1341//1341
f 1308//1308 1341//1341 1340//1340
f 1309//1309 1310//1310 1342//1342
f 1309//1309 1342//1342 1341//1341
f 1310//1310 1311//1311 1343//1343
f 1310//1310 1343//1343 1342//1342
f 1311//1311 1312//1312 1344//1344
f 1311//1311 1344//1344 1343//1343
f 1312//1312 1281//1281 1313//1313
f 1312//1312 1313//1313 1344//1344
f 1313//1313 1314//1314 1346//1346
f 1313//1313 1346//1346 1345//1345
f 1314//1314 1315//1315 1347//1347
f 1314//1314 1347//1347 1346//1346
f 1315//1315 1316//1316 1348//1348
f 1315//1315 1348//1348 1347//1347
f 1316//1316 1317//1317 1349//1349
f 1316//1316 1349//1349 1348//1348
f 1317//1317 1318//1318 1350//1350
f 1317//1317 1350//1350 1349//1349
f 1318//1318 1319//1319 1351//1351
f 1318//1318 1351//1351 1350//1350
f 1319//1319 1320//1320 1352//1352
f 1319//1319 1352//1352 1351//1351
f 1320//1320 1321//1321 1353//1353
f 1320//1320 1353//1353 1352//1352
f 1321//1321 1322//1322 1354//1354
f 1321//1321 1354//1354 1353//1353
f 1322//1322 1323//1323 1355//1355
f 1322//1322 1355//1355 1354//1354
f 1323//1323 1324//1324 1356//1356
f 1323//1323 1356//1356 1355//1355
f 1324//1324 1325//1325 1357//1357
f 1324//1324 1357//1357 1356//1356
f 1325//1325 1326//1326 1358//1358
f 1325//1325 1358//1358 1357//1357
f 1326//1326 1327//1327 1359//1359
f 1326//1326 1359//1359 1358//1358
f 1327//1327 1328//1328 1360//1360
f 1327//1327 1360//1360 1359//1359
f 1328//1328 1329//1329 1361//1361
f 1328//1328 1361//1361 1360//1360
f 1329//1329 1330//1330 1362//1362
f 1329//1329 1362//1362 1361//1361
f 1330//1330 1331//1331 1363//1363
f 1330//1330 1363//1363 1362//1362
f 1331//1331 1332//1332 1364//1364
f 1331//1331 1364//1364 1363//1363
f 1332//1332 1333//1333 1365//1365
f 1332//1332 1365//1365 1364//1364
f 1333//1333 1334//1334 1366//1366
f 1333//1333 1366//1366 1365//1365
f 1334//1334 1335//1335 1367//1367
f 1334//1334 1367//1367 1366//1366
f 1335//1335 1336//1336 1368//1368
f 1335//1335 1368//1368 1367//1367
f 1336//1336 1337//1337 1369//1369
f 1336//1336 1369//1369 1368//1368
f 1337//1337 1338//1338 1370//1370
f 1337//1337 1370//1370 1369//1369
f 1338//1338 1339//1339 1371//1371
f 1338//1338 1371//1371 1370//1370
f 1339//1339 1340//1340 1372//1372
f 1339//1339 1372//1372 1371//1371
f 1340//1340 1341//1341 1373//1373
f 1340//1340 1373//1373 1372//1372
f 1341//1341 1342//1342 1374//1374
f 1341//1341 1374//1374 1373//1373
f 1342//1342 1343//1343 1375//1375
f 1342//1342 1375//1375 1374//1374
f 1343//1343 1344//1344 1376//1376
f 1343//1343 1376//1376 1375//1375
f 1344//1344 1313//1313 1345//1345
f 1344//1344 1345//1345 1376//1376
f 1345//1345 1346//1346 1378//1378
f 1345//1345 1378//1378 1377//1377
f 1346//1346 1347//1347 1379//1379
f 1346//1346 1379//1379 1378//1378
f 1347//1347 1348//1348 1380//1380
f 1347//1347 1380//1380 1379//1379
f 1348//1348 1349//1349 1381//1381
f 1348//1348 1381//1381 1380//1380
f 1349//1349 1350//1350 1382//1382
f 1349//1349 1382//1382 1381//1381
f 1350//1350 1351//1351 1383//1383
f 1350//1350 1383//1383 1382//1382
f 1351//1351 1352//1352 1384//1384
f 1351//1351 1384//1384 1383//1383
f 1352//1352 1353//1353 1385//1385
f 1352//1352 1385//1385 1384//1384
f 1353//1353 1354//1354 1386//1386
f 1353//1353 1386//1386 1385//1385
f 1354//1354 1355//1355 1387//1387
f 1354//1354 1387//1387 1386//1386
f 1355//1355 1356//1356 1388//1388
f 1355//1355 1388//1388 1387//1387
f 1356//1356 1357//1357 1389//1389
f 1356//1356 1389//1389 1388//1388
f 1357//1357 1358//1358 1390//1390
f 1357//1357 1390//1390 1389//1389
f 1358//1358 1359//1359 1391//1391
f 1358//1358 1391//1391 1390//1390
f 1359//1359 1360//1360 1392//1392
f 1359//1359 1392//1392 1391//1391
f 1360//1360 1361//1361 1393//1393
f 1360//1360 1393//1393 1392//1392
f 1361//1361 1362//1362 1394//1394
f 1361//1361 1394//1394 1393//1393
f 1362//1362 1363//1363 1395//1395
f 1362//1362 1395//1395 1394//1394
f 1363//1363 1364//1364 1396//1396
f 1363//1363 1396//1396 1395//1395
f 1364//1364 1365//1365 1397//1397
f 1364//1364 1397//1397 1396//1396
f 1365//1365 1366//1366 1398//1398
f 1365//1365 1398//1398 1397//1397
f 1366//1366 1367//1367 1399//1399
f 1366//1366 1399//1399 1398//1398
f 1367//1367 1368//1368 1400//1400
f 1367//1367 1400//1400 1399//1399
f 1368//1368 1369//1369 1401//1401
f 1368//1368 1401//1401 1400//1400
f 1369//1369 1370//1370 1402//1402
f 1369//1369 1402//1402 1401//1401
f 1370//1370 1371//1371 1403//1403
f 1370//1370 1403//1403 1402//1402
f 1371//1371 1372//1372 1404//1404
f 1371//1371 1404//1404 1403//1403
f 1372//1372 1373//1373 1405//1405
f 1372//1372 1405//1405 1404//1404
f 1373//1373 1374//1374 1406//1406
f 1373//1373 1406//1406 1405//1405
f 1374//1374 1375//1375 1407//1407
f 1374//1374 1407//1407 1406//1406
f 1375//1375 1376//1376 1408//1408
f 1375//1375 1408//1408 1407//1407
f 1376//1376 1345//1345 1377//1377
f 1376//1376 1377//1377 1408//1408
f 1377//1377 1378//1378 1410//1410
f 1377//1377 1410//1410 1409//1409
f 1378//1378 1379//1379 1411//1411
f 1378//1378 1411//1411 1410//1410
f 1379//1379 1380//1380 1412//1412
f 1379//1379 1412//1412 1411//1411
f 1380//1380 1381//1381 1413//1413
f 1380//1380 1413//1413 1412//1412
f 1381//1381 1382//1382 1414//1414
f 1381//1381 1414//1414 1413//1413
f 1382//1382 1383//1383 1415//1415
f 1382//1382 1415//1415 1414//1414
f 1383//1383 1384//1384 1416//1416
f 1383//1383 1416//1416 1415//1415
f 1384//1384 1385//1385 1417//1417
f 1384//1384 1417//1417 1416//1416
f 1385//1385 1386//1386 1418//1418
f 1385//1385 1418//1418 1417//1417
f 1386//1386 1387//1387 1419//1419
f 1386//1386 1419//1419 1418//1418
f 1387//1387 1388//1388 1420//1420
f 1387//1387 1420//1420 1419//1419
f 1388//1388 1389//1389 1421//1421
f 1388//1388 1421//1421 1420//1420
f 1389//1389 1390//1390 1422//1422
f 1389//1389 1422//1422 1421//1421
f 1390//1390 1391//1391 1423//1423
f 1390//1390 1423//1423 1422//1422
f 1391//1391 1392//1392 1424//1424
f 1391//1391 1424//1424 1423//1423
f 1392//1392 1393//1393 1425//1425
f 1392//1392 1425//1425 1424//1424
f 1393//1393 1394//1394 1426//1426
f 1393//1393 1426//1426 1425//1425
f 1394//1394 1395//1395 1427//1427
f 1394//1394 1427//1427 1426//1426
f 1395//1395 1396//1396 1428//1428
f 1395//1395 1428//1428 1427//1427
f 1396//1396 1397//1397 1429//1429
f 1396//1396 1429//1429 1428//1428
f 1397//1397 1398//1398 1430//1430
f 1397//1397 1430//1430 1429//1429
f 1398//1398 1399//1399 1431//1431
f 1398//1398 1431//1431 1430//1430
f 1399//1399 1400//1400 1432//1432
f 1399//1399 1432//1432 1431//1431
f 1400//1400 1401//1401 1433//1433
f 1400//1400 1433//1433 1432//1432
f 1401//1401 1402//1402 1434//1434
f 1401//1401 1434//1434 1433//1433
f 1402//1402 1403//1403 1435//1435
f 1402//1402 1435//1435 1434//1434
f 1403//1403 1404//1404 1436//1436
f 1403//1403 1436//1436 1435//1435
f 1404//1404 1405//1405 1437//1437
f 1404//1404 1437//1437 1436//1436
f 1405//1405 1406//1406 1438//1438
f 1405//1405 1438//1438 1437//1437
f 1406//1406 1407//1407 1439//1439
f 1406//1406 1439//1439 1438//1438
f 1407//1407 1408//1408 1440//1440
f 1407//1407 1440//1440 1439//1439
f 1408//1408 1377//1377 1409//1409
f 1408//1408 1409//1409 1440//1440
f 1409//1409 1410//1410 1442//1442
f 1409//1409 1442//1442 1441//1441
f 1410//1410 1411//1411 1443//1443
f 1410//1410 1443//1443 1442//1442
f 1411//1411 1412//1412 1444//1444
f 1411//1411 1444//1444 1443//1443
f 1412//1412 1413//1413 1445//1445
f 1412//1412 1445//1445 1444//1444
f 1413//1413 1414//1414 1446//1446
f 1413//1413 1446//1446 1445//1445
f 1414//1414 1415//1415 1447//1447
f 1414//1414 1447//1447 1446//1446
f 1415//1415 1416//1416 1448//1448
f 1415//1415 1448//1448 1447//1447
f 1416//1416 1417//1417 1449//1449
f 1416//1416 1449//1449 1448//1448
f 1417//1417 1418//1418 1450//1450
f 1417//1417 1450//1450 1449//1449
f 1418//1418 1419//1419 1451//1451
f 1418//1418 1451//1451 1450//1450
f 1419//1419 1420//1420 1452//1452
f 1419//1419 1452//1452 1451//1451
f 1420//1420 1421//1421 1453//1453
f 1420//1420 1453//1453 1452//1452
f 1421//1421 1422//1422 1454//1454
f 1421//1421 1454//1454 1453//1453
f 1422//1422 1423//1423 1455//1455
f 1422//1422 1455//1455 1454//1454
f 1423//1423 1424//1424 1456//1456
f 1423//1423 1456//1456 1455//1455
f 1424//1424 1425//1425 1457//1457
f 1424//1424 1457//1457 1456//1456
f 1425//1425 1426//1426 1458//1458
f 1425//1425 1458//1458 1457//1457
f 1426//1426 1427//1427 1459//1459
f 1426//1426 1459//1459 1458//1458
f 1427//1427 1428//1428 1460//1460
f 1427//1427 1460//1460 1459//1459
f 1428//1428 1429//1429 1461//1461
f 1428//1428 1461//1461 1460//1460
f 1429//1429 1430//1430 1462//1462
f 1429//1429 1462//1462 1461//1461
f 1430//1430 1431//1431 1463//1463
f 1430//1430 1463//1463 1462//1462
f 1431//1431 1432//1432 1464//1464
f 1431//1431 1464//1464 1463//1463
f 1432//1432 1433//1433 1465//1465
f 1432//1432 1465//1465 1464//1464
f 1433//1433 1434//1434 1466//1466
f 1433//1433 1466//1466 1465//1465
f 1434//1434 1435//1435 1467//1467
f 1434//1434 1467//1467 1466//1466
f 1435//1435 1436//1436 1468//1468
f 1435//1435 1468//1468 1467//1467
f 1436//1436 1437//1437 1469//1469
f 1436//1436 1469//1469 1468//1468
f 1437//1437 1438//1438 1470//1470
f 1437//1437 1470//1470 1469//1469
f 1438//1438 1439//1439 1471//1471
f 1438//1438 1471//1471 1470//1470
f 1439//1439 1440//1440 1472//1472
f 1439//1439 1472//1472 1471//1471
f 1440//1440 1409//1409 1441//1441
f 1440//1440 1441//1441 1472//1472
f 1441//1441 1442//1442 1474//1474
f 1441//1441 1474//1474 1473//1473
f 1442//1442 1443//1443 1475//1475
f 1442//1442 1475//1475 1474//1474
f 1443//1443 1444//1444 1476//1476
f 1443//1443 1476//1476 1475//1475
f 1444//1444 1445//1445 1477//1477
f 1444//1444 1477//1477 1476//1476
f 1445//1445 1446//1446 1478//1478
f 1445//1445 1478//1478 1477//1477
f 1446//1446 1447//1447 1479//1479
f 1446//1446 1479//1479 1478//1478
f 1447//1447 1448//1448 1480//1480
f 1447//1447 1480//1480 1479//1479
f 1448//1448 1449//1449 1481//1481
f 1448//1448 1481//1481 1480//1480
f 1449//1449 1450//1450 1482//1482
f 1449//1449 1482//1482 1481//1481
f 1450//1450 1451//1451 1483//1483
f 1450//1450 1483//1483 1482//1482
f 1451//1451 1452//1452 1484//1484
f 1451//1451 1484//1484 1483//1483
f 1452//1452 1453//1453 1485//1485
f 1452//1452 1485//1485 1484//1484
f 1453//1453 1454//1454 1486//1486
f 1453//1453 1486//1486 1485//1485
f 1454//1454 1455//1455 1487//1487
f 1454//1454 1487//1487 1486//1486
f 1455//1455 1456//1456 1488//1488
f 1455//1455 1488//1488 1487//1487
f 1456//1456 1457//1457 1489//1489
f 1456//1456 1489//1489 1488//1488
f 1457//1457 1458//1458 1490//1490
f 1457//1457 1490//1490 1489//1489
f 1458//1458 1459//1459 1491//1491
f 1458//1458 1491//1491 1490//1490
f 1459//1459 1460//1460 1492//1492
f 1459//1459 1492//1492 1491//1491
f 1460//1460 1461//1461 1493//1493
f 1460//1460 1493//1493 1492//1492
f 1461//1461 1462//1462 1494//1494
f 1461//1461 1494//1494 1493//1493
f 1462//1462 1463//1463 1495//1495
f 1462//1462 1495//1495 1494//1494
f 1463//1463 1464//1464 1496//1496
f 1463//1463 1496//1496 1495//1495
f 1464//1464 1465//1465 1497//1497
f 1464//1464 1497//1497 1496//1496
f 1465//1465 1466//1466 1498//1498
f 1465//1465 1498//1498 1497//1497
f 1466//1466 1467//1467 1499//1499
f 1466//1466 1499//1499 1498//1498
f 1467//1467 1468//1468 1500//1500
f 1467//1467 1500//1500 1499//1499
f 1468//1468 1469//1469 1501//1501
f 1468//1468 1501//1501 1500//1500
f 1469//1469 1470//1470 1502//1502
f 1469//1469 1502//1502 1501//1501
f 1470//1470 1471//1471 1503//1503
f 1470//1470 1503//1503 1502//1502
f 1471//1471 1472//1472 1504//1504
f 1471//1471 1504//1504 1503//1503
f 1472//1472 1441//1441 1473//1473
f 1472//1472 1473//1473 1504//1504
f 1473//1473 1474//1474 1506//1506
f 1473//1473 1506//1506 1505//1505
f 1474//1474 1475//1475 1507//1507
f 1474//1474 1507//1507 1506//1506
f 1475//1475 1476//1476 1508//1508
f 1475//1475 1508//1508 1507//1507
f 1476//1476 1477//1477 1509//1509
f 1476//1476 1509//1509 1508//1508
f 1477//1477 1478//1478 1510//1510
f 1477//1477 1510//1510 1509//1509
f 1478//1478 1479//1479 1511//1511
f 1478//1478 1511//1511 1510//1510
f 1479//1479 1480//1480 1512//1512
f 1479//1479 1512//1512 1511//1511
f 1480//1480 1481//1481 1513//1513
f 1480//1480 1513//1513 1512//1512
f 1481//1481 1482//1482 1514//1514
f 1481//1481 1514//1514 1513//1513
f 1482//1482 1483//1483 1515//1515
f 1482//1482 1515//1515 1514//1514
f 1483//1483 1484//1484 1516//1516
f 1483//1483 1516//1516 1515//1515
f 1484//1484 1485//1485 1517//1517
f 1484//1484 1517//1517 1516//1516
f 1485//1485 1486//1486 1518//1518
f 1485//1485 1518//1518 1517//1517
f 1486//1486 1487//1487 1519//1519
f 1486//1486 1519//1519 1518//1518
f 1487//1487 1488//1488 1520//1520
f 1487//1487 1520//1520 1519//1519
f 1488//1488 1489//1489 1521//1521
f 1488//1488 1521//1521 1520//1520
f 1489//1489 1490//1490 1522//1522
f 1489//1489 1522//1522 1521//1521
f 1490//1490 1491//1491 1523//1523
f 1490//1490 1523//1523 1522//1522
f 1491//1491 1492//1492 1524//1524
f 1491//1491 1524//1524 1523//1523
f 1492//1492 1493//1493 1525//1525
f 1492//1492 1525//1525 1524//1524
f 1493//1493 1494//1494 1526//1526
f 1493//1493 1526//1526 1525//1525
f 1494//1494 1495//1495 1527//1527
f 1494//1494 1527//1527 1526//1526
f 1495//1495 1496//1496 1528//1528
f 1495//1495 1528//1528 1527//1527
f 1496//1496 1497//1497 1529//1529
f 1496//1496 1529//1529 1528//1528
f 1497//1497 1498//1498 1530//1530
f 1497//1497 1530//1530 1529//1529
f 1498//1498 1499//1499 1531//1531
f 1498//1498 1531//1531 1530//1530
f 1499//1499 1500//1500 1532//1532
f 1499//1499 1532//1532 1531//1531
f 1500//1500 1501//1501 1533//1533
f 1500//1500 1533//1533 1532//1532
f 1501//1501 1502//1502 1534//1534
f 1501//1501 1534//1534 1533//1533
f 1502//1502 1503//1503 1535//1535
f 1502//1502 1535//1535 1534//1534
f 1503//1503 1504//1504 1536//1536
f 1503//1503 1536//1536 1535//1535
f 1504//1504 1473//1473 1505//1505
f 1504//1504 1505//1505 1536//1536
f 1505//1505 1506//1506 1538//1538
f 1505//1505 1538//1538 1537//1537
f 1506//1506 1507//1507 1539//1539
f 1506//1506 1539//1539 1538//1538
f 1507//1507 1508//1508 1540//1540
f 1507//1507 1540//1540 1539//1539
f 1508//1508 1509//1509 1541//1541
f 1508//1508 1541//1541 1540//1540
f 1509//1509 1510//1510 1542//1542
f 1509//1509 1542//1542 1541//1541
f 1510//1510 1511//1511 1543//1543
f 1510//1510 1543//1543 1542//1542
f 1511//1511 1512//1512 1544//1544
f 1511//1511 1544//1544 1543//1543
f 1512//1512 1513//1513 1545//1545
f 1512//1512 1545//1545 1544//1544
f 1513//1513 1514//1514 1546//1546
f 1513//1513 1546//1546 1545//1545
f 1514//1514 1515//1515 1547//1547
f 1514//1514 1547//1547 1546//1546
f 1515//1515 1516//1516 1548//1548
f 1515//1515 1548//1548 1547//1547
f 1516//1516 1517//1517 1549//1549
f 1516//1516 1549//1549 1548//1548
f 1517//1517 1518//1518 1550//1550
f 1517//1517 1550//1550 1549//1549
f 1518//1518 1519//1519 1551//1551
f 1518//1518 1551//1551 1550//1550
f 1519//1519 1520//1520 1552//1552
f 1519//1519 1552//1552 1551//1551
f 1520//1520 1521//1521 1553//1553
f 1520//1520 1553//1553 1552//1552
f 1521//1521 1522//1522 1554//1554
f 1521//1521 1554//1554 1553//1553
f 1522//1522 1523//1523 1555//1555
f 1522//1522 1555//1555 1554//1554
f 1523//1523 1524//1524 1556//1556
f 1523//1523 1556//1556 1555//1555
f 1524//1524 1525//1525 1557//1557
f 1524//1524 1557//1557 1556//1556
f 1525//1525 1526//1526 1558//1558
f 1525//1525 1558//1558 1557//1557
f 1526//1526 1527//1527 1559//1559
f 1526//1526 1559//1559 1558//1558
f 1527//1527 1528//1528 1560//1560
f 1527//1527 1560//1560 1559//1559
f 1528//1528 1529//1529 1561//1561
f 1528//1528 1561//1561 1560//1560
f 1529//1529 1530//1530 1562//1562
f 1529//1529 1562//1562 1561//1561
f 1530//1530 1531//1531 1563//1563
f 1530//1530 1563//1563 1562//1562
f 1531//1531 1532//1532 1564//1564
f 1531//1531 1564//1564 1563//1563
f 1532//1532 1533//1533 1565//1565
f 1532//1532 1565//1565 1564//1564
f 1533//1533 1534//1534 1566//1566
f 1533//1533 1566//1566 1565//1565
f 1534//1534 1535//1535 1567//1567
f 1534//1534 1567//1567 1566//1566
f 1535//1535 1536//1536 1568//1568
f 1535//1535 1568//1568 1567//1567
f 1536//1536 1505//1505 1537//1537
f 1536//1536 1537//1537 1568//1568
f 1537//1537 1538//1538 1570//1570
f 1537//1537 1570//1570 1569//1569
f 1538//1538 1539//1539 1571//1571
f 1538//1538 1571//1571 1570//1570
f 1539//1539 1540//1540 1572//1572
f 1539//1539 1572//1572 1571//1571
f 1540//1540 1541//1541 1573//1573
f 1540//1540 1573//1573 1572//1572
f 1541//1541 1542//1542 1574//1574
f 1541//1541 1574//1574 1573//1573
f 1542//1542 1543//1543 1575//1575
f 1542//1542 1575//1575 1574//1574
f 1543//1543 1544//1544 1576//1576
f 1543//1543 1576//1576 1575//1575
f 1544//1544 1545//1545 1577//1577
f 1544//1544 1577//1577 1576//1576
f 1545//1545 1546//1546 1578//1578
f 1545//1545 1578//1578 1577//1577
f 1546//1546 1547//1547 1579//1579
f 1546//1546 1579//1579 1578//1578
f 1547//1547 1548//1548 1580//1580
f 1547//1547 1580//1580 1579//1579
f 1548//1548 1549//1549 1581//1581
f 1548//1548 1581//1581 1580//1580
f 1549//1549 1550//1550 1582//1582
f 1549//1549 1582//1582 1581//1581
f 1550//1550 1551//1551 1583//1583
f 1550//1550 1583//1583 1582//1582
f 1551//1551 1552//1552 1584//1584
f 1551//1551 1584//1584 1583//1583
f 1552//1552 1553//1553 1585//1585
f 1552//1552 1585//1585 1584//1584
f 1553//1553 1554//1554 1586//1586
f 1553//1553 1586//1586 1585//1585
f 1554//1554 1555//1555 1587//1587
f 1554//1554 1587//1587 1586//1586
f 1555//1555 1556//1556 1588//1588
f 1555//1555 1588//1588 1587//1587
f 1556//1556 1557//1557 1589//1589
f 1556//1556 1589//1589 1588//1588
f 1557//1557 1558//1558 1590//1590
f 1557//1557 1590//1590 1589//1589
f 1558//1558 1559//1559 1591//1591
f 1558//1558 1591//1591 1590//1590
f 1559//1559 1560//1560 1592//1592
f 1559//1559 1592//1592 1591//1591
f 1560//1560 1561//1561 1593//1593
f 1560//1560 1593//1593 1592//1592
f 1561//1561 1562//1562 1594//1594
f 1561//1561 1594//1594 1593//1593
f 1562//1562 1563//1563 1595//1595
f 1562//1562 1595//1595 1594//1594
f 1563//1563 1564//1564 1596//1596
f 1563//1563 1596//1596 1595//1595
f 1564//1564 1565//1565 1597//1597
f 1564//1564 1597//1597 1596//1596
f 1565//1565 1566//1566 1598//1598
f 1565//1565 1598//1598 1597//1597
f 1566//1566 1567//1567 1599//1599
f 1566//1566 1599//1599 1598//1598
f 1567//1567 1568//1568 1600//1600
f 1567//1567 1600//1600 1599//1599
f 1568//1568 1537//1537 1569//1569
f 1568//1568 1569//1569 1600//1600
f 1569//1569 1570//1570 1602//1602
f 1569//1569 1602//1602 1601//1601
f 1570//1570 1571//1571 1603//1603
f 1570//1570 1603//1603 1602//1602
f 1571//1571 1572//1572 1604//1604
f 1571//1571 1604//1604 1603//1603
f 1572//1572 1573//1573 1605//1605
f 1572//1572 1605//1605 1604//1604
f 1573//1573 1574//1574 1606//1606
f 1573//1573 1606//1606 1605//1605
f 1574//1574 1575//1575 1607//1607
f 1574//1574 1607//1607 1606//1606
f 1575//1575 1576//1576 1608//1608
f 1575//1575 1608//1608 1607//1607
f 1576//1576 1577//1577 1609//1609
f 1576//1576 1609//1609 1608//1608
f 1577//1577 1578//1578 1610//1610
f 1577//1577 1610//1610 1609//1609
f 1578//1578 1579//1579 1611//1611
f 1578//1578 1611//1611 1610//1610
f 1579//1579 1580//1580 1612//1612
f 1579//1579 1612//1612 1611//1611
f 1580//1580 1581//1581 1613//1613
f 1580//1580 1613//1613 1612//1612
f 1581//1581 1582//1582 1614//1614
f 1581//1581 1614//1614 1613//1613
f 1582//1582 1583//1583 1615//1615
f 1582//1582 1615//1615 1614//1614
f 1583//1583 1584//1584 1616//1616
f 1583//1583 1616//1616 1615//1615
f 1584//1584 1585//1585 1617//1617
f 1584//1584 1617//1617 1616//1616
f 1585//1585 1586//1586 1618//1618
f 1585//1585 1618//1618 1617//1617
f 1586//1586 1587//1587 1619//1619
f 1586//1586 1619//1619 1618//1618
f 1587//1587 1588//1588 1620//1620
f 1587//1587 1620//1620 1619//1619
f 1588//1588 1589//1589 1621//1621
f 1588//1588 1621//1621 1620//1620
f 1589//1589 1590//1590 1622//1622
f 1589//1589 1622//1622 1621//1621
f 1590//1590 1591//1591 1623//1623
f 1590//1590 1623//1623 1622//1622
f 1591//1591 1592//1592 1624//1624
f 1591//1591 1624//1624 1623//1623
f 1592//1592 1593//1593 1625//1625
f 1592//1592 1625//1625 1624//1624
f 1593//1593 1594//1594 1626//1626
f 1593//1593 1626//1626 1625//1625
f 1594//1594 1595//1595 1627//1627
f 1594//1594 1627//1627 1626//1626
f 1595//1595 1596//1596 1628//1628
f 1595//1595 1628//1628 1627//1627
f 1596//1596 1597//1597 1629//1629
f 1596//1596 1629//1629 1628//1628
f 1597//1597 1598//1598 1630//1630
f 1597//1597 1630//1630 1629//1629
f 1598//1598 1599//1599 1631//1631
f 1598//1598 1631//1631 1630//1630
f 1599//1599 1600//1600 1632//1632
f 1599//1599 1632//1632 1631//1631
f 1600//1600 1569//1569 1601//1601
f 1600//1600 1601//1601 1632//1632
f 1601//1601 1602//1602 1634//1634
f 1601//1601 1634//1634 1633//1633
f 1602//1602 1603//1603 1635//1635
f 1602//1602 1635//1635 1634//1634
f 1603//1603 1604//1604 1636//1636
f 1603//1603 1636//1636 1635//1635
f 1604//1604 1605//1605 1637//1637
f 1604//1604 1637//1637 1636//1636
f 1605//1605 1606//1606 1638//1638
f 1605//1605 1638//1638 1637//1637
f 1606//1606 1607//1607 1639//1639
f 1606//1606 1639//1639 1638//1638
f 1607//1607 1608//1608 1640//1640
f 1607//1607 1640//1640 1639//1639
f 1608//1608 1609//1609 1641//1641
f 1608//1608 1641//1641 1640//1640
f 1609//1609 1610//1610 1642//1642
f 1609//1609 1642//1642 1641//1641
f 1610//1610 1611//1611 1643//1643
f 1610//1610 1643//1643 1642//1642
f 1611//1611 1612//1612 1644//1644
f 1611//1611 1644//1644 1643//1643
f 1612//1612 1613//1613 1645//1645
f 1612//1612 1645//1645 1644//1644
f 1613//1613 1614//1614 1646//1646
f 1613//1613 1646//1646 1645//1645
f 1614//1614 1615//1615 1647//1647
f 1614//1614 1647//1647 1646//1646
f 1615//1615 1616//1616 1648//1648
f 1615//1615 1648//1648 1647//1647
f 1616//1616 1617//1617 1649//1649
f 1616//1616 1649//1649 1648//1648
f 1617//1617 1618//1618 1650//1650
f 1617//1617 1650//1650 1649//1649
f 1618//1618 1619//1619 1651//1651
f 1618//1618 1651//1651 1650//1650
f 1619//1619 1620//1620 1652//1652
f 1619//1619 1652//1652 1651//1651
f 1620//1620 1621//1621 1653//1653
f 1620//1620 1653//1653 1652//1652
f 1621//1621 1622//1622 1654//1654
f 1621//1621 1654//1654 1653//1653
f 1622//1622 1623//1623 1655//1655
f 1622//1622 1655//1655 1654//1654
f 1623//1623 1624//1624 1656//1656
f 1623//1623 1656//1656 1655//1655
f 1624//1624 1625//1625 1657//1657
f 1624//1624 1657//1657 1656//1656
f 1625//1625 1626//1626 1658//1658
f 1625//1625 1658//1658 1657//1657
f 1626//1626 1627//1627 1659//1659
f 1626//1626 1659//1659 1658//1658
f 1627//1627 1628//1628 1660//1660
f 1627//1627 1660//1660 1659//1659
f 1628//1628 1629//1629 1661//1661
f 1628//1628 1661//1661 1660//1660
f 1629//1629 1630//1630 1662//1662
f 1629//1629 1662//1662 1661//1661
f 1630//1630 1631//1631 1663//1663
f 1630//1630 1663//1663 1662//1662
f 1631//1631 1632//1632 1664//1664
f 1631//1631 1664//1664 1663//1663
f 1632//1632 1601//1601 1633//1633
f 1632//1632 1633//1633 1664//1664
f 1633//1633 1634//1634 1666//1666
f 1633//1633 1666//1666 1665//1665
f 1634//1634 1635//1635 1667//1667
f 1634//1634 1667//1667 1666//1666
f 1635//1635 1636//1636 1668//1668
f 1635//1635 1668//1668 1667//1667
f 1636//1636 1637//1637 1669//1669
f 1636//1636 1669//1669 1668//1668
f 1637//1637 1638//1638 1670//1670
f 1637//1637 1670//1670 1669//1669
f 1638//1638 1639//1639 1671//1671
f 1638//1638 1671//1671 1670//1670
f 1639//1639 1640//1640 1672//1672
f 1639//1639 1672//1672 1671//1671
f 1640//1640 1641//1641 1673//1673
f 1640//1640 1673//1673 1672//1672
f 1641//1641 1642//1642 1674//1674
f 1641//1641 1674//1674 1673//1673
f 1642//1642 1643//1643 1675//1675
f 1642//1642 1675//1675 1674//1674
f 1643//1643 1644//1644 1676//1676
f 1643//1643 1676//1676 1675//1675
f 1644//1644 1645//1645 1677//1677
f 1644//1644 1677//1677 1676//1676
f 1645//1645 1646//1646 1678//1678
f 1645//1645 1678//1678 1677//1677
f 1646//1646 1647//1647 1679//1679
f 1646//1646 1679//1679 1678//1678
f 1647//1647 1648//1648 1680//1680
f 1647//1647 1680//1680 1679//1679
f 1648//1648 1649//1649 1681//1681
f 1648//1648 1681//1681 1680//1680
f 1649//1649 1650//1650 1682//1682
f 1649//1649 1682//1682 1681//1681
f 1650//1650 1651//1651 1683//1683
f 1650//1650 1683//1683 1682//1682
f 1651//1651 1652//1652 1684//1684
f 1651//1651 1684//1684 1683//1683
f 1652//1652 1653//1653 1685//1685
f 1652//1652 1685//1685 1684//1684
f 1653//1653 1654//1654 1686//1686
f 1653//1653 1686//1686 1685//1685
f 1654//1654 1655//1655 1687//1687
f 1654//1654 1687//1687 1686//1686
f 1655//1655 1656//1656 1688//1688
f 1655//1655 1688//1688 1687//1687
f 1656//1656 1657//1657 1689//1689
f 1656//1656 1689//1689 1688//1688
f 1657//1657 1658//1658 1690//1690
f 1657//1657 1690//1690 1689//1689
f 1658//1658 1659//1659 1691//1691
f 1658//1658 1691//1691 1690//1690
f 1659//1659 1660//1660 1692//1692
f 1659//1659 1692//1692 1691//1691
f 1660//1660 1661//1661 1693//1693
f 1660//1660 1693//1693 1692//1692
f 1661//1661 1662//1662 1694//1694
f 1661//1661 1694//1694 1693//1693
f 1662//1662 1663//1663 1695//1695
f 1662//1662 1695//1695 1694//1694
f 1663//1663 1664//1664 1696//1696
f 1663//1663 1696//1696 1695//1695
f 1664//1664 1633//1633 1665//1665
f 1664//1664 1665//1665 1696//1696
f 1665//1665 1666//1666 1698//1698
f 1665//1665 1698//1698 1697//1697
f 1666//1666 1667//1667 1699//1699
f 1666//1666 1699//1699 1698//1698
f 1667//1667 1668//1668 1700//1700
f 1667//1667 1700//1700 1699//1699
f 1668//1668 1669//1669 1701//1701
f 1668//1668 1701//1701 1700//1700
f 1669//1669 1670//1670 1702//1702
f 1669//1669 1702//1702 1701//1701
f 1670//1670 1671//1671 1703//1703
f 1670//1670 1703//1703 1702//1702
f 1671//1671 1672//1672 1704//1704
f 1671//1671 1704//1704 1703//1703
f 1672//1672 1673//1673 1705//1705
f 1672//1672 1705//1705 1704//1704
f 1673//1673 1674//1674 1706//1706
f 1673//1673 1706//1706 1705//1705
f 1674//1674 1675//1675 1707//1707
f 1674//1674 1707//1707 1706//1706
f 1675//1675 1676//1676 1708//1708
f 1675//1675 1708//1708 1707//1707
f 1676//1676 1677//1677 1709//1709
f 1676//1676 1709//1709 1708//1708
f 1677//1677 1678//1678 1710//1710
f 1677//1677 1710//1710 1709//1709
f 1678//1678 1679//1679 1711//1711
f 1678//1678 1711//1711 1710//1710
f 1679//1679 1680//1680 1712//1712
f 1679//1679 1712//1712 1711//1711
f 1680//1680 1681//1681 1713//1713
f 1680//1680 1713//1713 1712//1712
f 1681//1681 1682//1682 1714//1714
f 1681//1681 1714//1714 1713//1713
f 1682//1682 1683//1683 1715//1715
f 1682//1682 1715//1715 1714//1714
f 1683//1683 1684//1684 1716//1716
f 1683//1683 1716//1716 1715//1715
f 1684//1684 1685//1685 1717//1717
f 1684//1684 1717//1717 1716//1716
f 1685//1685 1686//1686 1718//1718
f 1685//1685 1718//1718 1717//1717
f 1686//1686 1687//1687 1719//1719
f 1686//1686 1719//1719 1718//1718
f 1687//1687 1688//1688 1720//1720
f 1687//1687 1720//1720 1719//1719
f 1688//1688 1689//1689 1721//1721
f 1688//1688 1721//1721 1720//1720
f 1689//1689 1690//1690 1722//1722
f 1689//1689 1722//1722 1721//1721
f 1690//1690 1691//1691 1723//1723
f 1690//1690 1723//1723 1722//1722
f 1691//1691 1692//1692 1724//1724
f 1691//1691 1724//1724 1723//1723
f 1692//1692 1693//1693 1725//1725
f 1692//1692 1725//1725 1724//1724
f 1693//1693 1694//1694 1726//1726
f 1693//1693 1726//1726 1725//1725
f 1694//1694 1695//1695 1727//1727
f 1694//1694 1727//1727 1726//1726
f 1695//1695 1696//1696 1728//1728
f 1695//1695 1728//1728 1727//1727
f 1696//1696 1665//1665 1697//1697
f 1696//1696 1697//1697 1728//1728
f 1697//1697 1698//1698 1730//1730
f 1697//1697 1730//1730 1729//1729
f 1698//1698 1699//1699 1731//1731
f 1698//1698 1731//1731 1730//1730
f 1699//1699 1700//1700 1732//1732
f 1699//1699 1732//1732 1731//1731
f 1700//1700 1701//1701 1733//1733
f 1700//1700 1733//1733 1732//1732
f 1701//1701 1702//1702 1734//1734
f 1701//1701 1734//1734 1733//1733
f 1702//1702 1703//1703 1735//1735
f 1702//1702 1735//1735 1734//1734
f 1703//1703 1704//1704 1736//1736
f 1703//1703 1736//1736 1735//1735
f 1704//1704 1705//1705 1737//1737
f 1704//1704 1737//1737 1736//1736
f 1705//1705 1706//1706 1738//1738
f 1705//1705 1738//1738 1737//1737
f 1706//1706 1707//1707 1739//1739
f 1706//1706 1739//1739 1738//1738
f 1707//1707 1708//1708 1740//1740
f 1707//1707 1740//1740 1739//1739
f 1708//1708 1709//1709 1741//1741
f 1708//1708 1741//1741 1740//1740
f 1709//1709 1710//1710 1742//1742
f 1709//1709 1742//1742 1741//1741
f 1710//1710 1711//1711 1743//1743
f 1710//1710 1743//1743 1742//1742
f 1711//1711 1712//1712 1744//1744
f 1711//1711 1744//1744 1743//1743
f 1712//1712 1713//1713 1745//1745
f 1712//1712 1745//1745 1744//1744
f 1713//1713 1714//1714 1746//1746
f 1713//1713 1746//1746 1745//1745
f 1714//1714 1715//1715 1747//1747
f 1714//1714 1747//1747 1746//1746
f 1715//1715 1716//1716 1748//1748
f 1715//1715 1748//1748 1747//1747
f 1716//1716 1717//1717 1749//1749
f 1716//1716 1749//1749 1748//1748
f 1717//1717 1718//1718 1750//1750
f 1717//1717 1750//1750 1749//1749
f 1718//1718 1719//1719 1751//1751
f 1718//1718 1751//1751 1750//1750
f 1719//1719 1720//1720 1752//1752
f 1719//1719 1752//1752 1751//1751
f 1720//1720 1721//1721 1753//1753
f 1720//1720 1753//1753 1752//1752
f 1721//1721 1722//1722 1754//1754
f 1721//1721 1754//1754 1753//1753
f 1722//1722 1723//1723 1755//1755
f 1722//1722 1755//1755 1754//1754
f 1723//1723 1724//1724 1756//1756
f 1723//1723 1756//1756 1755//1755
f 1724//1724 1725//1725 1757//1757
f 1724//1724 1757//1757 1756//1756
f 1725//1725 1726//1726 1758//1758
f 1725//1725 1758//1758 1757//1757
f 1726//1726 1727//1727 1759//1759
f 1726//1726 1759//1759 1758//1758
f 1727//1727 1728//1728 1760//1760
f 1727//1727 1760//1760 1759//1759
f 1728//1728 1697//1697 1729//1729
f 1728//1728 1729//1729 1760//1760
f 1729//1729 1730//1730 1762//1762
f 1729//1729 1762//1762 1761//1761
f 1730//1730 1731//1731 1763//1763
f 1730//1730 1763//1763 1762//1762
f 1731//1731 1732//1732 1764//1764
f 1731//1731 1764//1764 1763//1763
f 1732//1732 1733//1733 1765//1765
f 1732//1732 1765//1765 1764//1764
f 1733//1733 1734//1734 1766//1766
f 1733//1733 1766//1766 1765//1765
f 1734//1734 1735//1735 1767//1767
f 1734//1734 1767//1767 1766//1766
f 1735//1735 1736//1736 1768//1768
f 1735//1735 1768//1768 1767//1767
f 1736//1736 1737//1737 1769//1769
f 1736//1736 1769//1769 1768//1768
f 1737//1737 1738//1738 1770//1770
f 1737//1737 1770//1770 1769//1769
f 1738//1738 1739//1739 1771//1771
f 1738//1738 1771//1771 1770//1770
f 1739//1739 1740//1740 1772//1772
f 1739//1739 1772//1772 1771//1771
f 1740//1740 1741//1741 1773//1773
f 1740//1740 1773//1773 1772//1772
f 1741//1741 1742//1742 1774//1774
f 1741//1741 1774//1774 1773//1773
f 1742//1742 1743//1743 1775//1775
f 1742//1742 1775//1775 1774//1774
f 1743//1743 1744//1744 1776//1776
f 1743//1743 1776//1776 1775//1775
f 1744//1744 1745//1745 1777//1777
f 1744//1744 1777//1777 1776//1776
f 1745//1745 1746//1746 1778//1778
f 1745//1745 1778//1778 1777//1777
f 1746//1746 1747//1747 1779//1779
f 1746//1746 1779//1779 1778//1778
f 1747//1747 1748//1748 1780//1780
f 1747//1747 1780//1780 1779//1779
f 1748//1748 1749//1749 1781//1781
f 1748//1748 1781//1781 1780//1780
f 1749//1749 1750//1750 1782//1782
f 1749//1749 1782//1782 1781//1781
f 1750//1750 1751//1751 1783//1783
f 1750//1750 1783//1783 1782//1782
f 1751//1751 1752//1752 1784//1784
f 1751//1751 1784//1784 1783//1783
f 1752//1752 1753//1753 1785//1785
f 1752//1752 1785//1785 1784//1784
f 1753//1753 1754//1754 1786//1786
f 1753//1753 1786//1786 1785//1785
f 1754//1754 1755//1755 1787//1787
f 1754//1754 1787//1787 1786//1786
f 1755//1755 1756//1756 1788//1788
f 1755//1755 1788//1788 1787//1787
f 1756//1756 1757//1757 1789//1789
f 1756//1756 1789//1789 1788//1788
f 1757//1757 1758//1758 1790//1790
f 1757//1757 1790//1790 1789//1789
f 1758//1758 1759//1759 1791//1791
f 1758//1758 1791//1791 1790//1790
f 1759//1759 1760//1760 1792//1792
f 1759//1759 1792//1792 1791//1791
f 1760//1760 1729//1729 1761//1761
f 1760//1760 1761//1761 1792//1792
f 1761//1761 1762//1762 1794//1794
f 1761//1761 1794//1794 1793//1793
f 1762//1762 1763//1763 1795//1795
f 1762//1762 1795//1795 1794//1794
f 1763//1763 1764//1764 1796//1796
f 1763//1763 1796//1796 1795//1795
f 1764//1764 1765//1765 1797//1797
f 1764//1764 1797//1797 1796//1796
f 1765//1765 1766//1766 1798//1798
f 1765//1765 1798//1798 1797//1797
f 1766//1766 1767//1767 1799//1799
f 1766//1766 1799//1799 1798//1798
f 1767//1767 1768//1768 1800//1800
f 1767//1767 1800//1800 1799//1799
f 1768//1768 1769//1769 1801//1801
f 1768//1768 1801//1801 1800//1800
f 1769//1769 1770//1770 1802//1802
f 1769//1769 1802//1802 1801//1801
f 1770//1770 1771//1771 1803//1803
f 1770//1770 1803//1803 1802//1802
f 1771//1771 1772//1772 1804//1804
f 1771//1771 1804//1804 1803//1803
f 1772//1772 1773//1773 1805//1805
f 1772//1772 1805//1805 1804//1804
f 1773//1773 1774//1774 1806//1806
f 1773//1773 1806//1806 1805//1805
f 1774//1774 1775//1775 1807//1807
f 1774//1774 1807//1807 1806//1806
f 1775//1775 1776//1776 1808//1808
f 1775//1775 1808//1808 1807//1807
f 1776//1776 1777//1777 1809//1809
f 1776//1776 1809//1809 1808//1808
f 1777//1777 1778//1778 1810//1810
f 1777//1777 1810//1810 1809//1809
f 1778//1778 1779//1779 1811//1811
f 1778//1778 1811//1811 1810//1810
f 1779//1779 1780//1780 1812//1812
f 1779//1779 1812//1812 1811//1811
f 1780//1780 1781//1781 1813//1813
f 1780//1780 1813//1813 1812//1812
f 1781//1781 1782//1782 1814//1814
f 1781//1781 1814//1814 1813//1813
f 1782//1782 1783//1783 1815//1815
f 1782//1782 1815//1815 1814//1814
f 1783//1783 1784//1784 1816//1816
f 1783//1783 1816//1816 1815//1815
f 1784//1784 1785//1785 1817//1817
f 1784//1784 1817//1817 1816//1816
f 1785//1785 1786//1786 1818//1818
f 1785//1785 1818//1818 1817//1817
f 1786//1786 1787//1787 1819//1819
f 1786//1786 1819//1819 1818//1818
f 1787//1787 1788//1788 1820//1820
f 1787//1787 1820//1820 1819//1819
f 1788//1788 1789//1789 1821//1821
f 1788//1788 1821//1821 1820//1820
f 1789//1789 1790//1790 1822//1822
f 1789//1789 1822//1822 1821//1821
f 1790//1790 1791//1791 1823//1823
f 1790//1790 1823//1823 1822//1822
f 1791//1791 1792//1792 1824//1824
f 1791//1791 1824//1824 1823//1823
f 1792//1792 1761//1761 1793//1793
f 1792//1792 1793//1793 1824//1824
f 1793//1793 1794//1794 1826//1826
f 1793//1793 1826//1826 1825//1825
f 1794//1794 1795//1795 1827//1827
f 1794//1794 1827//1827 1826//1826
f 1795//1795 1796//1796 1828//1828
f 1795//1795 1828//1828 1827//1827
f 1796//1796 1797//1797 1829//1829
f 1796//1796 1829//1829 1828//1828
f 1797//1797 1798//1798 1830//1830
f 1797//1797 1830//1830 1829//1829
f 1798//1798 1799//1799 1831//1831
f 1798//1798 1831//1831 1830//1830
f 1799//1799 1800//1800 1832//1832
f 1799//1799 1832//1832 1831//1831
f 1800//1800 1801//1801 1833//1833
f 1800//1800 1833//1833 1832//1832
f 1801//1801 1802//1802 1834//1834
f 1801//1801 1834//1834 1833//1833
f 1802//1802 1803//1803 1835//1835
f 1802//1802 1835//1835 1834//1834
f 1803//1803 1804//1804 1836//1836
f 1803//1803 1836//1836 1835//1835
f 1804//1804 1805//1805 1837//1837
f 1804//1804 1837//1837 1836//1836
f 1805//1805 1806//1806 1838//1838
f 1805//1805 1838//1838 1837//1837
f 1806//1806 1807//1807 1839//1839
f 1806//1806 1839//1839 1838//1838
f 1807//1807 1808//1808 1840//1840
f 1807//1807 1840//1840 1839//1839
f 1808//1808 1809//1809 1841//1841
f 1808//1808 1841//1841 1840//1840
f 1809//1809 1810//1810 1842//1842
f 1809//1809 1842//1842 1841//1841
f 1810//1810 1811//1811 1843//1843
f 1810//1810 1843//1843 1842//1842
f 1811//1811 1812//1812 1844//1844
f 1811//1811 1844//1844 1843//1843
f 1812//1812 1813//1813 1845//1845
f 1812//1812 1845//1845 1844//1844
f 1813//1813 1814//1814 1846//1846
f 1813//1813 1846//1846 1845//1845
f 1814//1814 1815//1815 1847//1847
f 1814//1814 1847//1847 1846//1846
f 1815//1815 1816//1816 1848//1848
f 1815//1815 1848//1848 1847//1847
f 1816//1816 1817//1817 1849//1849
f 1816//1816 1849//1849 1848//1848
f 1817//1817 1818//1818 1850//1850
f 1817//1817 1850//1850 1849//1849
f 1818//1818 1819//1819 1851//1851
f 1818//1818 1851//1851 1850//1850
f 1819//1819 1820//1820 1852//1852
f 1819//1819 1852//1852 1851//1851
f 1820//1820 1821//1821 1853//1853
f 1820//1820 1853//1853 1852//1852
f 1821//1821 1822//1822 1854//1854
f 1821//1821 1854//1854 1853//1853
f 1822//1822 1823//1823 1855//1855
f 1822//1822 1855//1855 1854//1854
f 1823//1823 1824//1824 1856//1856
f 1823//1823 1856//1856 1855//1855
f 1824//1824 1793//1793 1825//1825
f 1824//1824 1825//1825 1856//1856
f 1825//1825 1826//1826 1858//1858
f 1825//1825 1858//1858 1857//1857
f 1826//1826 1827//1827 1859//1859
f 1826//1826 1859//1859 1858//1858
f 1827//1827 1828//1828 1860//1860
f 1827//1827 1860//1860 1859//1859
f 1828//1828 1829//1829 1861//1861
f 1828//1828 1861//1861 1860//1860
f 1829//1829 1830//1830 1862//1862
f 1829//1829 1862//1862 1861//1861
f 1830//1830 1831//1831 1863//1863
f 1830//1830 1863//1863 1862//1862
f 1831//1831 1832//1832 1864//1864
f 1831//1831 1864//1864 1863//1863
f 1832//1832 1833//1833 1865//1865
f 1832//1832 1865//1865 1864//1864
f 1833//1833 1834//1834 1866//1866
f 1833//1833 1866//1866 1865//1865
f 1834//1834 1835//1835 1867//1867
f 1834//1834 1867//1867 1866//1866
f 1835//1835 1836//1836 1868//1868
f 1835//1835 1868//1868 1867//1867
f 1836//1836 1837//1837 1869//1869
f 1836//1836 1869//1869 1868//1868
f 1837//1837 1838//1838 1870//1870
f 1837//1837 1870//1870 1869//1869
f 1838//1838 1839//1839 1871//1871
f 1838//1838 1871//1871 1870//1870
f 1839//1839 1840//1840 1872//1872
f 1839//1839 1872//1872 1871//1871
f 1840//1840 1841//1841 1873//1873
f 1840//1840 1873//1873 1872//1872
f 1841//1841 1842//1842 1874//1874
f 1841//1841 1874//1874 1873//1873
f 1842//1842 1843//1843 1875//1875
f 1842//1842 1875//1875 1874//1874
f 1843//1843 1844//1844 1876//1876
f 1843//1843 1876//1876 1875//1875
f 1844//1844 1845//1845 1877//1877
f 1844//1844 1877//1877 1876//1876
f 1845//1845 1846//1846 1878//1878
f 1845//1845 1878//1878 1877//1877
f 1846//1846 1847//1847 1879//1879
f 1846//1846 1879//1879 1878//1878
f 1847//1847 1848//1848 1880//1880
f 1847//1847 1880//1880 1879//1879
f 1848//1848 1849//1849 1881//1881
f 1848//1848 1881//1881 1880//1880
f 1849//1849 1850//1850 1882//1882
f 1849//1849 1882//1882 1881//1881
f 1850//1850 1851//1851 1883//1883
f 1850//1850 1883//1883 1882//1882
f 1851//1851 1852//1852 1884//1884
f 1851//1851 1884//1884 1883//1883
f 1852//1852 1853//1853 1885//1885
f 1852//1852 1885//1885 1884//1884
f 1853//1853 1854//1854 1886//1886
f 1853//1853 1886//1886 1885//1885
f 1854//1854 1855//1855 1887//1887
f 1854//1854 1887//1887 1886//1886
f 1855//1855 1856//1856 1888//1888
f 1855//1855 1888//1888 1887//1887
f 1856//1856 1825//1825 1857//1857
f 1856//1856 1857//1857 1888//1888
f 1857//1857 1858//1858 1890//1890
f 1857//1857 1890//1890 1889//1889
f 1858//1858 1859//1859 1891//1891
f 1858//1858 1891//1891 1890//1890
f 1859//1859 1860//1860 1892//1892
f 1859//1859 1892//1892 1891//1891
f 1860//1860 1861//1861 1893//1893
f 1860//1860 1893//1893 1892//1892
f 1861//1861 1862//1862 1894//1894
f 1861//1861 1894//1894 1893//1893
f 1862//1862 1863//1863 1895//1895
f 1862//1862 1895//1895 1894//1894
f 1863//1863 1864//1864 1896//1896
f 1863//1863 1896//1896 1895//1895
f 1864//1864 1865//1865 1897//1897
f 1864//1864 1897//1897 1896//1896
f 1865//1865 1866//1866 1898//1898
f 1865//1865 1898//1898 1897//1897
f 1866//1866 1867//1867 1899//1899
f 1866//1866 1899//1899 1898//1898
f 1867//1867 1868//1868 1900//1900
f 1867//1867 1900//1900 1899//1899
f 1868//1868 1869//1869 1901//1901
f 1868//1868 1901//1901 1900//1900
f 1869//1869 1870//1870 1902//1902
f 1869//1869 1902//1902 1901//1901
f 1870//1870 1871//1871 1903//1903
f 1870//1870 1903//1903 1902//1902
f 1871//1871 1872//1872 1904//1904
f 1871//1871 1904//1904 1903//1903
f 1872//1872 1873//1873 1905//1905
f 1872//1872 1905//1905 1904//1904
f 1873//1873 1874//1874 1906//1906
f 1873//1873 1906//1906 1905//1905
f 1874//1874 1875//1875 1907//1907
f 1874//1874 1907//1907 1906//1906
f 1875//1875 1876//1876 1908//1908
f 1875//1875 1908//1908 1907//1907
f 1876//1876 1877//1877 1909//1909
f 1876//1876 1909//1909 1908//1908
f 1877//1877 1878//1878 1910//1910
f 1877//1877 1910//1910 1909//1909
f 1878//1878 1879//1879 1911//1911
f 1878//1878 1911//1911 1910//1910
f 1879//1879 1880//1880 1912//1912
f 1879//1879 1912//1912 1911//1911
f 1880//1880 1881//1881 1913//1913
f 1880//1880 1913//1913 1912//1912
f 1881//1881 1882//1882 1914//1914
f 1881//1881 1914//1914 1913//1913
f 1882//1882 1883//1883 1915//1915
f 1882//1882 1915//1915 1914//1914
f 1883//1883 1884//1884 1916//1916
f 1883//1883 1916//1916 1915//1915
f 1884//1884 1885//1885 1917//1917
f 1884//1884 1917//1917 1916//1916
f 1885//1885 1886//1886 1918//1918
f 1885//1885 1918//1918 1917//1917
f 1886//1886 1887//1887 1919//1919
f 1886//1886 1919//1919 1918//1918
f 1887//1887 1888//1888 1920//1920
f 1887//1887 1920//1920 1919//1919
f 1888//1888 1857//1857 1889//1889
f 1888//1888 1889//1889 1920//1920
f 1889//1889 1890//1890 1922//1922
f 1889//1889 1922//1922 1921//1921
f 1890//1890 1891//1891 1923//1923
f 1890//1890 1923//1923 1922//1922
f 1891//1891 1892//1892 1924//1924
f 1891//1891 1924//1924 1923//1923
f 1892//1892 1893//1893 1925//1925
f 1892//1892 1925//1925 1924//1924
f 1893//1893 1894//1894 1926//1926
f 1893//1893 1926//1926 1925//1925
f 1894//1894 1895//1895 1927//1927
f 1894//1894 1927//1927 1926//1926
f 1895//1895 1896//1896 1928//1928
f 1895//1895 1928//1928 1927//1927
f 1896//1896 1897//1897 1929//1929
f 1896//1896 1929//1929 1928//1928
f 1897//1897 1898//1898 1930//1930
f 1897//1897 1930//1930 1929//1929
f 1898//1898 1899//1899 1931//1931
f 1898//1898 1931//1931 1930//1930
f 1899//1899 1900//1900 1932//1932
f 1899//1899 1932//1932 1931//1931
f 1900//1900 1901//1901 1933//1933
f 1900//1900 1933//1933 1932//1932
f 1901//1901 1902//1902 1934//1934
f 1901//1901 1934//1934 1933//1933
f 1902//1902 1903//1903 1935//1935
f 1902//1902 1935//1935 1934//1934
f 1903//1903 1904//1904 1936//1936
f 1903//1903 1936//1936 1935//1935
f 1904//1904 1905//1905 1937//1937
f 1904//1904 1937//1937 1936//1936
f 1905//1905 1906//1906 1938//1938
f 1905//1905 1938//1938 1937//1937
f 1906//1906 1907//1907 1939//1939
f 1906//1906 1939//1939 1938//1938
f 1907//1907 1908//1908 1940//1940
f 1907//1907 1940//1940 1939//1939
f 1908//1908 1909//1909 1941//1941
f 1908//1908 1941//1941 1940//1940
f 1909//1909 1910//1910 1942//1942
f 1909//1909 1942//1942 1941//1941
f 1910//1910 1911//1911 1943//1943
f 1910//1910 1943//1943 1942//1942
f 1911//1911 1912//1912 1944//1944
f 1911//1911 1944//1944 1943//1943
f 1912//1912 1913//1913 1945//1945
f 1912//1912 1945//1945 1944//1944
f 1913//1913 1914//1914 1946//1946
f 1913//1913 1946//1946 1945//1945
f 1914//1914 1915//1915 1947//1947
f 1914//1914 1947//1947 1946//1946
f 1915//1915 1916//1916 1948//1948
f 1915//1915 1948//1948 1947//1947
f 1916//1916 1917//1917 1949//1949
f 1916//1916 1949//1949 1948//1948
f 1917//1917 1918//1918 1950//1950
f 1917//1917 1950//1950 1949//1949
f 1918//1918 1919//1919 1951//1951
f 1918//1918 1951//1951 1950//1950
f 1919//1919 1920//1920 1952//1952
f 1919//1919 1952//1952 1951//1951
f 1920//1920 1889//1889 1921//1921
f 1920//1920 1921//1921 1952//1952
f 1921//1921 1922//1922 1954//1954
f 1921//1921 1954//1954 1953//1953
f 1922//1922 1923//1923 1955//1955
f 1922//1922 1955//1955 1954//1954
f 1923//1923 1924//1924 1956//1956
f 1923//1923 1956//1956 1955//1955
f 1924//1924 1925//1925 1957//1957
f 1924//1924 1957//1957 1956//1956
f 1925//1925 1926//1926 1958//1958
f 1925//1925 1958//1958 1957//1957
f 1926//1926 1927//1927 1959//1959
f 1926//1926 1959//1959 1958//1958
f 1927//1927 1928//1928 1960//1960
f 1927//1927 1960//1960 1959//1959
f 1928//1928 1929//1929 1961//1961
f 1928//1928 1961//1961 1960//1960
f 1929//1929 1930//1930 1962//1962
f 1929//1929 1962//1962 1961//1961
f 1930//1930 1931//1931 1963//1963
f 1930//1930 1963//1963 1962//1962
f 1931//1931 1932//1932 1964//1964
f 1931//1931 1964//1964 1963//1963
f 1932//1932 1933//1933 1965//1965
f 1932//1932 1965//1965 1964//1964
f 1933//1933 1934//1934 1966//1966
f 1933//1933 1966//1966 1965//1965
f 1934//1934 1935//1935 1967//1967
f 1934//1934 1967//1967 1966//1966
f 1935//1935 1936//1936 1968//1968
f 1935//1935 1968//1968 1967//1967
f 1936//1936 1937//1937 1969//1969
f 1936//1936 1969//1969 1968//1968
f 1937//1937 1938//1938 1970//1970
f 1937//1937 1970//1970 1969//1969
f 1938//1938 1939//1939 1971//1971
f 1938//1938 1971//1971 1970//1970
f 1939//1939 1940//1940 1972//1972
f 1939//1939 1972//1972 1971//1971
f 1940//1940 1941//1941 1973//1973
f 1940//1940 1973//1973 1972//1972
f 1941//1941 1942//1942 1974//1974
f 1941//1941 1974//1974 1973//1973
f 1942//1942 1943//1943 1975//1975
f 1942//1942 1975//1975 1974//1974
f 1943//1943 1944//1944 1976//1976
f 1943//1943 1976//1976 1975//1975
f 1944//1944 1945//1945 1977//1977
f 1944//1944 1977//1977 1976//1976
f 1945//1945 1946//1946 1978//1978
f 1945//1945 1978//1978 1977//1977
f 1946//1946 1947//1947 1979//1979
f 1946//1946 1979//1979 1978//1978
f 1947//1947 1948//1948 1980//1980
f 1947//1947 1980//1980 1979//1979
f 1948//1948 1949//1949 1981//1981
f 1948//1948 1981//1981 1980//1980
f 1949//1949 1950//1950 1982//1982
f 1949//1949 1982//1982 1981//1981
f 1950//1950 1951//1951 1983//1983
f 1950//1950 1983//1983 1982//1982
f 1951//1951 1952//1952 1984//1984
f 1951//1951 1984//1984 1983//1983
f 1952//1952 1921//1921 1953//1953
f 1952//1952 1953//1953 1984//1984
f 1953//1953 1954//1954 1986//1986
f 1953//1953 1986//1986 1985//1985
f 1954//1954 1955//1955 1987//1987
f 1954//1954 1987//1987 1986//1986
f 1955//1955 1956//1956 1988//1988
f 1955//1955 1988//1988 1987//1987
f 1956//1956 1957//1957 1989//1989
f 1956//1956 1989//1989 1988//1988
f 1957//1957 1958//1958 1990//1990
f 1957//1957 1990//1990 1989//1989
f 1958//1958 1959//1959 1991//1991
f 1958//1958 1991//1991 1990//1990
f 1959//1959 1960//1960 1992//1992
f 1959//1959 1992//1992 1991//1991
f 1960//1960 1961//1961 1993//1993
f 1960//1960 1993//1993 1992//1992
f 1961//1961 1962//1962 1994//1994
f 1961//1961 1994//1994 1993//1993
f 1962//1962 1963//1963 1995//1995
f 1962//1962 1995//1995 1994//1994
f 1963//1963 1964//1964 1996//1996
f 1963//1963 1996//1996 1995//1995
f 1964//1964 1965//1965 1997//1997
f 1964//1964 1997//1997 1996//1996
f 1965//1965 1966//1966 1998//1998
f 1965//1965 1998//1998 1997//1997
f 1966//1966 1967//1967 1999//1999
f 1966//1966 1999//1999 1998//1998
f 1967//1967 1968//1968 2000//2000
f 1967//1967 2000//2000 1999//1999
f 1968//1968 1969//1969 2001//2001
f 1968//1968 2001//2001 2000//2000
f 1969//1969 1970//1970 2002//2002
f 1969//1969 2002//2002 2001//2001
f 1970//1970 1971//1971 2003//2003
f 1970//1970 2003//2003 2002//2002
f 1971//1971 1972//1972 2004//2004
f 1971//1971 2004//2004 2003//2003
f 1972//1972 1973//1973 2005//2005
f 1972//1972 2005//2005 2004//2004
f 1973//1973 1974//1974 2006//2006
f 1973//1973 2006//2006 2005//2005
f 1974//1974 1975//1975 2007//2007
f 1974//1974 2007//2007 2006//2006
f 1975//1975 1976//1976 2008//2008
f 1975//1975 2008//2008 2007//2007
f 1976//1976 1977//1977 2009//2009
f 1976//1976 2009//2009 2008//2008
f 1977//1977 1978//1978 2010//2010
f 1977//1977 2010//2010 2009//2009
f 1978//1978 1979//1979 2011//2011
f 1978//1978 2011//2011 2010//2010
f 1979//1979 1980//1980 2012//2012
f 1979//1979 2012//2012 2011//2011
f 1980//1980 1981//1981 2013//2013
f 1980//1980 2013//2013 2012//2012
f 1981//1981 1982//1982 2014//2014
f 1981//1981 2014//2014 2013//2013
f 1982//1982 1983//1983 2015//2015
f 1982//1982 2015//2015 2014//2014
f 1983//1983 1984//1984 2016//2016
f 1983//1983 2016//2016 2015//2015
f 1984//1984 1953//1953 1985//1985
f 1984//1984 1985//1985 2016//2016
f 1985//1985 1986//1986 2018//2018
f 1985//1985 2018//2018 2017//2017
f 1986//1986 1987//1987 2019//2019
f 1986//1986 2019//2019 2018//2018
f 1987//1987 1988//1988 2020//2020
f 1987//1987 2020//2020 2019//2019
f 1988//1988 1989//1989 2021//2021
f 1988//1988 2021//2021 2020//2020
f 1989//1989 1990//1990 2022//2022
f 1989//1989 2022//2022 2021//2021
f 1990//1990 1991//1991 2023//2023
f 1990//1990 2023//2023 2022//2022
f 1991//1991 1992//1992 2024//2024
f 1991//1991 2024//2024 2023//2023
f 1992//1992 1993//1993 2025//2025
f 1992//1992 2025//2025 2024//2024
f 1993//1993 1994//1994 2026//2026
f 1993//1993 2026//2026 2025//2025
f 1994//1994 1995//1995 2027//2027
f 1994//1994 2027//2027 2026//2026
f 1995//1995 1996//1996 2028//2028
f 1995//1995 2028//2028 2027//2027
f 1996//1996 1997//1997 2029//2029
f 1996//1996 2029//2029 2028//2028
f 1997//1997 1998//1998 2030//2030
f 1997//1997 2030//2030 2029//2029
f 1998//1998 1999//1999 2031//2031
f 1998//1998 2031//2031 2030//2030
f 1999//1999 2000//2000 2032//2032
f 1999//1999 2032//2032 2031//2031
f 2000//2000 2001//2001 2033//2033
f 2000//2000 2033//2033 2032//2032
f 2001//2001 2002//2002 2034//2034
f 2001//2001 2034//2034 2033//2033
f 2002//2002 2003//2003 2035//2035
f 2002//2002 2035//2035 2034//2034
f 2003//2003 2004//2004 2036//2036
f 2003//2003 2036//2036 2035//2035
f 2004//2004 2005//2005 2037//2037
f 2004//2004 2037//2037 2036//2036
f 2005//2005 2006//2006 2038//2038
f 2005//2005 2038//2038 2037//2037
f 2006//2006 2007//2007 2039//2039
f 2006//2006 2039//2039 2038//2038
f 2007//2007 2008//2008 2040//2040
f 2007//2007 2040//2040 2039//2039
f 2008//2008 2009//2009 2041//2041
f 2008//2008 2041//2041 2040//2040
f 2009//2009 2010//2010 2042//2042
f 2009//2009 2042//2042 2041//2041
f 2010//2010 2011//2011 2043//2043
f 2010//2010 2043//2043 2042//2042
f 2011//2011 2012//2012 2044//2044
f 2011//2011 2044//2044 2043//2043
f 2012//2012 2013//2013 2045//2045
f 2012//2012 2045//2045 2044//2044
f 2013//2013 2014//2014 2046//2046
f 2013//2013 2046//2046 2045//2045
f 2014//2014 2015//2015 2047//2047
f 2014//2014 2047//2047 2046//2046
f 2015//2015 2016//2016 2048//2048
f 2015//2015 2048//2048 2047//2047
f 2016//2016 1985//1985 2017//2017
f 2016//2016 2017//2017 2048//2048
